-- ============================================================
-- Importacao vendas_aparelhos2.csv
-- Gerado em: 2026-06-26 23:46:38
-- numero_venda inicia em: 11496
-- ============================================================

BEGIN;

DO $$
DECLARE v_cliente_id UUID;
BEGIN
    SELECT id INTO v_cliente_id FROM clientes WHERE nome = 'Cliente Balcao' LIMIT 1;
    IF v_cliente_id IS NULL THEN
        INSERT INTO clientes (id, nome, id_loja, criado_em, atualizado_em)
        VALUES (gen_random_uuid(), 'Cliente Balcao', 1, NOW(), NOW())
        RETURNING id INTO v_cliente_id;
    END IF;
    PERFORM set_config('importacao.cliente_id', v_cliente_id::text, true);
END;
$$;

-- PULADO (IMEI ja existe): linha 2 - IPHONE 17 PRO 256GB SILVER NOVO [357679992297861]
-- PULADO (IMEI ja existe): linha 3 - IPHONE 15 128GB AZUL SEMINOVO [351698471567244]
-- PULADO (IMEI ja existe): linha 4 - IPHONE 15 PRO MAX 256GB PRETO SEMINOVO [351465644827966]
-- PULADO (IMEI ja existe): linha 5 - IPHONE 16 PRO MAX 256GB DESERT NOVO [357590879692399]
-- PULADO (IMEI ja existe): linha 6 - IPHONE 14 128GB BRANCO SEMINOVO [353687476380990]
-- PULADO (IMEI ja existe): linha 7 - IPHONE 15 128GB ROSA SEMINOVO [353850628182660]
-- PULADO (IMEI ja existe): linha 8 - IPHONE 17 256GB BRANCO NOVO [359973613643894]
-- PULADO (IMEI ja existe): linha 9 - IPHONE 17 256GB PRETO NOVO [351205581240124]
-- PULADO (IMEI ja existe): linha 10 - POCO X8 PRO MAX 512GB BRANCO NOVO [860534086640486]
-- PULADO (IMEI ja existe): linha 11 - IPHONE 17 PRO MAX 256GB SILVER NOVO [351205745375915]
-- PULADO (IMEI ja existe): linha 12 - POCO X8 PRO 512GB PRETO NOVO [V865532083172607]
-- PULADO (IMEI ja existe): linha 13 - IPHONE 17 PRO MAX 256GB AZUL NOVO [359652120809905]
-- === Linha 14: IPHONE 13 PRO 256GB GOLD SEMINOVO (04/06/2026) ===
INSERT INTO aparelhos (id, marca, modelo, imei, valor_venda, valor_compra, loja_id, estado, condicao, status, data_venda, data_entrada, criado_por, criado_em, atualizado_em, observacoes) VALUES ('7477ab63-d9e2-4d46-b6ad-7bac12142ed5', 'Apple', 'IPHONE 13 PRO 256GB GOLD SEMINOVO', '356133317489721', 2806.0, 2300.0, 1, 'seminovo', 'bom', 'vendido', '2026-06-04T14:00:00+00', '2026-06-04T14:00:00+00', '85e3aa42-b9af-49b8-a72a-64e9c337aa53', '2026-06-04T14:00:00+00', '2026-06-04T14:00:00+00', NULL);
INSERT INTO vendas (id, numero_venda, cliente_id, loja_id, vendedor_id, status, tipo, valor_total, valor_pago, saldo_devedor, criado_em, finalizado_em, finalizado_por) VALUES ('02bb81f1-182d-448e-9281-0ec4c682ce7c', 11497, current_setting('importacao.cliente_id')::uuid, 1, '85e3aa42-b9af-49b8-a72a-64e9c337aa53', 'concluida', 'normal', 2806.0, 2806.0, 0.0, '2026-06-04T14:00:00+00', '2026-06-04T14:00:00+00', '85e3aa42-b9af-49b8-a72a-64e9c337aa53');
UPDATE aparelhos SET venda_id = '02bb81f1-182d-448e-9281-0ec4c682ce7c' WHERE id = '7477ab63-d9e2-4d46-b6ad-7bac12142ed5';
INSERT INTO pagamentos_venda (id, venda_id, tipo_pagamento, valor, data_pagamento, criado_por, parcelas, criado_em) VALUES ('dfec1f55-dddc-4dcd-942f-54265eb535f3', '02bb81f1-182d-448e-9281-0ec4c682ce7c', 'pix', 2806.0, '2026-06-04', '85e3aa42-b9af-49b8-a72a-64e9c337aa53', 1, '2026-06-04T14:00:00+00');
INSERT INTO brindes_aparelhos (id, loja_id, venda_id, descricao, valor_custo, data_ocorrencia, criado_por, criado_em) VALUES ('5f272210-f458-45f5-96f3-c237b6175674', 1, '02bb81f1-182d-448e-9281-0ec4c682ce7c', 'Brinde', 25.0, '2026-06-04', '85e3aa42-b9af-49b8-a72a-64e9c337aa53', '2026-06-04T14:00:00+00');

-- === Linha 15: APPLE WATCH SERIES 8 STARLHIG SEMINOVO (04/06/2026) ===
INSERT INTO aparelhos (id, marca, modelo, imei, valor_venda, valor_compra, loja_id, estado, condicao, status, data_venda, data_entrada, criado_por, criado_em, atualizado_em, observacoes) VALUES ('2ebbc1bb-4a56-441b-b941-eef4cd2f78b0', 'Apple', 'APPLE WATCH SERIES 8 STARLHIG SEMINOVO', 'LVVK104JHQ', 1100.0, 750.0, 1, 'seminovo', 'bom', 'vendido', '2026-06-04T14:00:00+00', '2026-06-04T14:00:00+00', '85e3aa42-b9af-49b8-a72a-64e9c337aa53', '2026-06-04T14:00:00+00', '2026-06-04T14:00:00+00', NULL);
INSERT INTO vendas (id, numero_venda, cliente_id, loja_id, vendedor_id, status, tipo, valor_total, valor_pago, saldo_devedor, criado_em, finalizado_em, finalizado_por) VALUES ('b8141e21-532c-4b2f-8dbc-de92f33c8612', 11498, current_setting('importacao.cliente_id')::uuid, 1, '85e3aa42-b9af-49b8-a72a-64e9c337aa53', 'concluida', 'normal', 1100.0, 1100.0, 0.0, '2026-06-04T14:00:00+00', '2026-06-04T14:00:00+00', '85e3aa42-b9af-49b8-a72a-64e9c337aa53');
UPDATE aparelhos SET venda_id = 'b8141e21-532c-4b2f-8dbc-de92f33c8612' WHERE id = '2ebbc1bb-4a56-441b-b941-eef4cd2f78b0';
INSERT INTO pagamentos_venda (id, venda_id, tipo_pagamento, valor, data_pagamento, criado_por, parcelas, criado_em) VALUES ('90955415-2188-4bab-9824-3e1d013a36e3', 'b8141e21-532c-4b2f-8dbc-de92f33c8612', 'dinheiro', 1100.0, '2026-06-04', '85e3aa42-b9af-49b8-a72a-64e9c337aa53', 1, '2026-06-04T14:00:00+00');

-- === Linha 16: IPHONE 15 128GB PRETO NOVO (04/06/2026) ===
INSERT INTO aparelhos (id, marca, modelo, imei, valor_venda, valor_compra, loja_id, estado, condicao, status, data_venda, data_entrada, criado_por, criado_em, atualizado_em, observacoes) VALUES ('b2458c18-0a79-43a9-bdd5-fccf7d3c13b3', 'Apple', 'IPHONE 15 128GB PRETO NOVO', '355225777788922', 3836.0, 3600.0, 1, 'novo', 'perfeito', 'vendido', '2026-06-04T14:00:00+00', '2026-06-04T14:00:00+00', '85e3aa42-b9af-49b8-a72a-64e9c337aa53', '2026-06-04T14:00:00+00', '2026-06-04T14:00:00+00', 'pgto forcado pix (diff nao extraida)');
INSERT INTO vendas (id, numero_venda, cliente_id, loja_id, vendedor_id, status, tipo, valor_total, valor_pago, saldo_devedor, criado_em, finalizado_em, finalizado_por) VALUES ('e7d6601a-5c0b-4a62-8ef1-94333c6a49a4', 11499, current_setting('importacao.cliente_id')::uuid, 1, '85e3aa42-b9af-49b8-a72a-64e9c337aa53', 'concluida', 'normal', 3836.0, 3836.0, 0.0, '2026-06-04T14:00:00+00', '2026-06-04T14:00:00+00', '85e3aa42-b9af-49b8-a72a-64e9c337aa53');
UPDATE aparelhos SET venda_id = 'e7d6601a-5c0b-4a62-8ef1-94333c6a49a4' WHERE id = 'b2458c18-0a79-43a9-bdd5-fccf7d3c13b3';
INSERT INTO pagamentos_venda (id, venda_id, tipo_pagamento, valor, data_pagamento, criado_por, parcelas, criado_em) VALUES ('6583375c-6b9e-4307-9a46-136a05d357b9', 'e7d6601a-5c0b-4a62-8ef1-94333c6a49a4', 'pix', 3836.0, '2026-06-04', '85e3aa42-b9af-49b8-a72a-64e9c337aa53', 1, '2026-06-04T14:00:00+00');

-- === Linha 17: IPHONE 16 PRO 128GB PRETO SEMINOVO (04/06/2026) ===
INSERT INTO aparelhos (id, marca, modelo, imei, valor_venda, valor_compra, loja_id, estado, condicao, status, data_venda, data_entrada, criado_por, criado_em, atualizado_em, observacoes) VALUES ('767196f4-9fe2-4287-b763-83ae699ef86e', 'Apple', 'IPHONE 16 PRO 128GB PRETO SEMINOVO', NULL, 5000.0, 4500.0, 1, 'seminovo', 'bom', 'vendido', '2026-06-04T14:00:00+00', '2026-06-04T14:00:00+00', '85e3aa42-b9af-49b8-a72a-64e9c337aa53', '2026-06-04T14:00:00+00', '2026-06-04T14:00:00+00', 'Sem IMEI');
INSERT INTO vendas (id, numero_venda, cliente_id, loja_id, vendedor_id, status, tipo, valor_total, valor_pago, saldo_devedor, criado_em, finalizado_em, finalizado_por) VALUES ('e23775a4-af42-4068-abce-239bcb3c0b87', 11500, current_setting('importacao.cliente_id')::uuid, 1, '85e3aa42-b9af-49b8-a72a-64e9c337aa53', 'concluida', 'normal', 5000.0, 5000.0, 0.0, '2026-06-04T14:00:00+00', '2026-06-04T14:00:00+00', '85e3aa42-b9af-49b8-a72a-64e9c337aa53');
UPDATE aparelhos SET venda_id = 'e23775a4-af42-4068-abce-239bcb3c0b87' WHERE id = '767196f4-9fe2-4287-b763-83ae699ef86e';
INSERT INTO pagamentos_venda (id, venda_id, tipo_pagamento, valor, data_pagamento, criado_por, parcelas, criado_em) VALUES ('7c76f87d-c71f-4285-bf96-b06e8c3dffa8', 'e23775a4-af42-4068-abce-239bcb3c0b87', 'pix', 1550.0, '2026-06-04', '85e3aa42-b9af-49b8-a72a-64e9c337aa53', 1, '2026-06-04T14:00:00+00');
INSERT INTO pagamentos_venda (id, venda_id, tipo_pagamento, valor, data_pagamento, criado_por, observacao, parcelas, criado_em) VALUES ('d0ab247f-c746-43bf-9a12-5d4bb80a8be0', 'e23775a4-af42-4068-abce-239bcb3c0b87', 'troca_aparelho', 3450.0, '2026-06-04', '85e3aa42-b9af-49b8-a72a-64e9c337aa53', 'Troca: IPH 16 AZUL 128GB', 1, '2026-06-04T14:00:00+00');
INSERT INTO brindes_aparelhos (id, loja_id, venda_id, descricao, valor_custo, data_ocorrencia, criado_por, criado_em) VALUES ('0b50c86d-2b19-40aa-9dc9-7f52e36c6bec', 1, 'e23775a4-af42-4068-abce-239bcb3c0b87', 'Brinde', 25.0, '2026-06-04', '85e3aa42-b9af-49b8-a72a-64e9c337aa53', '2026-06-04T14:00:00+00');

-- === Linha 18: IPHONE 12 PRO MAX 128GB AZUL SEMINOVO (04/06/2026) ===
INSERT INTO aparelhos (id, marca, modelo, imei, valor_venda, valor_compra, loja_id, estado, condicao, status, data_venda, data_entrada, criado_por, criado_em, atualizado_em, observacoes) VALUES ('99a343b1-2552-41b3-9288-e369af01d163', 'Apple', 'IPHONE 12 PRO MAX 128GB AZUL SEMINOVO', '357014741019624', 2300.0, 2000.0, 20, 'seminovo', 'bom', 'vendido', '2026-06-04T14:00:00+00', '2026-06-04T14:00:00+00', '25e2da5b-9e76-4388-9890-7e22efd6940d', '2026-06-04T14:00:00+00', '2026-06-04T14:00:00+00', 'pgto forcado pix (diff nao extraida)');
INSERT INTO vendas (id, numero_venda, cliente_id, loja_id, vendedor_id, status, tipo, valor_total, valor_pago, saldo_devedor, criado_em, finalizado_em, finalizado_por) VALUES ('d1dbcdf4-a9fa-4d33-b368-59a92d9cb1b2', 11501, current_setting('importacao.cliente_id')::uuid, 20, '25e2da5b-9e76-4388-9890-7e22efd6940d', 'concluida', 'normal', 2300.0, 2300.0, 0.0, '2026-06-04T14:00:00+00', '2026-06-04T14:00:00+00', '25e2da5b-9e76-4388-9890-7e22efd6940d');
UPDATE aparelhos SET venda_id = 'd1dbcdf4-a9fa-4d33-b368-59a92d9cb1b2' WHERE id = '99a343b1-2552-41b3-9288-e369af01d163';
INSERT INTO pagamentos_venda (id, venda_id, tipo_pagamento, valor, data_pagamento, criado_por, parcelas, criado_em) VALUES ('4aa4decd-8cd1-44eb-a9d7-44e67fe9fce3', 'd1dbcdf4-a9fa-4d33-b368-59a92d9cb1b2', 'pix', 2300.0, '2026-06-04', '25e2da5b-9e76-4388-9890-7e22efd6940d', 1, '2026-06-04T14:00:00+00');
INSERT INTO brindes_aparelhos (id, loja_id, venda_id, descricao, valor_custo, data_ocorrencia, criado_por, criado_em) VALUES ('c3dc54e4-6aa2-40ae-9d8d-4b00f931fc47', 20, 'd1dbcdf4-a9fa-4d33-b368-59a92d9cb1b2', 'Brinde', 25.0, '2026-06-04', '25e2da5b-9e76-4388-9890-7e22efd6940d', '2026-06-04T14:00:00+00');

-- === Linha 19: IPHONE 15 PRO MAX 256GB SEMINOVO (05/06/2026) ===
INSERT INTO aparelhos (id, marca, modelo, imei, valor_venda, valor_compra, loja_id, estado, condicao, status, data_venda, data_entrada, criado_por, criado_em, atualizado_em, observacoes) VALUES ('e82a824a-d27b-45bb-8bf1-1c211badf66c', 'Apple', 'IPHONE 15 PRO MAX 256GB SEMINOVO', '351503400050470', 3950.0, 3700.0, 4, 'seminovo', 'bom', 'vendido', '2026-06-05T14:00:00+00', '2026-06-05T14:00:00+00', 'a3626643-4749-4e56-83bc-b4a8ffd53659', '2026-06-05T14:00:00+00', '2026-06-05T14:00:00+00', NULL);
INSERT INTO vendas (id, numero_venda, cliente_id, loja_id, vendedor_id, status, tipo, valor_total, valor_pago, saldo_devedor, criado_em, finalizado_em, finalizado_por) VALUES ('41545752-6ab0-4101-bbc2-6588821be05d', 11502, current_setting('importacao.cliente_id')::uuid, 4, 'a3626643-4749-4e56-83bc-b4a8ffd53659', 'concluida', 'normal', 3950.0, 3950.0, 0.0, '2026-06-05T14:00:00+00', '2026-06-05T14:00:00+00', 'a3626643-4749-4e56-83bc-b4a8ffd53659');
UPDATE aparelhos SET venda_id = '41545752-6ab0-4101-bbc2-6588821be05d' WHERE id = 'e82a824a-d27b-45bb-8bf1-1c211badf66c';
INSERT INTO pagamentos_venda (id, venda_id, tipo_pagamento, valor, data_pagamento, criado_por, parcelas, criado_em) VALUES ('6e888f87-3450-4be8-8507-8f230eea4ce8', '41545752-6ab0-4101-bbc2-6588821be05d', 'pix', 3950.0, '2026-06-05', 'a3626643-4749-4e56-83bc-b4a8ffd53659', 1, '2026-06-05T14:00:00+00');
INSERT INTO brindes_aparelhos (id, loja_id, venda_id, descricao, valor_custo, data_ocorrencia, criado_por, criado_em) VALUES ('5bcd4fcc-140a-4cc4-abaf-1aff8e7b6132', 4, '41545752-6ab0-4101-bbc2-6588821be05d', 'Brinde', 25.0, '2026-06-05', 'a3626643-4749-4e56-83bc-b4a8ffd53659', '2026-06-05T14:00:00+00');

-- === Linha 20: MacBook Air m5 midnight 16/512 NOVO (05/06/2026) ===
INSERT INTO aparelhos (id, marca, modelo, imei, valor_venda, valor_compra, loja_id, estado, condicao, status, data_venda, data_entrada, criado_por, criado_em, atualizado_em, observacoes) VALUES ('6c9c69ba-be10-4c15-8beb-a6ebd19b1af4', 'Apple', 'MacBook Air m5 midnight 16/512 NOVO', '/DFD4FJ0J2Q', 6930.0, 6700.0, 4, 'novo', 'perfeito', 'vendido', '2026-06-05T14:00:00+00', '2026-06-05T14:00:00+00', 'a3626643-4749-4e56-83bc-b4a8ffd53659', '2026-06-05T14:00:00+00', '2026-06-05T14:00:00+00', NULL);
INSERT INTO vendas (id, numero_venda, cliente_id, loja_id, vendedor_id, status, tipo, valor_total, valor_pago, saldo_devedor, criado_em, finalizado_em, finalizado_por) VALUES ('d3303d12-9c54-4616-a174-f1309186561e', 11503, current_setting('importacao.cliente_id')::uuid, 4, 'a3626643-4749-4e56-83bc-b4a8ffd53659', 'concluida', 'normal', 6930.0, 6930.0, 0.0, '2026-06-05T14:00:00+00', '2026-06-05T14:00:00+00', 'a3626643-4749-4e56-83bc-b4a8ffd53659');
UPDATE aparelhos SET venda_id = 'd3303d12-9c54-4616-a174-f1309186561e' WHERE id = '6c9c69ba-be10-4c15-8beb-a6ebd19b1af4';
INSERT INTO pagamentos_venda (id, venda_id, tipo_pagamento, valor, data_pagamento, criado_por, parcelas, criado_em) VALUES ('52919617-6b59-41b2-b4cb-2b3303485425', 'd3303d12-9c54-4616-a174-f1309186561e', 'pix', 6930.0, '2026-06-05', 'a3626643-4749-4e56-83bc-b4a8ffd53659', 1, '2026-06-05T14:00:00+00');
INSERT INTO brindes_aparelhos (id, loja_id, venda_id, descricao, valor_custo, data_ocorrencia, criado_por, criado_em) VALUES ('a03840f6-38fb-405e-8637-d0256da69b92', 4, 'd3303d12-9c54-4616-a174-f1309186561e', 'Brinde', 60.0, '2026-06-05', 'a3626643-4749-4e56-83bc-b4a8ffd53659', '2026-06-05T14:00:00+00');

-- === Linha 21: POCO C85 PRETO 256GB NOVO (05/06/2026) ===
INSERT INTO aparelhos (id, marca, modelo, imei, valor_venda, valor_compra, loja_id, estado, condicao, status, data_venda, data_entrada, criado_por, criado_em, atualizado_em, observacoes) VALUES ('0073a904-948d-4d6c-950f-1a08fc24b36a', 'Xiaomi', 'POCO C85 PRETO 256GB NOVO', '864280082529028', 1010.0, 880.0, 20, 'novo', 'perfeito', 'vendido', '2026-06-05T14:00:00+00', '2026-06-05T14:00:00+00', 'a50f1e24-aabb-41c1-b817-b4a4950bb1e4', '2026-06-05T14:00:00+00', '2026-06-05T14:00:00+00', NULL);
INSERT INTO vendas (id, numero_venda, cliente_id, loja_id, vendedor_id, status, tipo, valor_total, valor_pago, saldo_devedor, criado_em, finalizado_em, finalizado_por) VALUES ('c921fcfb-534b-44db-9a07-7f8dd1e4a15b', 11504, current_setting('importacao.cliente_id')::uuid, 20, 'a50f1e24-aabb-41c1-b817-b4a4950bb1e4', 'concluida', 'normal', 1010.0, 1010.0, 0.0, '2026-06-05T14:00:00+00', '2026-06-05T14:00:00+00', 'a50f1e24-aabb-41c1-b817-b4a4950bb1e4');
UPDATE aparelhos SET venda_id = 'c921fcfb-534b-44db-9a07-7f8dd1e4a15b' WHERE id = '0073a904-948d-4d6c-950f-1a08fc24b36a';
INSERT INTO pagamentos_venda (id, venda_id, tipo_pagamento, valor, data_pagamento, criado_por, parcelas, criado_em) VALUES ('22627bd6-34ef-4afa-950c-5453ee838388', 'c921fcfb-534b-44db-9a07-7f8dd1e4a15b', 'pix', 1010.0, '2026-06-05', 'a50f1e24-aabb-41c1-b817-b4a4950bb1e4', 1, '2026-06-05T14:00:00+00');

-- === Linha 22: IPHONE 15 128GB PRETO NOVO (05/06/2026) ===
INSERT INTO aparelhos (id, marca, modelo, imei, valor_venda, valor_compra, loja_id, estado, condicao, status, data_venda, data_entrada, criado_por, criado_em, atualizado_em, observacoes) VALUES ('6f4b6056-0dbb-4eab-9609-3415d08d8fb2', 'Apple', 'IPHONE 15 128GB PRETO NOVO', '359867882327710', 3700.0, 3600.0, 20, 'novo', 'perfeito', 'vendido', '2026-06-05T14:00:00+00', '2026-06-05T14:00:00+00', 'a50f1e24-aabb-41c1-b817-b4a4950bb1e4', '2026-06-05T14:00:00+00', '2026-06-05T14:00:00+00', 'Pagto junto (Aparelho 1/2, total grupo R$ 7,400)');
INSERT INTO vendas (id, numero_venda, cliente_id, loja_id, vendedor_id, status, tipo, valor_total, valor_pago, saldo_devedor, criado_em, finalizado_em, finalizado_por) VALUES ('3e6bd8d4-815c-429b-b38b-469d169bbaa2', 11505, current_setting('importacao.cliente_id')::uuid, 20, 'a50f1e24-aabb-41c1-b817-b4a4950bb1e4', 'concluida', 'normal', 3700.0, 3700.0, 0.0, '2026-06-05T14:00:00+00', '2026-06-05T14:00:00+00', 'a50f1e24-aabb-41c1-b817-b4a4950bb1e4');
UPDATE aparelhos SET venda_id = '3e6bd8d4-815c-429b-b38b-469d169bbaa2' WHERE id = '6f4b6056-0dbb-4eab-9609-3415d08d8fb2';
INSERT INTO pagamentos_venda (id, venda_id, tipo_pagamento, valor, data_pagamento, criado_por, parcelas, criado_em) VALUES ('491759c9-8312-4ad7-ab70-59d61d911622', '3e6bd8d4-815c-429b-b38b-469d169bbaa2', 'pix', 3700.0, '2026-06-05', 'a50f1e24-aabb-41c1-b817-b4a4950bb1e4', 1, '2026-06-05T14:00:00+00');

-- === Linha 23: IPHONE 15 128GB PRETO NOVO (05/06/2026) ===
INSERT INTO aparelhos (id, marca, modelo, imei, valor_venda, valor_compra, loja_id, estado, condicao, status, data_venda, data_entrada, criado_por, criado_em, atualizado_em, observacoes) VALUES ('3ab2c275-6fae-4d0a-ab81-d3f1ee695082', 'Apple', 'IPHONE 15 128GB PRETO NOVO', '351713518508703', 3700.0, 3600.0, 20, 'novo', 'perfeito', 'vendido', '2026-06-05T14:00:00+00', '2026-06-05T14:00:00+00', 'a50f1e24-aabb-41c1-b817-b4a4950bb1e4', '2026-06-05T14:00:00+00', '2026-06-05T14:00:00+00', 'Pagto junto (Aparelho 2/2, total grupo R$ 7,400)');
INSERT INTO vendas (id, numero_venda, cliente_id, loja_id, vendedor_id, status, tipo, valor_total, valor_pago, saldo_devedor, criado_em, finalizado_em, finalizado_por) VALUES ('32ca76ac-9ce2-4cc8-a093-aca206fb1f7a', 11506, current_setting('importacao.cliente_id')::uuid, 20, 'a50f1e24-aabb-41c1-b817-b4a4950bb1e4', 'concluida', 'normal', 3700.0, 3700.0, 0.0, '2026-06-05T14:00:00+00', '2026-06-05T14:00:00+00', 'a50f1e24-aabb-41c1-b817-b4a4950bb1e4');
UPDATE aparelhos SET venda_id = '32ca76ac-9ce2-4cc8-a093-aca206fb1f7a' WHERE id = '3ab2c275-6fae-4d0a-ab81-d3f1ee695082';
INSERT INTO pagamentos_venda (id, venda_id, tipo_pagamento, valor, data_pagamento, criado_por, parcelas, criado_em) VALUES ('3af0d652-5c41-4c34-a65b-2a2e4b4a5d0c', '32ca76ac-9ce2-4cc8-a093-aca206fb1f7a', 'pix', 3700.0, '2026-06-05', 'a50f1e24-aabb-41c1-b817-b4a4950bb1e4', 1, '2026-06-05T14:00:00+00');

-- === Linha 24: MACBOOK NEO ROSA 256GB NOVO (05/06/2026) ===
INSERT INTO aparelhos (id, marca, modelo, imei, valor_venda, valor_compra, loja_id, estado, condicao, status, data_venda, data_entrada, criado_por, criado_em, atualizado_em, observacoes) VALUES ('d2aea111-a000-4e21-96d8-71af118e685e', 'Apple', 'MACBOOK NEO ROSA 256GB NOVO', 'K76LHCP7F', 4551.0, 4350.0, 20, 'novo', 'perfeito', 'vendido', '2026-06-05T14:00:00+00', '2026-06-05T14:00:00+00', 'a3626643-4749-4e56-83bc-b4a8ffd53659', '2026-06-05T14:00:00+00', '2026-06-05T14:00:00+00', NULL);
INSERT INTO vendas (id, numero_venda, cliente_id, loja_id, vendedor_id, status, tipo, valor_total, valor_pago, saldo_devedor, criado_em, finalizado_em, finalizado_por) VALUES ('b341d976-9c31-4320-98f7-876978492659', 11507, current_setting('importacao.cliente_id')::uuid, 20, 'a3626643-4749-4e56-83bc-b4a8ffd53659', 'concluida', 'normal', 4551.0, 4551.0, 0.0, '2026-06-05T14:00:00+00', '2026-06-05T14:00:00+00', 'a3626643-4749-4e56-83bc-b4a8ffd53659');
UPDATE aparelhos SET venda_id = 'b341d976-9c31-4320-98f7-876978492659' WHERE id = 'd2aea111-a000-4e21-96d8-71af118e685e';
INSERT INTO pagamentos_venda (id, venda_id, tipo_pagamento, valor, data_pagamento, criado_por, parcelas, criado_em) VALUES ('3c0613fd-b9ac-4e68-9ba6-14f1ec449ba9', 'b341d976-9c31-4320-98f7-876978492659', 'cartao_credito', 4551.0, '2026-06-05', 'a3626643-4749-4e56-83bc-b4a8ffd53659', 1, '2026-06-05T14:00:00+00');
INSERT INTO brindes_aparelhos (id, loja_id, venda_id, descricao, valor_custo, data_ocorrencia, criado_por, criado_em) VALUES ('9c5e94ce-5d0c-44d6-8a8d-6e301f443a32', 20, 'b341d976-9c31-4320-98f7-876978492659', 'Brinde', 30.0, '2026-06-05', 'a3626643-4749-4e56-83bc-b4a8ffd53659', '2026-06-05T14:00:00+00');

-- === Linha 25: IPHONE 14 128GB PRETO SEMINOVO (05/06/2026) ===
INSERT INTO aparelhos (id, marca, modelo, imei, valor_venda, valor_compra, loja_id, estado, condicao, status, data_venda, data_entrada, criado_por, criado_em, atualizado_em, observacoes) VALUES ('be43ff94-ba20-4b0c-b419-83c966bff398', 'Apple', 'IPHONE 14 128GB PRETO SEMINOVO', '355123373512780', 2070.0, 1900.0, 4, 'seminovo', 'bom', 'vendido', '2026-06-05T14:00:00+00', '2026-06-05T14:00:00+00', 'a3626643-4749-4e56-83bc-b4a8ffd53659', '2026-06-05T14:00:00+00', '2026-06-05T14:00:00+00', NULL);
INSERT INTO vendas (id, numero_venda, cliente_id, loja_id, vendedor_id, status, tipo, valor_total, valor_pago, saldo_devedor, criado_em, finalizado_em, finalizado_por) VALUES ('d40c0653-b684-42e3-aebc-e0b1dc90d1eb', 11508, current_setting('importacao.cliente_id')::uuid, 4, 'a3626643-4749-4e56-83bc-b4a8ffd53659', 'concluida', 'normal', 2070.0, 2070.0, 0.0, '2026-06-05T14:00:00+00', '2026-06-05T14:00:00+00', 'a3626643-4749-4e56-83bc-b4a8ffd53659');
UPDATE aparelhos SET venda_id = 'd40c0653-b684-42e3-aebc-e0b1dc90d1eb' WHERE id = 'be43ff94-ba20-4b0c-b419-83c966bff398';
INSERT INTO pagamentos_venda (id, venda_id, tipo_pagamento, valor, data_pagamento, criado_por, parcelas, criado_em) VALUES ('ebb39b4a-571d-4e4c-b08d-21d0ff0f3757', 'd40c0653-b684-42e3-aebc-e0b1dc90d1eb', 'pix', 580.0, '2026-06-05', 'a3626643-4749-4e56-83bc-b4a8ffd53659', 1, '2026-06-05T14:00:00+00');
INSERT INTO pagamentos_venda (id, venda_id, tipo_pagamento, valor, data_pagamento, criado_por, parcelas, criado_em) VALUES ('86be46f7-ef90-4984-a1d6-e274085ffc72', 'd40c0653-b684-42e3-aebc-e0b1dc90d1eb', 'cartao_credito', 1490.0, '2026-06-05', 'a3626643-4749-4e56-83bc-b4a8ffd53659', 1, '2026-06-05T14:00:00+00');
INSERT INTO brindes_aparelhos (id, loja_id, venda_id, descricao, valor_custo, data_ocorrencia, criado_por, criado_em) VALUES ('97364916-a0bc-4abf-925e-f6692eed2bf9', 4, 'd40c0653-b684-42e3-aebc-e0b1dc90d1eb', 'Brinde', 20.0, '2026-06-05', 'a3626643-4749-4e56-83bc-b4a8ffd53659', '2026-06-05T14:00:00+00');

-- === Linha 26: REDMI NOTE 15 4G 256GB AZUL NOVO (05/06/2026) ===
INSERT INTO aparelhos (id, marca, modelo, imei, valor_venda, valor_compra, loja_id, estado, condicao, status, data_venda, data_entrada, criado_por, criado_em, atualizado_em, observacoes) VALUES ('12f37cf8-2105-4716-a774-6af07fb41c6f', 'Xiaomi', 'REDMI NOTE 15 4G 256GB AZUL NOVO', '862315083031764', 1211.0, 1150.0, 4, 'novo', 'perfeito', 'vendido', '2026-06-05T14:00:00+00', '2026-06-05T14:00:00+00', 'a3626643-4749-4e56-83bc-b4a8ffd53659', '2026-06-05T14:00:00+00', '2026-06-05T14:00:00+00', NULL);
INSERT INTO vendas (id, numero_venda, cliente_id, loja_id, vendedor_id, status, tipo, valor_total, valor_pago, saldo_devedor, criado_em, finalizado_em, finalizado_por) VALUES ('cebbcc23-22c0-41fe-9a41-31507c8e1459', 11509, current_setting('importacao.cliente_id')::uuid, 4, 'a3626643-4749-4e56-83bc-b4a8ffd53659', 'concluida', 'normal', 1211.0, 1211.0, 0.0, '2026-06-05T14:00:00+00', '2026-06-05T14:00:00+00', 'a3626643-4749-4e56-83bc-b4a8ffd53659');
UPDATE aparelhos SET venda_id = 'cebbcc23-22c0-41fe-9a41-31507c8e1459' WHERE id = '12f37cf8-2105-4716-a774-6af07fb41c6f';
INSERT INTO pagamentos_venda (id, venda_id, tipo_pagamento, valor, data_pagamento, criado_por, parcelas, criado_em) VALUES ('e61aa86b-6605-4e62-9a71-e5c8ecf50f3e', 'cebbcc23-22c0-41fe-9a41-31507c8e1459', 'pix', 100.0, '2026-06-05', 'a3626643-4749-4e56-83bc-b4a8ffd53659', 1, '2026-06-05T14:00:00+00');
INSERT INTO pagamentos_venda (id, venda_id, tipo_pagamento, valor, data_pagamento, criado_por, parcelas, criado_em) VALUES ('79d754b0-9940-468d-89ef-c70c0e5e3a47', 'cebbcc23-22c0-41fe-9a41-31507c8e1459', 'cartao_credito', 1111.0, '2026-06-05', 'a3626643-4749-4e56-83bc-b4a8ffd53659', 1, '2026-06-05T14:00:00+00');

-- === Linha 27: JBL BOOMBOX 3 PRETA NOVO (05/06/2026) ===
INSERT INTO aparelhos (id, marca, modelo, imei, valor_venda, valor_compra, loja_id, estado, condicao, status, data_venda, data_entrada, criado_por, criado_em, atualizado_em, observacoes) VALUES ('0d1ecf85-d210-4fe6-93dd-74c4d5a25bcf', 'Outros', 'JBL BOOMBOX 3 PRETA NOVO', 'JBLB00MB0X3BLKBR', 1860.0, 1780.0, 20, 'novo', 'perfeito', 'vendido', '2026-06-05T14:00:00+00', '2026-06-05T14:00:00+00', 'a50f1e24-aabb-41c1-b817-b4a4950bb1e4', '2026-06-05T14:00:00+00', '2026-06-05T14:00:00+00', NULL);
INSERT INTO vendas (id, numero_venda, cliente_id, loja_id, vendedor_id, status, tipo, valor_total, valor_pago, saldo_devedor, criado_em, finalizado_em, finalizado_por) VALUES ('16d1b557-fc06-4671-bc12-cffe60588e33', 11510, current_setting('importacao.cliente_id')::uuid, 20, 'a50f1e24-aabb-41c1-b817-b4a4950bb1e4', 'concluida', 'normal', 1860.0, 1860.0, 0.0, '2026-06-05T14:00:00+00', '2026-06-05T14:00:00+00', 'a50f1e24-aabb-41c1-b817-b4a4950bb1e4');
UPDATE aparelhos SET venda_id = '16d1b557-fc06-4671-bc12-cffe60588e33' WHERE id = '0d1ecf85-d210-4fe6-93dd-74c4d5a25bcf';
INSERT INTO pagamentos_venda (id, venda_id, tipo_pagamento, valor, data_pagamento, criado_por, parcelas, criado_em) VALUES ('63010d73-9eb9-4b0d-a233-073546a287bb', '16d1b557-fc06-4671-bc12-cffe60588e33', 'pix', 1860.0, '2026-06-05', 'a50f1e24-aabb-41c1-b817-b4a4950bb1e4', 1, '2026-06-05T14:00:00+00');

-- === Linha 28: IPHONE 15 128GB PRETO NOVO (05/06/2026) ===
INSERT INTO aparelhos (id, marca, modelo, imei, valor_venda, valor_compra, loja_id, estado, condicao, status, data_venda, data_entrada, criado_por, criado_em, atualizado_em, observacoes) VALUES ('b3c59789-eec5-4a7d-90c1-d2fee52730f0', 'Apple', 'IPHONE 15 128GB PRETO NOVO', '355225779424203', 3750.0, 3600.0, 20, 'novo', 'perfeito', 'vendido', '2026-06-05T14:00:00+00', '2026-06-05T14:00:00+00', 'a50f1e24-aabb-41c1-b817-b4a4950bb1e4', '2026-06-05T14:00:00+00', '2026-06-05T14:00:00+00', NULL);
INSERT INTO vendas (id, numero_venda, cliente_id, loja_id, vendedor_id, status, tipo, valor_total, valor_pago, saldo_devedor, criado_em, finalizado_em, finalizado_por) VALUES ('3b30eee8-0542-4c9f-b1d6-77a6603ed8c4', 11511, current_setting('importacao.cliente_id')::uuid, 20, 'a50f1e24-aabb-41c1-b817-b4a4950bb1e4', 'concluida', 'normal', 3750.0, 3750.0, 0.0, '2026-06-05T14:00:00+00', '2026-06-05T14:00:00+00', 'a50f1e24-aabb-41c1-b817-b4a4950bb1e4');
UPDATE aparelhos SET venda_id = '3b30eee8-0542-4c9f-b1d6-77a6603ed8c4' WHERE id = 'b3c59789-eec5-4a7d-90c1-d2fee52730f0';
INSERT INTO pagamentos_venda (id, venda_id, tipo_pagamento, valor, data_pagamento, criado_por, parcelas, criado_em) VALUES ('598c28b4-c6eb-400b-9368-8a38195b1d20', '3b30eee8-0542-4c9f-b1d6-77a6603ed8c4', 'pix', 3750.0, '2026-06-05', 'a50f1e24-aabb-41c1-b817-b4a4950bb1e4', 1, '2026-06-05T14:00:00+00');
INSERT INTO brindes_aparelhos (id, loja_id, venda_id, descricao, valor_custo, data_ocorrencia, criado_por, criado_em) VALUES ('9eab2522-c2ab-4340-b7bc-3438b57846d1', 20, '3b30eee8-0542-4c9f-b1d6-77a6603ed8c4', 'Brinde', 5.0, '2026-06-05', 'a50f1e24-aabb-41c1-b817-b4a4950bb1e4', '2026-06-05T14:00:00+00');

-- === Linha 29: IPHONE 14 PRO 256GB BRANCO SEMINOVO (05/06/2026) ===
INSERT INTO aparelhos (id, marca, modelo, imei, valor_venda, valor_compra, loja_id, estado, condicao, status, data_venda, data_entrada, criado_por, criado_em, atualizado_em, observacoes) VALUES ('7b3bef49-0f95-4679-ac53-9ce463081236', 'Apple', 'IPHONE 14 PRO 256GB BRANCO SEMINOVO', '54001278899018', 3325.0, 2900.0, 19, 'seminovo', 'bom', 'vendido', '2026-06-05T14:00:00+00', '2026-06-05T14:00:00+00', '97f12885-87ad-426a-8bbb-656889d82e10', '2026-06-05T14:00:00+00', '2026-06-05T14:00:00+00', 'Pagto junto (Aparelho 1/2, total grupo R$ 6,710)');
INSERT INTO vendas (id, numero_venda, cliente_id, loja_id, vendedor_id, status, tipo, valor_total, valor_pago, saldo_devedor, criado_em, finalizado_em, finalizado_por) VALUES ('b15496a7-f045-4af9-88fd-d9925516dfd1', 11512, current_setting('importacao.cliente_id')::uuid, 19, '97f12885-87ad-426a-8bbb-656889d82e10', 'concluida', 'normal', 3325.0, 3325.0, 0.0, '2026-06-05T14:00:00+00', '2026-06-05T14:00:00+00', '97f12885-87ad-426a-8bbb-656889d82e10');
UPDATE aparelhos SET venda_id = 'b15496a7-f045-4af9-88fd-d9925516dfd1' WHERE id = '7b3bef49-0f95-4679-ac53-9ce463081236';
INSERT INTO pagamentos_venda (id, venda_id, tipo_pagamento, valor, data_pagamento, criado_por, parcelas, criado_em) VALUES ('c44c6f90-bb24-4854-bb9d-ebb2379c7ecb', 'b15496a7-f045-4af9-88fd-d9925516dfd1', 'cartao_credito', 3325.0, '2026-06-05', '97f12885-87ad-426a-8bbb-656889d82e10', 1, '2026-06-05T14:00:00+00');
INSERT INTO brindes_aparelhos (id, loja_id, venda_id, descricao, valor_custo, data_ocorrencia, criado_por, criado_em) VALUES ('97788efd-95c3-4efa-96d9-ca55222b7796', 19, 'b15496a7-f045-4af9-88fd-d9925516dfd1', 'Brinde', 25.0, '2026-06-05', '97f12885-87ad-426a-8bbb-656889d82e10', '2026-06-05T14:00:00+00');

-- === Linha 30: IPHONE 14 PRO MAX 128GB PRETO SEMINOVO (05/06/2026) ===
INSERT INTO aparelhos (id, marca, modelo, imei, valor_venda, valor_compra, loja_id, estado, condicao, status, data_venda, data_entrada, criado_por, criado_em, atualizado_em, observacoes) VALUES ('baf91b38-7118-444a-bf56-44266736ec2b', 'Apple', 'IPHONE 14 PRO MAX 128GB PRETO SEMINOVO', '351548866512357', 3385.0, 3150.0, 19, 'seminovo', 'bom', 'vendido', '2026-06-05T14:00:00+00', '2026-06-05T14:00:00+00', '97f12885-87ad-426a-8bbb-656889d82e10', '2026-06-05T14:00:00+00', '2026-06-05T14:00:00+00', 'Pagto junto (Aparelho 2/2, total grupo R$ 6,710)');
INSERT INTO vendas (id, numero_venda, cliente_id, loja_id, vendedor_id, status, tipo, valor_total, valor_pago, saldo_devedor, criado_em, finalizado_em, finalizado_por) VALUES ('7f76321c-38c0-4168-b9a7-1bfdd35bfa6c', 11513, current_setting('importacao.cliente_id')::uuid, 19, '97f12885-87ad-426a-8bbb-656889d82e10', 'concluida', 'normal', 3385.0, 3385.0, 0.0, '2026-06-05T14:00:00+00', '2026-06-05T14:00:00+00', '97f12885-87ad-426a-8bbb-656889d82e10');
UPDATE aparelhos SET venda_id = '7f76321c-38c0-4168-b9a7-1bfdd35bfa6c' WHERE id = 'baf91b38-7118-444a-bf56-44266736ec2b';
INSERT INTO pagamentos_venda (id, venda_id, tipo_pagamento, valor, data_pagamento, criado_por, parcelas, criado_em) VALUES ('e0d515ad-9e62-4fcb-a2bd-67d7e4799105', '7f76321c-38c0-4168-b9a7-1bfdd35bfa6c', 'cartao_credito', 3385.0, '2026-06-05', '97f12885-87ad-426a-8bbb-656889d82e10', 1, '2026-06-05T14:00:00+00');
INSERT INTO brindes_aparelhos (id, loja_id, venda_id, descricao, valor_custo, data_ocorrencia, criado_por, criado_em) VALUES ('94e14278-25fd-4093-b28a-22bfcb5a40a4', 19, '7f76321c-38c0-4168-b9a7-1bfdd35bfa6c', 'Brinde', 25.0, '2026-06-05', '97f12885-87ad-426a-8bbb-656889d82e10', '2026-06-05T14:00:00+00');

-- === Linha 31: REDMI PAD 2 256GB CINZA NOVO (05/06/2026) ===
INSERT INTO aparelhos (id, marca, modelo, imei, valor_venda, valor_compra, loja_id, estado, condicao, status, data_venda, data_entrada, criado_por, criado_em, atualizado_em, observacoes) VALUES ('be0b7ff4-aeeb-4a9d-bb94-3c063335fc0f', 'Xiaomi', 'REDMI PAD 2 256GB CINZA NOVO', '65577/W6PT04947', 1500.0, 1240.0, 19, 'novo', 'perfeito', 'vendido', '2026-06-05T14:00:00+00', '2026-06-05T14:00:00+00', '97f12885-87ad-426a-8bbb-656889d82e10', '2026-06-05T14:00:00+00', '2026-06-05T14:00:00+00', NULL);
INSERT INTO vendas (id, numero_venda, cliente_id, loja_id, vendedor_id, status, tipo, valor_total, valor_pago, saldo_devedor, criado_em, finalizado_em, finalizado_por) VALUES ('1c5d940d-85b8-4500-a65b-1fd9e99cf6ff', 11514, current_setting('importacao.cliente_id')::uuid, 19, '97f12885-87ad-426a-8bbb-656889d82e10', 'concluida', 'normal', 1500.0, 1500.0, 0.0, '2026-06-05T14:00:00+00', '2026-06-05T14:00:00+00', '97f12885-87ad-426a-8bbb-656889d82e10');
UPDATE aparelhos SET venda_id = '1c5d940d-85b8-4500-a65b-1fd9e99cf6ff' WHERE id = 'be0b7ff4-aeeb-4a9d-bb94-3c063335fc0f';
INSERT INTO pagamentos_venda (id, venda_id, tipo_pagamento, valor, data_pagamento, criado_por, parcelas, criado_em) VALUES ('5ca3dfd8-3915-407f-a091-f9d7ebf64be6', '1c5d940d-85b8-4500-a65b-1fd9e99cf6ff', 'cartao_credito', 1500.0, '2026-06-05', '97f12885-87ad-426a-8bbb-656889d82e10', 1, '2026-06-05T14:00:00+00');
INSERT INTO brindes_aparelhos (id, loja_id, venda_id, descricao, valor_custo, data_ocorrencia, criado_por, criado_em) VALUES ('c5c46ad4-7d62-40c0-8f98-dae8fcda4f2c', 19, '1c5d940d-85b8-4500-a65b-1fd9e99cf6ff', 'Brinde', 48.0, '2026-06-05', '97f12885-87ad-426a-8bbb-656889d82e10', '2026-06-05T14:00:00+00');

-- === Linha 32: IPHONE 14 128GB PRETO SEMINOVO (05/06/2026) ===
INSERT INTO aparelhos (id, marca, modelo, imei, valor_venda, valor_compra, loja_id, estado, condicao, status, data_venda, data_entrada, criado_por, criado_em, atualizado_em, observacoes) VALUES ('4867f404-d5df-435f-a089-94272ad4dcac', 'Apple', 'IPHONE 14 128GB PRETO SEMINOVO', '351592243452233', 2100.0, 1900.0, 1, 'seminovo', 'bom', 'vendido', '2026-06-05T14:00:00+00', '2026-06-05T14:00:00+00', '85e3aa42-b9af-49b8-a72a-64e9c337aa53', '2026-06-05T14:00:00+00', '2026-06-05T14:00:00+00', NULL);
INSERT INTO vendas (id, numero_venda, cliente_id, loja_id, vendedor_id, status, tipo, valor_total, valor_pago, saldo_devedor, criado_em, finalizado_em, finalizado_por) VALUES ('b5f7dfb7-31ce-44ad-b55e-2a72c2dcec16', 11515, current_setting('importacao.cliente_id')::uuid, 1, '85e3aa42-b9af-49b8-a72a-64e9c337aa53', 'concluida', 'normal', 2100.0, 2100.0, 0.0, '2026-06-05T14:00:00+00', '2026-06-05T14:00:00+00', '85e3aa42-b9af-49b8-a72a-64e9c337aa53');
UPDATE aparelhos SET venda_id = 'b5f7dfb7-31ce-44ad-b55e-2a72c2dcec16' WHERE id = '4867f404-d5df-435f-a089-94272ad4dcac';
INSERT INTO pagamentos_venda (id, venda_id, tipo_pagamento, valor, data_pagamento, criado_por, parcelas, criado_em) VALUES ('f14ae35a-07e4-44c0-91fd-1c503600fb29', 'b5f7dfb7-31ce-44ad-b55e-2a72c2dcec16', 'pix', 1650.0, '2026-06-05', '85e3aa42-b9af-49b8-a72a-64e9c337aa53', 1, '2026-06-05T14:00:00+00');
INSERT INTO pagamentos_venda (id, venda_id, tipo_pagamento, valor, data_pagamento, criado_por, parcelas, criado_em) VALUES ('5492f36e-988c-445f-bd37-fcc39131b980', 'b5f7dfb7-31ce-44ad-b55e-2a72c2dcec16', 'dinheiro', 50.0, '2026-06-05', '85e3aa42-b9af-49b8-a72a-64e9c337aa53', 1, '2026-06-05T14:00:00+00');
INSERT INTO pagamentos_venda (id, venda_id, tipo_pagamento, valor, data_pagamento, criado_por, observacao, parcelas, criado_em) VALUES ('65c84690-83ee-4162-bbc1-9eefe6581bc7', 'b5f7dfb7-31ce-44ad-b55e-2a72c2dcec16', 'troca_aparelho', 400.0, '2026-06-05', '85e3aa42-b9af-49b8-a72a-64e9c337aa53', 'Troca: IPH XR 64GB PRETO', 1, '2026-06-05T14:00:00+00');
INSERT INTO brindes_aparelhos (id, loja_id, venda_id, descricao, valor_custo, data_ocorrencia, criado_por, criado_em) VALUES ('78946381-e8e4-46d8-b1cf-93834cbbb923', 1, 'b5f7dfb7-31ce-44ad-b55e-2a72c2dcec16', 'Brinde', 10.0, '2026-06-05', '85e3aa42-b9af-49b8-a72a-64e9c337aa53', '2026-06-05T14:00:00+00');

-- === Linha 33: IPHONE 17 256GB BRANCO NOVO (05/06/2026) ===
INSERT INTO aparelhos (id, marca, modelo, imei, valor_venda, valor_compra, loja_id, estado, condicao, status, data_venda, data_entrada, criado_por, criado_em, atualizado_em, observacoes) VALUES ('35d9d6ad-39df-4668-b521-f2cd4835a237', 'Apple', 'IPHONE 17 256GB BRANCO NOVO', NULL, 4980.0, 2600.0, 1, 'novo', 'perfeito', 'vendido', '2026-06-05T14:00:00+00', '2026-06-05T14:00:00+00', '85e3aa42-b9af-49b8-a72a-64e9c337aa53', '2026-06-05T14:00:00+00', '2026-06-05T14:00:00+00', 'Sem IMEI');
INSERT INTO vendas (id, numero_venda, cliente_id, loja_id, vendedor_id, status, tipo, valor_total, valor_pago, saldo_devedor, criado_em, finalizado_em, finalizado_por) VALUES ('df7b7707-e260-4b2a-ac7d-629587357f6c', 11516, current_setting('importacao.cliente_id')::uuid, 1, '85e3aa42-b9af-49b8-a72a-64e9c337aa53', 'concluida', 'normal', 4980.0, 4980.0, 0.0, '2026-06-05T14:00:00+00', '2026-06-05T14:00:00+00', '85e3aa42-b9af-49b8-a72a-64e9c337aa53');
UPDATE aparelhos SET venda_id = 'df7b7707-e260-4b2a-ac7d-629587357f6c' WHERE id = '35d9d6ad-39df-4668-b521-f2cd4835a237';
INSERT INTO pagamentos_venda (id, venda_id, tipo_pagamento, valor, data_pagamento, criado_por, parcelas, criado_em) VALUES ('5dd5d63b-318e-444e-a891-39fc2928d2f5', 'df7b7707-e260-4b2a-ac7d-629587357f6c', 'pix', 4380.0, '2026-06-05', '85e3aa42-b9af-49b8-a72a-64e9c337aa53', 1, '2026-06-05T14:00:00+00');
INSERT INTO pagamentos_venda (id, venda_id, tipo_pagamento, valor, data_pagamento, criado_por, observacao, parcelas, criado_em) VALUES ('0ebdfab4-9f05-4147-b0a3-7ebb96c2943f', 'df7b7707-e260-4b2a-ac7d-629587357f6c', 'troca_aparelho', 600.0, '2026-06-05', '85e3aa42-b9af-49b8-a72a-64e9c337aa53', 'Troca: IPH 128GB PRETO', 1, '2026-06-05T14:00:00+00');
INSERT INTO brindes_aparelhos (id, loja_id, venda_id, descricao, valor_custo, data_ocorrencia, criado_por, criado_em) VALUES ('a610be1d-34de-421d-ac4d-1ea8fd557189', 1, 'df7b7707-e260-4b2a-ac7d-629587357f6c', 'Brinde', 135.0, '2026-06-05', '85e3aa42-b9af-49b8-a72a-64e9c337aa53', '2026-06-05T14:00:00+00');

-- === Linha 34: IPHONE 17 256GB AZUL NOVO (06/06/2026) ===
INSERT INTO aparelhos (id, marca, modelo, imei, valor_venda, valor_compra, loja_id, estado, condicao, status, data_venda, data_entrada, criado_por, criado_em, atualizado_em, observacoes) VALUES ('3bc52ce4-dc9a-4346-a087-a2de73152678', 'Apple', 'IPHONE 17 256GB AZUL NOVO', '352824462371275', 4750.0, 4500.0, 4, 'novo', 'perfeito', 'vendido', '2026-06-06T14:00:00+00', '2026-06-06T14:00:00+00', 'a3626643-4749-4e56-83bc-b4a8ffd53659', '2026-06-06T14:00:00+00', '2026-06-06T14:00:00+00', NULL);
INSERT INTO vendas (id, numero_venda, cliente_id, loja_id, vendedor_id, status, tipo, valor_total, valor_pago, saldo_devedor, criado_em, finalizado_em, finalizado_por) VALUES ('6b847588-5284-4cf5-adf9-41aca7305e55', 11517, current_setting('importacao.cliente_id')::uuid, 4, 'a3626643-4749-4e56-83bc-b4a8ffd53659', 'concluida', 'normal', 4750.0, 4750.0, 0.0, '2026-06-06T14:00:00+00', '2026-06-06T14:00:00+00', 'a3626643-4749-4e56-83bc-b4a8ffd53659');
UPDATE aparelhos SET venda_id = '6b847588-5284-4cf5-adf9-41aca7305e55' WHERE id = '3bc52ce4-dc9a-4346-a087-a2de73152678';
INSERT INTO pagamentos_venda (id, venda_id, tipo_pagamento, valor, data_pagamento, criado_por, parcelas, criado_em) VALUES ('1a1c5f13-7fc1-419f-9340-4b600c1cc810', '6b847588-5284-4cf5-adf9-41aca7305e55', 'pix', 4750.0, '2026-06-06', 'a3626643-4749-4e56-83bc-b4a8ffd53659', 1, '2026-06-06T14:00:00+00');
INSERT INTO brindes_aparelhos (id, loja_id, venda_id, descricao, valor_custo, data_ocorrencia, criado_por, criado_em) VALUES ('6449052f-be07-4a69-b6f5-16a293a4bfb9', 4, '6b847588-5284-4cf5-adf9-41aca7305e55', 'Brinde', 45.0, '2026-06-06', 'a3626643-4749-4e56-83bc-b4a8ffd53659', '2026-06-06T14:00:00+00');

-- === Linha 35: IPAD 11° (A16) 128GB SILVER NOVO (06/06/2026) ===
INSERT INTO aparelhos (id, marca, modelo, imei, valor_venda, valor_compra, loja_id, estado, condicao, status, data_venda, data_entrada, criado_por, criado_em, atualizado_em, observacoes) VALUES ('5c05da2d-3ea1-4806-b579-f1b3ed61df25', 'Apple', 'IPAD 11° (A16) 128GB SILVER NOVO', 'DMY20XLJ95', 2599.0, 2250.0, 4, 'novo', 'perfeito', 'vendido', '2026-06-06T14:00:00+00', '2026-06-06T14:00:00+00', 'a3626643-4749-4e56-83bc-b4a8ffd53659', '2026-06-06T14:00:00+00', '2026-06-06T14:00:00+00', NULL);
INSERT INTO vendas (id, numero_venda, cliente_id, loja_id, vendedor_id, status, tipo, valor_total, valor_pago, saldo_devedor, criado_em, finalizado_em, finalizado_por) VALUES ('efe32db9-6f18-4026-9cd8-2c0ac29e329d', 11518, current_setting('importacao.cliente_id')::uuid, 4, 'a3626643-4749-4e56-83bc-b4a8ffd53659', 'concluida', 'normal', 2599.0, 2599.0, 0.0, '2026-06-06T14:00:00+00', '2026-06-06T14:00:00+00', 'a3626643-4749-4e56-83bc-b4a8ffd53659');
UPDATE aparelhos SET venda_id = 'efe32db9-6f18-4026-9cd8-2c0ac29e329d' WHERE id = '5c05da2d-3ea1-4806-b579-f1b3ed61df25';
INSERT INTO pagamentos_venda (id, venda_id, tipo_pagamento, valor, data_pagamento, criado_por, parcelas, criado_em) VALUES ('c1e5262d-da73-458d-aaf1-5f5be2c7ec99', 'efe32db9-6f18-4026-9cd8-2c0ac29e329d', 'pix', 2599.0, '2026-06-06', 'a3626643-4749-4e56-83bc-b4a8ffd53659', 1, '2026-06-06T14:00:00+00');
INSERT INTO brindes_aparelhos (id, loja_id, venda_id, descricao, valor_custo, data_ocorrencia, criado_por, criado_em) VALUES ('3c6d5f5d-bb96-4e55-a72e-db66cddac854', 4, 'efe32db9-6f18-4026-9cd8-2c0ac29e329d', 'Brinde', 120.0, '2026-06-06', 'a3626643-4749-4e56-83bc-b4a8ffd53659', '2026-06-06T14:00:00+00');

-- === Linha 36: IPHONE 15 PRO MAX 256GB PRETO SEMINOVO (06/06/2026) ===
INSERT INTO aparelhos (id, marca, modelo, imei, valor_venda, valor_compra, loja_id, estado, condicao, status, data_venda, data_entrada, criado_por, criado_em, atualizado_em, observacoes) VALUES ('fdb00259-6e19-4e48-b330-695de2d00567', 'Apple', 'IPHONE 15 PRO MAX 256GB PRETO SEMINOVO', '352033763715583', 3910.0, 3700.0, 4, 'seminovo', 'bom', 'vendido', '2026-06-06T14:00:00+00', '2026-06-06T14:00:00+00', 'a3626643-4749-4e56-83bc-b4a8ffd53659', '2026-06-06T14:00:00+00', '2026-06-06T14:00:00+00', NULL);
INSERT INTO vendas (id, numero_venda, cliente_id, loja_id, vendedor_id, status, tipo, valor_total, valor_pago, saldo_devedor, criado_em, finalizado_em, finalizado_por) VALUES ('494040ac-390d-4cb0-9346-ae5483aa1b54', 11519, current_setting('importacao.cliente_id')::uuid, 4, 'a3626643-4749-4e56-83bc-b4a8ffd53659', 'concluida', 'normal', 3910.0, 3910.0, 0.0, '2026-06-06T14:00:00+00', '2026-06-06T14:00:00+00', 'a3626643-4749-4e56-83bc-b4a8ffd53659');
UPDATE aparelhos SET venda_id = '494040ac-390d-4cb0-9346-ae5483aa1b54' WHERE id = 'fdb00259-6e19-4e48-b330-695de2d00567';
INSERT INTO pagamentos_venda (id, venda_id, tipo_pagamento, valor, data_pagamento, criado_por, parcelas, criado_em) VALUES ('6d8c693e-97b9-4084-9bce-0c7db1b79b58', '494040ac-390d-4cb0-9346-ae5483aa1b54', 'pix', 30.0, '2026-06-06', 'a3626643-4749-4e56-83bc-b4a8ffd53659', 1, '2026-06-06T14:00:00+00');
INSERT INTO pagamentos_venda (id, venda_id, tipo_pagamento, valor, data_pagamento, criado_por, parcelas, criado_em) VALUES ('7365b521-ecce-4780-989d-d923e02d4dff', '494040ac-390d-4cb0-9346-ae5483aa1b54', 'cartao_debito', 3880.0, '2026-06-06', 'a3626643-4749-4e56-83bc-b4a8ffd53659', 1, '2026-06-06T14:00:00+00');
INSERT INTO brindes_aparelhos (id, loja_id, venda_id, descricao, valor_custo, data_ocorrencia, criado_por, criado_em) VALUES ('06bf2744-891d-4604-a1b5-36aa8ce910fc', 4, '494040ac-390d-4cb0-9346-ae5483aa1b54', 'Brinde', 25.0, '2026-06-06', 'a3626643-4749-4e56-83bc-b4a8ffd53659', '2026-06-06T14:00:00+00');

-- === Linha 37: IPAD 11° (A16) 128GB SILVER NOVO (06/06/2026) ===
INSERT INTO aparelhos (id, marca, modelo, imei, valor_venda, valor_compra, loja_id, estado, condicao, status, data_venda, data_entrada, criado_por, criado_em, atualizado_em, observacoes) VALUES ('a5a9a7eb-cd83-46fe-ac10-b9491881db52', 'Apple', 'IPAD 11° (A16) 128GB SILVER NOVO', 'DV71MXVDQ7', 2542.0, 2200.0, 4, 'novo', 'perfeito', 'vendido', '2026-06-06T14:00:00+00', '2026-06-06T14:00:00+00', 'a3626643-4749-4e56-83bc-b4a8ffd53659', '2026-06-06T14:00:00+00', '2026-06-06T14:00:00+00', NULL);
INSERT INTO vendas (id, numero_venda, cliente_id, loja_id, vendedor_id, status, tipo, valor_total, valor_pago, saldo_devedor, criado_em, finalizado_em, finalizado_por) VALUES ('bd7cec89-8ce6-4b1f-8ad7-25682fabd672', 11520, current_setting('importacao.cliente_id')::uuid, 4, 'a3626643-4749-4e56-83bc-b4a8ffd53659', 'concluida', 'normal', 2542.0, 2542.0, 0.0, '2026-06-06T14:00:00+00', '2026-06-06T14:00:00+00', 'a3626643-4749-4e56-83bc-b4a8ffd53659');
UPDATE aparelhos SET venda_id = 'bd7cec89-8ce6-4b1f-8ad7-25682fabd672' WHERE id = 'a5a9a7eb-cd83-46fe-ac10-b9491881db52';
INSERT INTO pagamentos_venda (id, venda_id, tipo_pagamento, valor, data_pagamento, criado_por, parcelas, criado_em) VALUES ('60f27bab-e0fe-4188-b832-0639d7cd739f', 'bd7cec89-8ce6-4b1f-8ad7-25682fabd672', 'cartao_credito', 2542.0, '2026-06-06', 'a3626643-4749-4e56-83bc-b4a8ffd53659', 1, '2026-06-06T14:00:00+00');
INSERT INTO brindes_aparelhos (id, loja_id, venda_id, descricao, valor_custo, data_ocorrencia, criado_por, criado_em) VALUES ('be15b4ec-0e48-49f6-a356-bc4a09d489c6', 4, 'bd7cec89-8ce6-4b1f-8ad7-25682fabd672', 'Brinde', 110.0, '2026-06-06', 'a3626643-4749-4e56-83bc-b4a8ffd53659', '2026-06-06T14:00:00+00');

-- === Linha 38: IPAD 11° (A16) 128GB AZUL NOVO (06/06/2026) ===
INSERT INTO aparelhos (id, marca, modelo, imei, valor_venda, valor_compra, loja_id, estado, condicao, status, data_venda, data_entrada, criado_por, criado_em, atualizado_em, observacoes) VALUES ('c288b205-316b-406d-b998-3cfdf6510af6', 'Apple', 'IPAD 11° (A16) 128GB AZUL NOVO', 'JTPYCFFWY4', 2450.0, 2200.0, 4, 'novo', 'perfeito', 'vendido', '2026-06-06T14:00:00+00', '2026-06-06T14:00:00+00', 'a3626643-4749-4e56-83bc-b4a8ffd53659', '2026-06-06T14:00:00+00', '2026-06-06T14:00:00+00', NULL);
INSERT INTO vendas (id, numero_venda, cliente_id, loja_id, vendedor_id, status, tipo, valor_total, valor_pago, saldo_devedor, criado_em, finalizado_em, finalizado_por) VALUES ('69d6bae1-264d-4e21-b4f3-ab560fdca439', 11521, current_setting('importacao.cliente_id')::uuid, 4, 'a3626643-4749-4e56-83bc-b4a8ffd53659', 'concluida', 'normal', 2450.0, 2450.0, 0.0, '2026-06-06T14:00:00+00', '2026-06-06T14:00:00+00', 'a3626643-4749-4e56-83bc-b4a8ffd53659');
UPDATE aparelhos SET venda_id = '69d6bae1-264d-4e21-b4f3-ab560fdca439' WHERE id = 'c288b205-316b-406d-b998-3cfdf6510af6';
INSERT INTO pagamentos_venda (id, venda_id, tipo_pagamento, valor, data_pagamento, criado_por, parcelas, criado_em) VALUES ('532b70a8-0644-4c82-97bb-f2cb368e4259', '69d6bae1-264d-4e21-b4f3-ab560fdca439', 'pix', 2450.0, '2026-06-06', 'a3626643-4749-4e56-83bc-b4a8ffd53659', 1, '2026-06-06T14:00:00+00');
INSERT INTO brindes_aparelhos (id, loja_id, venda_id, descricao, valor_custo, data_ocorrencia, criado_por, criado_em) VALUES ('d73cabda-787e-45b5-b871-0b271d9f0f16', 4, '69d6bae1-264d-4e21-b4f3-ab560fdca439', 'Brinde', 110.0, '2026-06-06', 'a3626643-4749-4e56-83bc-b4a8ffd53659', '2026-06-06T14:00:00+00');

-- === Linha 39: IPHONE 15 PRO MAX 256GB PRETO SEMINOVO (06/06/2026) ===
INSERT INTO aparelhos (id, marca, modelo, imei, valor_venda, valor_compra, loja_id, estado, condicao, status, data_venda, data_entrada, criado_por, criado_em, atualizado_em, observacoes) VALUES ('fb437b31-1bec-4d27-94d3-0921efc3c47d', 'Apple', 'IPHONE 15 PRO MAX 256GB PRETO SEMINOVO', '352229491749619', 3950.0, 3700.0, 4, 'seminovo', 'bom', 'vendido', '2026-06-06T14:00:00+00', '2026-06-06T14:00:00+00', 'a3626643-4749-4e56-83bc-b4a8ffd53659', '2026-06-06T14:00:00+00', '2026-06-06T14:00:00+00', NULL);
INSERT INTO vendas (id, numero_venda, cliente_id, loja_id, vendedor_id, status, tipo, valor_total, valor_pago, saldo_devedor, criado_em, finalizado_em, finalizado_por) VALUES ('a840a1c4-69e7-4538-9d7e-edc25d22f2f2', 11522, current_setting('importacao.cliente_id')::uuid, 4, 'a3626643-4749-4e56-83bc-b4a8ffd53659', 'concluida', 'normal', 3950.0, 3950.0, 0.0, '2026-06-06T14:00:00+00', '2026-06-06T14:00:00+00', 'a3626643-4749-4e56-83bc-b4a8ffd53659');
UPDATE aparelhos SET venda_id = 'a840a1c4-69e7-4538-9d7e-edc25d22f2f2' WHERE id = 'fb437b31-1bec-4d27-94d3-0921efc3c47d';
INSERT INTO pagamentos_venda (id, venda_id, tipo_pagamento, valor, data_pagamento, criado_por, parcelas, criado_em) VALUES ('583fb14d-5935-45bc-ac6b-cd0886e6ea02', 'a840a1c4-69e7-4538-9d7e-edc25d22f2f2', 'pix', 1900.0, '2026-06-06', 'a3626643-4749-4e56-83bc-b4a8ffd53659', 1, '2026-06-06T14:00:00+00');
INSERT INTO pagamentos_venda (id, venda_id, tipo_pagamento, valor, data_pagamento, criado_por, parcelas, criado_em) VALUES ('18677a9a-6393-46df-95ff-9287309ca0a6', 'a840a1c4-69e7-4538-9d7e-edc25d22f2f2', 'dinheiro', 2050.0, '2026-06-06', 'a3626643-4749-4e56-83bc-b4a8ffd53659', 1, '2026-06-06T14:00:00+00');
INSERT INTO brindes_aparelhos (id, loja_id, venda_id, descricao, valor_custo, data_ocorrencia, criado_por, criado_em) VALUES ('9c3a042d-feef-4411-a3ef-d7fd816c9705', 4, 'a840a1c4-69e7-4538-9d7e-edc25d22f2f2', 'Brinde', 10.0, '2026-06-06', 'a3626643-4749-4e56-83bc-b4a8ffd53659', '2026-06-06T14:00:00+00');

-- === Linha 40: IPHONE 17 256GB BRANCO NOVO (06/06/2026) ===
INSERT INTO aparelhos (id, marca, modelo, imei, valor_venda, valor_compra, loja_id, estado, condicao, status, data_venda, data_entrada, criado_por, criado_em, atualizado_em, observacoes) VALUES ('6bdee6b8-adf4-4be0-9d2e-2fb36fe8841b', 'Apple', 'IPHONE 17 256GB BRANCO NOVO', '359973613777577', 4820.0, 4600.0, 4, 'novo', 'perfeito', 'vendido', '2026-06-06T14:00:00+00', '2026-06-06T14:00:00+00', 'a3626643-4749-4e56-83bc-b4a8ffd53659', '2026-06-06T14:00:00+00', '2026-06-06T14:00:00+00', 'pgto forcado pix (diff nao extraida)');
INSERT INTO vendas (id, numero_venda, cliente_id, loja_id, vendedor_id, status, tipo, valor_total, valor_pago, saldo_devedor, criado_em, finalizado_em, finalizado_por) VALUES ('aec4e08b-8a17-46c9-9abb-2f7db9af9844', 11523, current_setting('importacao.cliente_id')::uuid, 4, 'a3626643-4749-4e56-83bc-b4a8ffd53659', 'concluida', 'normal', 4820.0, 4820.0, 0.0, '2026-06-06T14:00:00+00', '2026-06-06T14:00:00+00', 'a3626643-4749-4e56-83bc-b4a8ffd53659');
UPDATE aparelhos SET venda_id = 'aec4e08b-8a17-46c9-9abb-2f7db9af9844' WHERE id = '6bdee6b8-adf4-4be0-9d2e-2fb36fe8841b';
INSERT INTO pagamentos_venda (id, venda_id, tipo_pagamento, valor, data_pagamento, criado_por, parcelas, criado_em) VALUES ('549d1b81-a9bc-407c-a71e-0244eb7966e9', 'aec4e08b-8a17-46c9-9abb-2f7db9af9844', 'pix', 4820.0, '2026-06-06', 'a3626643-4749-4e56-83bc-b4a8ffd53659', 1, '2026-06-06T14:00:00+00');
INSERT INTO brindes_aparelhos (id, loja_id, venda_id, descricao, valor_custo, data_ocorrencia, criado_por, criado_em) VALUES ('23a648ea-c2f5-42a2-b81f-8401064cf993', 4, 'aec4e08b-8a17-46c9-9abb-2f7db9af9844', 'Brinde', 5.0, '2026-06-06', 'a3626643-4749-4e56-83bc-b4a8ffd53659', '2026-06-06T14:00:00+00');

-- === Linha 41: IPAD 11° (A16) 128GB AZUL NOVO (06/06/2026) ===
INSERT INTO aparelhos (id, marca, modelo, imei, valor_venda, valor_compra, loja_id, estado, condicao, status, data_venda, data_entrada, criado_por, criado_em, atualizado_em, observacoes) VALUES ('1d094109-dd6f-4a43-b2f0-a03eb45d6513', 'Apple', 'IPAD 11° (A16) 128GB AZUL NOVO', 'FP424P4PXH', 2471.0, 2250.0, 4, 'novo', 'perfeito', 'vendido', '2026-06-06T14:00:00+00', '2026-06-06T14:00:00+00', 'a3626643-4749-4e56-83bc-b4a8ffd53659', '2026-06-06T14:00:00+00', '2026-06-06T14:00:00+00', NULL);
INSERT INTO vendas (id, numero_venda, cliente_id, loja_id, vendedor_id, status, tipo, valor_total, valor_pago, saldo_devedor, criado_em, finalizado_em, finalizado_por) VALUES ('611c5c11-8da5-4524-aa8d-9aec876d4d2c', 11524, current_setting('importacao.cliente_id')::uuid, 4, 'a3626643-4749-4e56-83bc-b4a8ffd53659', 'concluida', 'normal', 2471.0, 2471.0, 0.0, '2026-06-06T14:00:00+00', '2026-06-06T14:00:00+00', 'a3626643-4749-4e56-83bc-b4a8ffd53659');
UPDATE aparelhos SET venda_id = '611c5c11-8da5-4524-aa8d-9aec876d4d2c' WHERE id = '1d094109-dd6f-4a43-b2f0-a03eb45d6513';
INSERT INTO pagamentos_venda (id, venda_id, tipo_pagamento, valor, data_pagamento, criado_por, parcelas, criado_em) VALUES ('7b0f1ecd-2471-4073-a9ed-27ac32a38e45', '611c5c11-8da5-4524-aa8d-9aec876d4d2c', 'pix', 1100.0, '2026-06-06', 'a3626643-4749-4e56-83bc-b4a8ffd53659', 1, '2026-06-06T14:00:00+00');
INSERT INTO pagamentos_venda (id, venda_id, tipo_pagamento, valor, data_pagamento, criado_por, parcelas, criado_em) VALUES ('5e0d7ac0-bf8c-47b9-9b77-4d3663d195c5', '611c5c11-8da5-4524-aa8d-9aec876d4d2c', 'cartao_credito', 1371.0, '2026-06-06', 'a3626643-4749-4e56-83bc-b4a8ffd53659', 1, '2026-06-06T14:00:00+00');
INSERT INTO brindes_aparelhos (id, loja_id, venda_id, descricao, valor_custo, data_ocorrencia, criado_por, criado_em) VALUES ('e852bd9f-f4ee-409e-bc69-f1e0bea29b5c', 4, '611c5c11-8da5-4524-aa8d-9aec876d4d2c', 'Brinde', 130.0, '2026-06-06', 'a3626643-4749-4e56-83bc-b4a8ffd53659', '2026-06-06T14:00:00+00');

-- === Linha 42: IPHONE 14 PLUS 128GB LILAS NOVO (06/06/2026) ===
INSERT INTO aparelhos (id, marca, modelo, imei, valor_venda, valor_compra, loja_id, estado, condicao, status, data_venda, data_entrada, criado_por, criado_em, atualizado_em, observacoes) VALUES ('06171e10-ad4f-470a-b661-be761e480729', 'Apple', 'IPHONE 14 PLUS 128GB LILAS NOVO', '351906511449970', 3570.0, 3450.0, 20, 'novo', 'perfeito', 'vendido', '2026-06-06T14:00:00+00', '2026-06-06T14:00:00+00', 'a50f1e24-aabb-41c1-b817-b4a4950bb1e4', '2026-06-06T14:00:00+00', '2026-06-06T14:00:00+00', NULL);
INSERT INTO vendas (id, numero_venda, cliente_id, loja_id, vendedor_id, status, tipo, valor_total, valor_pago, saldo_devedor, criado_em, finalizado_em, finalizado_por) VALUES ('4d0c6a49-017c-4b82-a720-f8ff1ab8de17', 11525, current_setting('importacao.cliente_id')::uuid, 20, 'a50f1e24-aabb-41c1-b817-b4a4950bb1e4', 'concluida', 'normal', 3570.0, 3570.0, 0.0, '2026-06-06T14:00:00+00', '2026-06-06T14:00:00+00', 'a50f1e24-aabb-41c1-b817-b4a4950bb1e4');
UPDATE aparelhos SET venda_id = '4d0c6a49-017c-4b82-a720-f8ff1ab8de17' WHERE id = '06171e10-ad4f-470a-b661-be761e480729';
INSERT INTO pagamentos_venda (id, venda_id, tipo_pagamento, valor, data_pagamento, criado_por, parcelas, criado_em) VALUES ('9a96e1a0-be98-48f8-99fa-f465224499df', '4d0c6a49-017c-4b82-a720-f8ff1ab8de17', 'pix', 3570.0, '2026-06-06', 'a50f1e24-aabb-41c1-b817-b4a4950bb1e4', 1, '2026-06-06T14:00:00+00');
INSERT INTO brindes_aparelhos (id, loja_id, venda_id, descricao, valor_custo, data_ocorrencia, criado_por, criado_em) VALUES ('8e116f4c-c552-49b8-a442-f97be8cf297e', 20, '4d0c6a49-017c-4b82-a720-f8ff1ab8de17', 'Brinde', 5.0, '2026-06-06', 'a50f1e24-aabb-41c1-b817-b4a4950bb1e4', '2026-06-06T14:00:00+00');

-- === Linha 43: IPHONE 13 256GB BRANCO SEMINOVO (06/06/2026) ===
INSERT INTO aparelhos (id, marca, modelo, imei, valor_venda, valor_compra, loja_id, estado, condicao, status, data_venda, data_entrada, criado_por, criado_em, atualizado_em, observacoes) VALUES ('c4d1cfe6-880d-4a18-ba2c-c21ef069693e', 'Apple', 'IPHONE 13 256GB BRANCO SEMINOVO', '353640981930528', 2325.0, 1900.0, 19, 'seminovo', 'bom', 'vendido', '2026-06-06T14:00:00+00', '2026-06-06T14:00:00+00', '97f12885-87ad-426a-8bbb-656889d82e10', '2026-06-06T14:00:00+00', '2026-06-06T14:00:00+00', NULL);
INSERT INTO vendas (id, numero_venda, cliente_id, loja_id, vendedor_id, status, tipo, valor_total, valor_pago, saldo_devedor, criado_em, finalizado_em, finalizado_por) VALUES ('56d5634c-94a5-4d02-96cc-8cc9bac70bd6', 11526, current_setting('importacao.cliente_id')::uuid, 19, '97f12885-87ad-426a-8bbb-656889d82e10', 'concluida', 'normal', 2325.0, 2325.0, 0.0, '2026-06-06T14:00:00+00', '2026-06-06T14:00:00+00', '97f12885-87ad-426a-8bbb-656889d82e10');
UPDATE aparelhos SET venda_id = '56d5634c-94a5-4d02-96cc-8cc9bac70bd6' WHERE id = 'c4d1cfe6-880d-4a18-ba2c-c21ef069693e';
INSERT INTO pagamentos_venda (id, venda_id, tipo_pagamento, valor, data_pagamento, criado_por, parcelas, criado_em) VALUES ('eb1787e2-ca1c-45aa-b9a5-066063817f20', '56d5634c-94a5-4d02-96cc-8cc9bac70bd6', 'pix', 1300.0, '2026-06-06', '97f12885-87ad-426a-8bbb-656889d82e10', 1, '2026-06-06T14:00:00+00');
INSERT INTO pagamentos_venda (id, venda_id, tipo_pagamento, valor, data_pagamento, criado_por, parcelas, criado_em) VALUES ('7fc37413-a15a-40e6-aaf1-c31b85232b99', '56d5634c-94a5-4d02-96cc-8cc9bac70bd6', 'cartao_credito', 1025.0, '2026-06-06', '97f12885-87ad-426a-8bbb-656889d82e10', 1, '2026-06-06T14:00:00+00');
INSERT INTO brindes_aparelhos (id, loja_id, venda_id, descricao, valor_custo, data_ocorrencia, criado_por, criado_em) VALUES ('49e1c488-5c3e-4b1e-9fdc-85d8c1c33093', 19, '56d5634c-94a5-4d02-96cc-8cc9bac70bd6', 'Brinde', 25.0, '2026-06-06', '97f12885-87ad-426a-8bbb-656889d82e10', '2026-06-06T14:00:00+00');

-- === Linha 44: IPHONE 17 PRO 256GB SILVER NOVO (06/06/2026) ===
INSERT INTO aparelhos (id, marca, modelo, imei, valor_venda, valor_compra, loja_id, estado, condicao, status, data_venda, data_entrada, criado_por, criado_em, atualizado_em, observacoes) VALUES ('c1e58fb2-23ef-4ed7-9bb9-b68a2019cf64', 'Apple', 'IPHONE 17 PRO 256GB SILVER NOVO', '352574676009796', 7325.0, 7000.0, 19, 'novo', 'perfeito', 'vendido', '2026-06-06T14:00:00+00', '2026-06-06T14:00:00+00', '97f12885-87ad-426a-8bbb-656889d82e10', '2026-06-06T14:00:00+00', '2026-06-06T14:00:00+00', 'pgto forcado pix (diff nao extraida)');
INSERT INTO vendas (id, numero_venda, cliente_id, loja_id, vendedor_id, status, tipo, valor_total, valor_pago, saldo_devedor, criado_em, finalizado_em, finalizado_por) VALUES ('1787c180-8d9b-496c-8af8-134063de0e08', 11527, current_setting('importacao.cliente_id')::uuid, 19, '97f12885-87ad-426a-8bbb-656889d82e10', 'concluida', 'normal', 7325.0, 7325.0, 0.0, '2026-06-06T14:00:00+00', '2026-06-06T14:00:00+00', '97f12885-87ad-426a-8bbb-656889d82e10');
UPDATE aparelhos SET venda_id = '1787c180-8d9b-496c-8af8-134063de0e08' WHERE id = 'c1e58fb2-23ef-4ed7-9bb9-b68a2019cf64';
INSERT INTO pagamentos_venda (id, venda_id, tipo_pagamento, valor, data_pagamento, criado_por, parcelas, criado_em) VALUES ('4d0b4410-2225-49b5-9e8b-2eb569e91edc', '1787c180-8d9b-496c-8af8-134063de0e08', 'pix', 7325.0, '2026-06-06', '97f12885-87ad-426a-8bbb-656889d82e10', 1, '2026-06-06T14:00:00+00');
INSERT INTO brindes_aparelhos (id, loja_id, venda_id, descricao, valor_custo, data_ocorrencia, criado_por, criado_em) VALUES ('0423c799-6d45-4edb-bd3a-630f9e840bfb', 19, '1787c180-8d9b-496c-8af8-134063de0e08', 'Brinde', 20.0, '2026-06-06', '97f12885-87ad-426a-8bbb-656889d82e10', '2026-06-06T14:00:00+00');

-- === Linha 45: IPHONE 13 128GB BRANCO SEMINOVO (06/06/2026) ===
INSERT INTO aparelhos (id, marca, modelo, imei, valor_venda, valor_compra, loja_id, estado, condicao, status, data_venda, data_entrada, criado_por, criado_em, atualizado_em, observacoes) VALUES ('af52c972-782c-4d7a-b253-3cbc43559307', 'Apple', 'IPHONE 13 128GB BRANCO SEMINOVO', '350264528248328', 1910.0, 1750.0, 19, 'seminovo', 'bom', 'vendido', '2026-06-06T14:00:00+00', '2026-06-06T14:00:00+00', '97f12885-87ad-426a-8bbb-656889d82e10', '2026-06-06T14:00:00+00', '2026-06-06T14:00:00+00', 'pgto forcado pix (diff nao extraida)');
INSERT INTO vendas (id, numero_venda, cliente_id, loja_id, vendedor_id, status, tipo, valor_total, valor_pago, saldo_devedor, criado_em, finalizado_em, finalizado_por) VALUES ('0c5a4079-0b97-4cca-b9ea-c3e5cab4d006', 11528, current_setting('importacao.cliente_id')::uuid, 19, '97f12885-87ad-426a-8bbb-656889d82e10', 'concluida', 'normal', 1910.0, 1910.0, 0.0, '2026-06-06T14:00:00+00', '2026-06-06T14:00:00+00', '97f12885-87ad-426a-8bbb-656889d82e10');
UPDATE aparelhos SET venda_id = '0c5a4079-0b97-4cca-b9ea-c3e5cab4d006' WHERE id = 'af52c972-782c-4d7a-b253-3cbc43559307';
INSERT INTO pagamentos_venda (id, venda_id, tipo_pagamento, valor, data_pagamento, criado_por, parcelas, criado_em) VALUES ('b337d100-59e3-4bf1-bc14-062184b28e58', '0c5a4079-0b97-4cca-b9ea-c3e5cab4d006', 'pix', 1910.0, '2026-06-06', '97f12885-87ad-426a-8bbb-656889d82e10', 1, '2026-06-06T14:00:00+00');
INSERT INTO brindes_aparelhos (id, loja_id, venda_id, descricao, valor_custo, data_ocorrencia, criado_por, criado_em) VALUES ('9ad819b9-5b3c-403e-85d4-ce43b1341848', 19, '0c5a4079-0b97-4cca-b9ea-c3e5cab4d006', 'Brinde', 10.0, '2026-06-06', '97f12885-87ad-426a-8bbb-656889d82e10', '2026-06-06T14:00:00+00');

-- === Linha 46: REDMI 15C 256GB AZUL NOVO (06/06/2026) ===
INSERT INTO aparelhos (id, marca, modelo, imei, valor_venda, valor_compra, loja_id, estado, condicao, status, data_venda, data_entrada, criado_por, criado_em, atualizado_em, observacoes) VALUES ('9bc22500-642d-4ac7-9a06-c4d0794c5cc4', 'Xiaomi', 'REDMI 15C 256GB AZUL NOVO', '866509086604223', 880.0, 840.0, 19, 'novo', 'perfeito', 'vendido', '2026-06-06T14:00:00+00', '2026-06-06T14:00:00+00', '97f12885-87ad-426a-8bbb-656889d82e10', '2026-06-06T14:00:00+00', '2026-06-06T14:00:00+00', 'pgto forcado pix (diff nao extraida)');
INSERT INTO vendas (id, numero_venda, cliente_id, loja_id, vendedor_id, status, tipo, valor_total, valor_pago, saldo_devedor, criado_em, finalizado_em, finalizado_por) VALUES ('e932fffd-eaf3-45f2-adb0-78a20ce606ad', 11529, current_setting('importacao.cliente_id')::uuid, 19, '97f12885-87ad-426a-8bbb-656889d82e10', 'concluida', 'normal', 880.0, 880.0, 0.0, '2026-06-06T14:00:00+00', '2026-06-06T14:00:00+00', '97f12885-87ad-426a-8bbb-656889d82e10');
UPDATE aparelhos SET venda_id = 'e932fffd-eaf3-45f2-adb0-78a20ce606ad' WHERE id = '9bc22500-642d-4ac7-9a06-c4d0794c5cc4';
INSERT INTO pagamentos_venda (id, venda_id, tipo_pagamento, valor, data_pagamento, criado_por, parcelas, criado_em) VALUES ('720d40a6-d0ec-4770-9532-4595f7f3f8f0', 'e932fffd-eaf3-45f2-adb0-78a20ce606ad', 'pix', 880.0, '2026-06-06', '97f12885-87ad-426a-8bbb-656889d82e10', 1, '2026-06-06T14:00:00+00');

-- === Linha 47: IPHONE 17 PRO 256GB BRANCO SEMINOVO (06/06/2026) ===
INSERT INTO aparelhos (id, marca, modelo, imei, valor_venda, valor_compra, loja_id, estado, condicao, status, data_venda, data_entrada, criado_por, criado_em, atualizado_em, observacoes) VALUES ('0742053d-ce5b-40f2-ba49-e0897a11c653', 'Apple', 'IPHONE 17 PRO 256GB BRANCO SEMINOVO', NULL, 7065.0, 6300.0, 1, 'seminovo', 'bom', 'vendido', '2026-06-06T14:00:00+00', '2026-06-06T14:00:00+00', '85e3aa42-b9af-49b8-a72a-64e9c337aa53', '2026-06-06T14:00:00+00', '2026-06-06T14:00:00+00', 'Sem IMEI');
INSERT INTO vendas (id, numero_venda, cliente_id, loja_id, vendedor_id, status, tipo, valor_total, valor_pago, saldo_devedor, criado_em, finalizado_em, finalizado_por) VALUES ('79087f6f-62ef-481c-8bd1-191406785cfe', 11530, current_setting('importacao.cliente_id')::uuid, 1, '85e3aa42-b9af-49b8-a72a-64e9c337aa53', 'concluida', 'normal', 7065.0, 7065.0, 0.0, '2026-06-06T14:00:00+00', '2026-06-06T14:00:00+00', '85e3aa42-b9af-49b8-a72a-64e9c337aa53');
UPDATE aparelhos SET venda_id = '79087f6f-62ef-481c-8bd1-191406785cfe' WHERE id = '0742053d-ce5b-40f2-ba49-e0897a11c653';
INSERT INTO pagamentos_venda (id, venda_id, tipo_pagamento, valor, data_pagamento, criado_por, parcelas, criado_em) VALUES ('51195468-d4f0-4f17-a7f3-f69de03c6a7d', '79087f6f-62ef-481c-8bd1-191406785cfe', 'pix', 2565.0, '2026-06-06', '85e3aa42-b9af-49b8-a72a-64e9c337aa53', 1, '2026-06-06T14:00:00+00');
INSERT INTO pagamentos_venda (id, venda_id, tipo_pagamento, valor, data_pagamento, criado_por, observacao, parcelas, criado_em) VALUES ('e6631f94-99ee-4e3f-9f36-7e0fcac5de37', '79087f6f-62ef-481c-8bd1-191406785cfe', 'troca_aparelho', 4500.0, '2026-06-06', '85e3aa42-b9af-49b8-a72a-64e9c337aa53', 'Troca: IPH 15 128GB; IPH 14 LILAS 128GB', 1, '2026-06-06T14:00:00+00');
INSERT INTO brindes_aparelhos (id, loja_id, venda_id, descricao, valor_custo, data_ocorrencia, criado_por, criado_em) VALUES ('664779c5-5e73-4e33-ba88-58c0b728561b', 1, '79087f6f-62ef-481c-8bd1-191406785cfe', 'Brinde', 10.0, '2026-06-06', '85e3aa42-b9af-49b8-a72a-64e9c337aa53', '2026-06-06T14:00:00+00');

-- === Linha 48: IPHONE 13 256GB ROSA SEMINOVO (06/06/2026) ===
INSERT INTO aparelhos (id, marca, modelo, imei, valor_venda, valor_compra, loja_id, estado, condicao, status, data_venda, data_entrada, criado_por, criado_em, atualizado_em, observacoes) VALUES ('77af4c25-341f-40aa-b0f8-a7fb72b81a1c', 'Apple', 'IPHONE 13 256GB ROSA SEMINOVO', '356815609092334', 2116.0, 1900.0, 1, 'seminovo', 'bom', 'vendido', '2026-06-06T14:00:00+00', '2026-06-06T14:00:00+00', '85e3aa42-b9af-49b8-a72a-64e9c337aa53', '2026-06-06T14:00:00+00', '2026-06-06T14:00:00+00', NULL);
INSERT INTO vendas (id, numero_venda, cliente_id, loja_id, vendedor_id, status, tipo, valor_total, valor_pago, saldo_devedor, criado_em, finalizado_em, finalizado_por) VALUES ('deb35730-51ed-4038-8757-ed78748f3e2d', 11531, current_setting('importacao.cliente_id')::uuid, 1, '85e3aa42-b9af-49b8-a72a-64e9c337aa53', 'concluida', 'normal', 2116.0, 2116.0, 0.0, '2026-06-06T14:00:00+00', '2026-06-06T14:00:00+00', '85e3aa42-b9af-49b8-a72a-64e9c337aa53');
UPDATE aparelhos SET venda_id = 'deb35730-51ed-4038-8757-ed78748f3e2d' WHERE id = '77af4c25-341f-40aa-b0f8-a7fb72b81a1c';
INSERT INTO pagamentos_venda (id, venda_id, tipo_pagamento, valor, data_pagamento, criado_por, parcelas, criado_em) VALUES ('63a79a5a-d1eb-4766-8a25-62420b69aa7b', 'deb35730-51ed-4038-8757-ed78748f3e2d', 'pix', 2116.0, '2026-06-06', '85e3aa42-b9af-49b8-a72a-64e9c337aa53', 1, '2026-06-06T14:00:00+00');
INSERT INTO brindes_aparelhos (id, loja_id, venda_id, descricao, valor_custo, data_ocorrencia, criado_por, criado_em) VALUES ('7edf0b62-b5d4-45e0-8095-2eb7f17aefe8', 1, 'deb35730-51ed-4038-8757-ed78748f3e2d', 'Brinde', 10.0, '2026-06-06', '85e3aa42-b9af-49b8-a72a-64e9c337aa53', '2026-06-06T14:00:00+00');

-- === Linha 49: IPHONE 15 128GB AZUL SEMINOVO (06/06/2026) ===
INSERT INTO aparelhos (id, marca, modelo, imei, valor_venda, valor_compra, loja_id, estado, condicao, status, data_venda, data_entrada, criado_por, criado_em, atualizado_em, observacoes) VALUES ('224200a4-e8b1-47bf-9f49-481d11d9d755', 'Apple', 'IPHONE 15 128GB AZUL SEMINOVO', '351682570296095', 2910.0, 2660.0, 20, 'seminovo', 'bom', 'vendido', '2026-06-06T14:00:00+00', '2026-06-06T14:00:00+00', '25e2da5b-9e76-4388-9890-7e22efd6940d', '2026-06-06T14:00:00+00', '2026-06-06T14:00:00+00', 'pgto forcado pix (diff nao extraida)');
INSERT INTO vendas (id, numero_venda, cliente_id, loja_id, vendedor_id, status, tipo, valor_total, valor_pago, saldo_devedor, criado_em, finalizado_em, finalizado_por) VALUES ('21076501-3502-4d2f-ae05-04d296545365', 11532, current_setting('importacao.cliente_id')::uuid, 20, '25e2da5b-9e76-4388-9890-7e22efd6940d', 'concluida', 'normal', 2910.0, 2910.0, 0.0, '2026-06-06T14:00:00+00', '2026-06-06T14:00:00+00', '25e2da5b-9e76-4388-9890-7e22efd6940d');
UPDATE aparelhos SET venda_id = '21076501-3502-4d2f-ae05-04d296545365' WHERE id = '224200a4-e8b1-47bf-9f49-481d11d9d755';
INSERT INTO pagamentos_venda (id, venda_id, tipo_pagamento, valor, data_pagamento, criado_por, parcelas, criado_em) VALUES ('8dd0510c-426c-470c-8586-a5259068af2b', '21076501-3502-4d2f-ae05-04d296545365', 'pix', 2910.0, '2026-06-06', '25e2da5b-9e76-4388-9890-7e22efd6940d', 1, '2026-06-06T14:00:00+00');
INSERT INTO brindes_aparelhos (id, loja_id, venda_id, descricao, valor_custo, data_ocorrencia, criado_por, criado_em) VALUES ('5a86e546-0c7b-49cb-834e-490867716761', 20, '21076501-3502-4d2f-ae05-04d296545365', 'Brinde', 25.0, '2026-06-06', '25e2da5b-9e76-4388-9890-7e22efd6940d', '2026-06-06T14:00:00+00');

-- PULADO (Angel): linha 50 - IPHONE 14 PRO MAX 512GB ROXO SEMINOVO
-- PULADO (Angel): linha 51 - IPHONE 13 256GB ROSA SEMINOVO
-- === Linha 52: IPHONE 17 256GB BRANCO NOVO (07/06/2026) ===
INSERT INTO aparelhos (id, marca, modelo, imei, valor_venda, valor_compra, loja_id, estado, condicao, status, data_venda, data_entrada, criado_por, criado_em, atualizado_em, observacoes) VALUES ('d999d5cc-6376-43d3-a5f6-a7e3338ce2cd', 'Apple', 'IPHONE 17 256GB BRANCO NOVO', '353111887936779', 4705.0, 4690.0, 4, 'novo', 'perfeito', 'vendido', '2026-06-07T14:00:00+00', '2026-06-07T14:00:00+00', 'a3626643-4749-4e56-83bc-b4a8ffd53659', '2026-06-07T14:00:00+00', '2026-06-07T14:00:00+00', NULL);
INSERT INTO vendas (id, numero_venda, cliente_id, loja_id, vendedor_id, status, tipo, valor_total, valor_pago, saldo_devedor, criado_em, finalizado_em, finalizado_por) VALUES ('0d0fb75b-a318-4c09-b9de-a46e4ed0532c', 11533, current_setting('importacao.cliente_id')::uuid, 4, 'a3626643-4749-4e56-83bc-b4a8ffd53659', 'concluida', 'normal', 4705.0, 4705.0, 0.0, '2026-06-07T14:00:00+00', '2026-06-07T14:00:00+00', 'a3626643-4749-4e56-83bc-b4a8ffd53659');
UPDATE aparelhos SET venda_id = '0d0fb75b-a318-4c09-b9de-a46e4ed0532c' WHERE id = 'd999d5cc-6376-43d3-a5f6-a7e3338ce2cd';
INSERT INTO pagamentos_venda (id, venda_id, tipo_pagamento, valor, data_pagamento, criado_por, parcelas, criado_em) VALUES ('9efef8dc-9290-493e-9bbd-6fe1b59b1d8f', '0d0fb75b-a318-4c09-b9de-a46e4ed0532c', 'pix', 4705.0, '2026-06-07', 'a3626643-4749-4e56-83bc-b4a8ffd53659', 1, '2026-06-07T14:00:00+00');
INSERT INTO brindes_aparelhos (id, loja_id, venda_id, descricao, valor_custo, data_ocorrencia, criado_por, criado_em) VALUES ('61a7b6d6-df24-492e-af8d-425b1d15c17e', 4, '0d0fb75b-a318-4c09-b9de-a46e4ed0532c', 'Brinde', 10.0, '2026-06-07', 'a3626643-4749-4e56-83bc-b4a8ffd53659', '2026-06-07T14:00:00+00');

-- === Linha 53: APPLE WATCH ULTRA 3 49MM PRETO NOVO (07/06/2026) ===
INSERT INTO aparelhos (id, marca, modelo, imei, valor_venda, valor_compra, loja_id, estado, condicao, status, data_venda, data_entrada, criado_por, criado_em, atualizado_em, observacoes) VALUES ('5b64553b-62cd-46b4-a322-c66920b4e711', 'Apple', 'APPLE WATCH ULTRA 3 49MM PRETO NOVO', '353938647328032', 5750.0, 4670.0, 4, 'novo', 'perfeito', 'vendido', '2026-06-07T14:00:00+00', '2026-06-07T14:00:00+00', 'a3626643-4749-4e56-83bc-b4a8ffd53659', '2026-06-07T14:00:00+00', '2026-06-07T14:00:00+00', NULL);
INSERT INTO vendas (id, numero_venda, cliente_id, loja_id, vendedor_id, status, tipo, valor_total, valor_pago, saldo_devedor, criado_em, finalizado_em, finalizado_por) VALUES ('b31b1c3f-34ea-408b-b1dd-9ac57add664a', 11534, current_setting('importacao.cliente_id')::uuid, 4, 'a3626643-4749-4e56-83bc-b4a8ffd53659', 'concluida', 'normal', 5750.0, 5750.0, 0.0, '2026-06-07T14:00:00+00', '2026-06-07T14:00:00+00', 'a3626643-4749-4e56-83bc-b4a8ffd53659');
UPDATE aparelhos SET venda_id = 'b31b1c3f-34ea-408b-b1dd-9ac57add664a' WHERE id = '5b64553b-62cd-46b4-a322-c66920b4e711';
INSERT INTO pagamentos_venda (id, venda_id, tipo_pagamento, valor, data_pagamento, criado_por, parcelas, criado_em) VALUES ('f6fd0769-e1e1-41a8-8aa9-4b5ba6c8631e', 'b31b1c3f-34ea-408b-b1dd-9ac57add664a', 'cartao_credito', 5750.0, '2026-06-07', 'a3626643-4749-4e56-83bc-b4a8ffd53659', 1, '2026-06-07T14:00:00+00');
INSERT INTO brindes_aparelhos (id, loja_id, venda_id, descricao, valor_custo, data_ocorrencia, criado_por, criado_em) VALUES ('0297de55-b74f-4410-9c21-55ebf3834888', 4, 'b31b1c3f-34ea-408b-b1dd-9ac57add664a', 'Brinde', 15.0, '2026-06-07', 'a3626643-4749-4e56-83bc-b4a8ffd53659', '2026-06-07T14:00:00+00');

-- === Linha 54: BOOMBOX 4 LARANJA NOVA/SEMINOVA (07/06/2026) ===
INSERT INTO aparelhos (id, marca, modelo, imei, valor_venda, valor_compra, loja_id, estado, condicao, status, data_venda, data_entrada, criado_por, criado_em, atualizado_em, observacoes) VALUES ('180ca9ff-0ba0-4597-9f7b-574f0f8dc0b7', 'Outros', 'BOOMBOX 4 LARANJA NOVA/SEMINOVA', 'TL1973-BQ009163', 2500.0, 2390.0, 4, 'seminovo', 'bom', 'vendido', '2026-06-07T14:00:00+00', '2026-06-07T14:00:00+00', 'a3626643-4749-4e56-83bc-b4a8ffd53659', '2026-06-07T14:00:00+00', '2026-06-07T14:00:00+00', NULL);
INSERT INTO vendas (id, numero_venda, cliente_id, loja_id, vendedor_id, status, tipo, valor_total, valor_pago, saldo_devedor, criado_em, finalizado_em, finalizado_por) VALUES ('6e9fdbdd-0e13-4625-bbba-e7cfce41005f', 11535, current_setting('importacao.cliente_id')::uuid, 4, 'a3626643-4749-4e56-83bc-b4a8ffd53659', 'concluida', 'normal', 2500.0, 2500.0, 0.0, '2026-06-07T14:00:00+00', '2026-06-07T14:00:00+00', 'a3626643-4749-4e56-83bc-b4a8ffd53659');
UPDATE aparelhos SET venda_id = '6e9fdbdd-0e13-4625-bbba-e7cfce41005f' WHERE id = '180ca9ff-0ba0-4597-9f7b-574f0f8dc0b7';
INSERT INTO pagamentos_venda (id, venda_id, tipo_pagamento, valor, data_pagamento, criado_por, parcelas, criado_em) VALUES ('8c210338-634c-4434-9d3c-58964b459f1c', '6e9fdbdd-0e13-4625-bbba-e7cfce41005f', 'pix', 1500.0, '2026-06-07', 'a3626643-4749-4e56-83bc-b4a8ffd53659', 1, '2026-06-07T14:00:00+00');
INSERT INTO pagamentos_venda (id, venda_id, tipo_pagamento, valor, data_pagamento, criado_por, parcelas, criado_em) VALUES ('2356308a-7b2a-4f7d-b112-abadc8cd18d3', '6e9fdbdd-0e13-4625-bbba-e7cfce41005f', 'dinheiro', 1000.0, '2026-06-07', 'a3626643-4749-4e56-83bc-b4a8ffd53659', 1, '2026-06-07T14:00:00+00');

-- === Linha 55: IPHONE 15 PRO MAX 256GB PRETO SEMINOVO (07/06/2026) ===
INSERT INTO aparelhos (id, marca, modelo, imei, valor_venda, valor_compra, loja_id, estado, condicao, status, data_venda, data_entrada, criado_por, criado_em, atualizado_em, observacoes) VALUES ('bc7c31b4-c91d-46bb-b49f-e1ce98f0929c', 'Apple', 'IPHONE 15 PRO MAX 256GB PRETO SEMINOVO', '352832408625648', 4050.0, 3700.0, 4, 'seminovo', 'bom', 'vendido', '2026-06-07T14:00:00+00', '2026-06-07T14:00:00+00', 'a3626643-4749-4e56-83bc-b4a8ffd53659', '2026-06-07T14:00:00+00', '2026-06-07T14:00:00+00', NULL);
INSERT INTO vendas (id, numero_venda, cliente_id, loja_id, vendedor_id, status, tipo, valor_total, valor_pago, saldo_devedor, criado_em, finalizado_em, finalizado_por) VALUES ('ca1bbc9b-1fc1-4d3a-bf58-24070fd8812c', 11536, current_setting('importacao.cliente_id')::uuid, 4, 'a3626643-4749-4e56-83bc-b4a8ffd53659', 'concluida', 'normal', 4050.0, 4050.0, 0.0, '2026-06-07T14:00:00+00', '2026-06-07T14:00:00+00', 'a3626643-4749-4e56-83bc-b4a8ffd53659');
UPDATE aparelhos SET venda_id = 'ca1bbc9b-1fc1-4d3a-bf58-24070fd8812c' WHERE id = 'bc7c31b4-c91d-46bb-b49f-e1ce98f0929c';
INSERT INTO pagamentos_venda (id, venda_id, tipo_pagamento, valor, data_pagamento, criado_por, parcelas, criado_em) VALUES ('5e959bac-b990-466f-9403-560eb5f2a40c', 'ca1bbc9b-1fc1-4d3a-bf58-24070fd8812c', 'pix', 2000.0, '2026-06-07', 'a3626643-4749-4e56-83bc-b4a8ffd53659', 1, '2026-06-07T14:00:00+00');
INSERT INTO pagamentos_venda (id, venda_id, tipo_pagamento, valor, data_pagamento, criado_por, parcelas, criado_em) VALUES ('d2d06a33-aef2-4375-9f37-b4665ad044ac', 'ca1bbc9b-1fc1-4d3a-bf58-24070fd8812c', 'cartao_credito', 2050.0, '2026-06-07', 'a3626643-4749-4e56-83bc-b4a8ffd53659', 1, '2026-06-07T14:00:00+00');
INSERT INTO brindes_aparelhos (id, loja_id, venda_id, descricao, valor_custo, data_ocorrencia, criado_por, criado_em) VALUES ('92774a91-de96-42c9-bb8b-0e3486c464bc', 4, 'ca1bbc9b-1fc1-4d3a-bf58-24070fd8812c', 'Brinde', 41.0, '2026-06-07', 'a3626643-4749-4e56-83bc-b4a8ffd53659', '2026-06-07T14:00:00+00');

-- === Linha 56: IPHONE 17 256GB PRETO NOVO (07/06/2026) ===
INSERT INTO aparelhos (id, marca, modelo, imei, valor_venda, valor_compra, loja_id, estado, condicao, status, data_venda, data_entrada, criado_por, criado_em, atualizado_em, observacoes) VALUES ('9e7be09d-67c4-4bb3-bdfa-5f7471ea452c', 'Apple', 'IPHONE 17 256GB PRETO NOVO', '358736464505640', 4750.0, 4650.0, 20, 'novo', 'perfeito', 'vendido', '2026-06-07T14:00:00+00', '2026-06-07T14:00:00+00', 'a50f1e24-aabb-41c1-b817-b4a4950bb1e4', '2026-06-07T14:00:00+00', '2026-06-07T14:00:00+00', NULL);
INSERT INTO vendas (id, numero_venda, cliente_id, loja_id, vendedor_id, status, tipo, valor_total, valor_pago, saldo_devedor, criado_em, finalizado_em, finalizado_por) VALUES ('b389db0a-a0a4-4b8b-bcd6-5130d9a7af4f', 11537, current_setting('importacao.cliente_id')::uuid, 20, 'a50f1e24-aabb-41c1-b817-b4a4950bb1e4', 'concluida', 'normal', 4750.0, 4750.0, 0.0, '2026-06-07T14:00:00+00', '2026-06-07T14:00:00+00', 'a50f1e24-aabb-41c1-b817-b4a4950bb1e4');
UPDATE aparelhos SET venda_id = 'b389db0a-a0a4-4b8b-bcd6-5130d9a7af4f' WHERE id = '9e7be09d-67c4-4bb3-bdfa-5f7471ea452c';
INSERT INTO pagamentos_venda (id, venda_id, tipo_pagamento, valor, data_pagamento, criado_por, parcelas, criado_em) VALUES ('5615b416-253b-4b13-b077-4c4207420803', 'b389db0a-a0a4-4b8b-bcd6-5130d9a7af4f', 'pix', 4750.0, '2026-06-07', 'a50f1e24-aabb-41c1-b817-b4a4950bb1e4', 1, '2026-06-07T14:00:00+00');

-- === Linha 57: POCO X8 PRO MAX 512GB AZUL NOVO (07/06/2026) ===
INSERT INTO aparelhos (id, marca, modelo, imei, valor_venda, valor_compra, loja_id, estado, condicao, status, data_venda, data_entrada, criado_por, criado_em, atualizado_em, observacoes) VALUES ('d19ca169-247a-4bef-a194-817d748c0c08', 'Xiaomi', 'POCO X8 PRO MAX 512GB AZUL NOVO', '74909/F6QV01625', 3100.0, 2950.0, 20, 'novo', 'perfeito', 'vendido', '2026-06-07T14:00:00+00', '2026-06-07T14:00:00+00', 'a50f1e24-aabb-41c1-b817-b4a4950bb1e4', '2026-06-07T14:00:00+00', '2026-06-07T14:00:00+00', NULL);
INSERT INTO vendas (id, numero_venda, cliente_id, loja_id, vendedor_id, status, tipo, valor_total, valor_pago, saldo_devedor, criado_em, finalizado_em, finalizado_por) VALUES ('618c19f0-233d-4ce6-872c-41611eae9833', 11538, current_setting('importacao.cliente_id')::uuid, 20, 'a50f1e24-aabb-41c1-b817-b4a4950bb1e4', 'concluida', 'normal', 3100.0, 3100.0, 0.0, '2026-06-07T14:00:00+00', '2026-06-07T14:00:00+00', 'a50f1e24-aabb-41c1-b817-b4a4950bb1e4');
UPDATE aparelhos SET venda_id = '618c19f0-233d-4ce6-872c-41611eae9833' WHERE id = 'd19ca169-247a-4bef-a194-817d748c0c08';
INSERT INTO pagamentos_venda (id, venda_id, tipo_pagamento, valor, data_pagamento, criado_por, parcelas, criado_em) VALUES ('f295fe61-e7bf-4dfa-8dc9-77ae9b550588', '618c19f0-233d-4ce6-872c-41611eae9833', 'pix', 3100.0, '2026-06-07', 'a50f1e24-aabb-41c1-b817-b4a4950bb1e4', 1, '2026-06-07T14:00:00+00');

-- === Linha 58: IPHONE 15 128GB AZUL SEMINOVO (07/06/2026) ===
INSERT INTO aparelhos (id, marca, modelo, imei, valor_venda, valor_compra, loja_id, estado, condicao, status, data_venda, data_entrada, criado_por, criado_em, atualizado_em, observacoes) VALUES ('94422a49-5902-479b-890c-9ce1512e300b', 'Apple', 'IPHONE 15 128GB AZUL SEMINOVO', '35986788108129', 3973.0, 3700.0, 4, 'seminovo', 'bom', 'vendido', '2026-06-07T14:00:00+00', '2026-06-07T14:00:00+00', 'a3626643-4749-4e56-83bc-b4a8ffd53659', '2026-06-07T14:00:00+00', '2026-06-07T14:00:00+00', 'pgto forcado pix (diff nao extraida)');
INSERT INTO vendas (id, numero_venda, cliente_id, loja_id, vendedor_id, status, tipo, valor_total, valor_pago, saldo_devedor, criado_em, finalizado_em, finalizado_por) VALUES ('da67fdbf-0a16-4c69-bcd7-e3f3662962ef', 11539, current_setting('importacao.cliente_id')::uuid, 4, 'a3626643-4749-4e56-83bc-b4a8ffd53659', 'concluida', 'normal', 3973.0, 3973.0, 0.0, '2026-06-07T14:00:00+00', '2026-06-07T14:00:00+00', 'a3626643-4749-4e56-83bc-b4a8ffd53659');
UPDATE aparelhos SET venda_id = 'da67fdbf-0a16-4c69-bcd7-e3f3662962ef' WHERE id = '94422a49-5902-479b-890c-9ce1512e300b';
INSERT INTO pagamentos_venda (id, venda_id, tipo_pagamento, valor, data_pagamento, criado_por, parcelas, criado_em) VALUES ('7219e682-676b-4f80-8f33-540cbca209aa', 'da67fdbf-0a16-4c69-bcd7-e3f3662962ef', 'pix', 3973.0, '2026-06-07', 'a3626643-4749-4e56-83bc-b4a8ffd53659', 1, '2026-06-07T14:00:00+00');
INSERT INTO brindes_aparelhos (id, loja_id, venda_id, descricao, valor_custo, data_ocorrencia, criado_por, criado_em) VALUES ('71cf5312-35aa-4dc7-875b-2486a0773d41', 4, 'da67fdbf-0a16-4c69-bcd7-e3f3662962ef', 'Brinde', 15.0, '2026-06-07', 'a3626643-4749-4e56-83bc-b4a8ffd53659', '2026-06-07T14:00:00+00');

-- === Linha 59: IPHONE 12 64GB LILAS SEMINOVO (07/06/2026) ===
INSERT INTO aparelhos (id, marca, modelo, imei, valor_venda, valor_compra, loja_id, estado, condicao, status, data_venda, data_entrada, criado_por, criado_em, atualizado_em, observacoes) VALUES ('b50efb00-ef6a-4746-8e1b-c7ecdce9004f', 'Apple', 'IPHONE 12 64GB LILAS SEMINOVO', '358187610315940', 1350.0, 1150.0, 4, 'seminovo', 'bom', 'vendido', '2026-06-07T14:00:00+00', '2026-06-07T14:00:00+00', 'a3626643-4749-4e56-83bc-b4a8ffd53659', '2026-06-07T14:00:00+00', '2026-06-07T14:00:00+00', NULL);
INSERT INTO vendas (id, numero_venda, cliente_id, loja_id, vendedor_id, status, tipo, valor_total, valor_pago, saldo_devedor, criado_em, finalizado_em, finalizado_por) VALUES ('baf6494d-c303-4401-9455-883d98c71ee3', 11540, current_setting('importacao.cliente_id')::uuid, 4, 'a3626643-4749-4e56-83bc-b4a8ffd53659', 'concluida', 'normal', 1350.0, 1350.0, 0.0, '2026-06-07T14:00:00+00', '2026-06-07T14:00:00+00', 'a3626643-4749-4e56-83bc-b4a8ffd53659');
UPDATE aparelhos SET venda_id = 'baf6494d-c303-4401-9455-883d98c71ee3' WHERE id = 'b50efb00-ef6a-4746-8e1b-c7ecdce9004f';
INSERT INTO pagamentos_venda (id, venda_id, tipo_pagamento, valor, data_pagamento, criado_por, parcelas, criado_em) VALUES ('37f81b5b-45c8-474f-834e-2092bbe6fbfe', 'baf6494d-c303-4401-9455-883d98c71ee3', 'cartao_credito', 1350.0, '2026-06-07', 'a3626643-4749-4e56-83bc-b4a8ffd53659', 1, '2026-06-07T14:00:00+00');
INSERT INTO brindes_aparelhos (id, loja_id, venda_id, descricao, valor_custo, data_ocorrencia, criado_por, criado_em) VALUES ('5c6d929b-b699-4819-9681-7285ea2d4bd5', 4, 'baf6494d-c303-4401-9455-883d98c71ee3', 'Brinde', 25.0, '2026-06-07', 'a3626643-4749-4e56-83bc-b4a8ffd53659', '2026-06-07T14:00:00+00');

-- === Linha 60: IPHONE 15 PRO MAX 256GB PRETO SEMINOVO (07/06/2026) ===
INSERT INTO aparelhos (id, marca, modelo, imei, valor_venda, valor_compra, loja_id, estado, condicao, status, data_venda, data_entrada, criado_por, criado_em, atualizado_em, observacoes) VALUES ('cd7005cd-4ae0-4658-bfbd-32df09f4f595', 'Apple', 'IPHONE 15 PRO MAX 256GB PRETO SEMINOVO', '350496304995505', 4050.0, 3700.0, 4, 'seminovo', 'bom', 'vendido', '2026-06-07T14:00:00+00', '2026-06-07T14:00:00+00', 'a3626643-4749-4e56-83bc-b4a8ffd53659', '2026-06-07T14:00:00+00', '2026-06-07T14:00:00+00', NULL);
INSERT INTO vendas (id, numero_venda, cliente_id, loja_id, vendedor_id, status, tipo, valor_total, valor_pago, saldo_devedor, criado_em, finalizado_em, finalizado_por) VALUES ('a15d4bfc-dcb2-4f27-8cdd-9de6806e1e87', 11541, current_setting('importacao.cliente_id')::uuid, 4, 'a3626643-4749-4e56-83bc-b4a8ffd53659', 'concluida', 'normal', 4050.0, 4050.0, 0.0, '2026-06-07T14:00:00+00', '2026-06-07T14:00:00+00', 'a3626643-4749-4e56-83bc-b4a8ffd53659');
UPDATE aparelhos SET venda_id = 'a15d4bfc-dcb2-4f27-8cdd-9de6806e1e87' WHERE id = 'cd7005cd-4ae0-4658-bfbd-32df09f4f595';
INSERT INTO pagamentos_venda (id, venda_id, tipo_pagamento, valor, data_pagamento, criado_por, parcelas, criado_em) VALUES ('b09ec1b3-4520-4691-bbb3-907ffeaf7cf3', 'a15d4bfc-dcb2-4f27-8cdd-9de6806e1e87', 'cartao_credito', 2950.0, '2026-06-07', 'a3626643-4749-4e56-83bc-b4a8ffd53659', 1, '2026-06-07T14:00:00+00');
INSERT INTO pagamentos_venda (id, venda_id, tipo_pagamento, valor, data_pagamento, criado_por, observacao, parcelas, criado_em) VALUES ('585958b2-c344-43b4-a2f1-4071eaaabf94', 'a15d4bfc-dcb2-4f27-8cdd-9de6806e1e87', 'troca_aparelho', 1100.0, '2026-06-07', 'a3626643-4749-4e56-83bc-b4a8ffd53659', 'Troca: ENTROU UM 14 PRO 128 SEMINOVO POR', 1, '2026-06-07T14:00:00+00');
INSERT INTO brindes_aparelhos (id, loja_id, venda_id, descricao, valor_custo, data_ocorrencia, criado_por, criado_em) VALUES ('51688396-e0fe-472f-8c42-0cecd51cd94e', 4, 'a15d4bfc-dcb2-4f27-8cdd-9de6806e1e87', 'Brinde', 25.0, '2026-06-07', 'a3626643-4749-4e56-83bc-b4a8ffd53659', '2026-06-07T14:00:00+00');

-- === Linha 61: IPHONE 14 PRO 128GB ROXO SEMINOVO (07/06/2026) ===
INSERT INTO aparelhos (id, marca, modelo, imei, valor_venda, valor_compra, loja_id, estado, condicao, status, data_venda, data_entrada, criado_por, criado_em, atualizado_em, observacoes) VALUES ('6c80cf4a-f752-414e-8633-413997beb590', 'Apple', 'IPHONE 14 PRO 128GB ROXO SEMINOVO', '3501800048255', 1650.0, 1100.0, 4, 'seminovo', 'bom', 'vendido', '2026-06-07T14:00:00+00', '2026-06-07T14:00:00+00', 'a3626643-4749-4e56-83bc-b4a8ffd53659', '2026-06-07T14:00:00+00', '2026-06-07T14:00:00+00', NULL);
INSERT INTO vendas (id, numero_venda, cliente_id, loja_id, vendedor_id, status, tipo, valor_total, valor_pago, saldo_devedor, criado_em, finalizado_em, finalizado_por) VALUES ('46ffd8e7-19d1-4c7c-ae5f-60f672b01f9d', 11542, current_setting('importacao.cliente_id')::uuid, 4, 'a3626643-4749-4e56-83bc-b4a8ffd53659', 'concluida', 'normal', 1650.0, 1650.0, 0.0, '2026-06-07T14:00:00+00', '2026-06-07T14:00:00+00', 'a3626643-4749-4e56-83bc-b4a8ffd53659');
UPDATE aparelhos SET venda_id = '46ffd8e7-19d1-4c7c-ae5f-60f672b01f9d' WHERE id = '6c80cf4a-f752-414e-8633-413997beb590';
INSERT INTO pagamentos_venda (id, venda_id, tipo_pagamento, valor, data_pagamento, criado_por, parcelas, criado_em) VALUES ('665c592f-aea7-4588-a795-050d74f2df78', '46ffd8e7-19d1-4c7c-ae5f-60f672b01f9d', 'pix', 1650.0, '2026-06-07', 'a3626643-4749-4e56-83bc-b4a8ffd53659', 1, '2026-06-07T14:00:00+00');

-- === Linha 62: IPAD 11° (A16) 128GB SILVER NOVO (07/06/2026) ===
INSERT INTO aparelhos (id, marca, modelo, imei, valor_venda, valor_compra, loja_id, estado, condicao, status, data_venda, data_entrada, criado_por, criado_em, atualizado_em, observacoes) VALUES ('d1ec16fe-0b1a-4358-9039-185ce11c6a06', 'Apple', 'IPAD 11° (A16) 128GB SILVER NOVO', 'DHYGFK76Q2', 2453.35, 2250.0, 4, 'novo', 'perfeito', 'vendido', '2026-06-07T14:00:00+00', '2026-06-07T14:00:00+00', 'a3626643-4749-4e56-83bc-b4a8ffd53659', '2026-06-07T14:00:00+00', '2026-06-07T14:00:00+00', 'Pagto junto (Aparelho 1/2, total grupo R$ 3,153)');
INSERT INTO vendas (id, numero_venda, cliente_id, loja_id, vendedor_id, status, tipo, valor_total, valor_pago, saldo_devedor, criado_em, finalizado_em, finalizado_por) VALUES ('2ac18997-d11b-4300-a7f1-a36eb294f4ac', 11543, current_setting('importacao.cliente_id')::uuid, 4, 'a3626643-4749-4e56-83bc-b4a8ffd53659', 'concluida', 'normal', 2453.35, 2453.35, 0.0, '2026-06-07T14:00:00+00', '2026-06-07T14:00:00+00', 'a3626643-4749-4e56-83bc-b4a8ffd53659');
UPDATE aparelhos SET venda_id = '2ac18997-d11b-4300-a7f1-a36eb294f4ac' WHERE id = 'd1ec16fe-0b1a-4358-9039-185ce11c6a06';
INSERT INTO pagamentos_venda (id, venda_id, tipo_pagamento, valor, data_pagamento, criado_por, parcelas, criado_em) VALUES ('af20a03a-d54d-4890-8cbf-66b503d93e22', '2ac18997-d11b-4300-a7f1-a36eb294f4ac', 'pix', 2453.35, '2026-06-07', 'a3626643-4749-4e56-83bc-b4a8ffd53659', 1, '2026-06-07T14:00:00+00');
INSERT INTO brindes_aparelhos (id, loja_id, venda_id, descricao, valor_custo, data_ocorrencia, criado_por, criado_em) VALUES ('612b9c49-3533-467a-883d-5b898c7b7a02', 4, '2ac18997-d11b-4300-a7f1-a36eb294f4ac', 'Brinde', 100.0, '2026-06-07', 'a3626643-4749-4e56-83bc-b4a8ffd53659', '2026-06-07T14:00:00+00');

-- === Linha 63: IPHONE XR 64GB AZUL SEMINOVO (07/06/2026) ===
INSERT INTO aparelhos (id, marca, modelo, imei, valor_venda, valor_compra, loja_id, estado, condicao, status, data_venda, data_entrada, criado_por, criado_em, atualizado_em, observacoes) VALUES ('8e191c1e-bc2c-47db-b7c7-5d11db106188', 'Apple', 'IPHONE XR 64GB AZUL SEMINOVO', '353060104205916', 700.0, 500.0, 4, 'seminovo', 'bom', 'vendido', '2026-06-07T14:00:00+00', '2026-06-07T14:00:00+00', 'a3626643-4749-4e56-83bc-b4a8ffd53659', '2026-06-07T14:00:00+00', '2026-06-07T14:00:00+00', 'Pagto junto (Aparelho 2/2, total grupo R$ 3,153)');
INSERT INTO vendas (id, numero_venda, cliente_id, loja_id, vendedor_id, status, tipo, valor_total, valor_pago, saldo_devedor, criado_em, finalizado_em, finalizado_por) VALUES ('1c008ace-59a7-4931-9069-8dcee701ce0f', 11544, current_setting('importacao.cliente_id')::uuid, 4, 'a3626643-4749-4e56-83bc-b4a8ffd53659', 'concluida', 'normal', 700.0, 700.0, 0.0, '2026-06-07T14:00:00+00', '2026-06-07T14:00:00+00', 'a3626643-4749-4e56-83bc-b4a8ffd53659');
UPDATE aparelhos SET venda_id = '1c008ace-59a7-4931-9069-8dcee701ce0f' WHERE id = '8e191c1e-bc2c-47db-b7c7-5d11db106188';
INSERT INTO pagamentos_venda (id, venda_id, tipo_pagamento, valor, data_pagamento, criado_por, parcelas, criado_em) VALUES ('74303ded-a27c-4b93-93b4-daccc59cc6f9', '1c008ace-59a7-4931-9069-8dcee701ce0f', 'pix', 700.0, '2026-06-07', 'a3626643-4749-4e56-83bc-b4a8ffd53659', 1, '2026-06-07T14:00:00+00');
INSERT INTO brindes_aparelhos (id, loja_id, venda_id, descricao, valor_custo, data_ocorrencia, criado_por, criado_em) VALUES ('05485b63-9462-4328-81eb-0c5dd8c40950', 4, '1c008ace-59a7-4931-9069-8dcee701ce0f', 'Brinde', 25.0, '2026-06-07', 'a3626643-4749-4e56-83bc-b4a8ffd53659', '2026-06-07T14:00:00+00');

-- === Linha 64: IPHONE 13 PRO MAX 128GB SEMINOVO (07/06/2026) ===
INSERT INTO aparelhos (id, marca, modelo, imei, valor_venda, valor_compra, loja_id, estado, condicao, status, data_venda, data_entrada, criado_por, criado_em, atualizado_em, observacoes) VALUES ('4177abd7-0b7a-4d1f-8353-35a72c3a1c31', 'Apple', 'IPHONE 13 PRO MAX 128GB SEMINOVO', '353869220171228', 3047.0, 2600.0, 1, 'seminovo', 'bom', 'vendido', '2026-06-07T14:00:00+00', '2026-06-07T14:00:00+00', '85e3aa42-b9af-49b8-a72a-64e9c337aa53', '2026-06-07T14:00:00+00', '2026-06-07T14:00:00+00', NULL);
INSERT INTO vendas (id, numero_venda, cliente_id, loja_id, vendedor_id, status, tipo, valor_total, valor_pago, saldo_devedor, criado_em, finalizado_em, finalizado_por) VALUES ('7ce8c002-73ff-4fcc-b653-780898a519e9', 11545, current_setting('importacao.cliente_id')::uuid, 1, '85e3aa42-b9af-49b8-a72a-64e9c337aa53', 'concluida', 'normal', 3047.0, 3047.0, 0.0, '2026-06-07T14:00:00+00', '2026-06-07T14:00:00+00', '85e3aa42-b9af-49b8-a72a-64e9c337aa53');
UPDATE aparelhos SET venda_id = '7ce8c002-73ff-4fcc-b653-780898a519e9' WHERE id = '4177abd7-0b7a-4d1f-8353-35a72c3a1c31';
INSERT INTO pagamentos_venda (id, venda_id, tipo_pagamento, valor, data_pagamento, criado_por, parcelas, criado_em) VALUES ('c46cc692-8820-48bc-9da4-0da77340e6df', '7ce8c002-73ff-4fcc-b653-780898a519e9', 'pix', 3047.0, '2026-06-07', '85e3aa42-b9af-49b8-a72a-64e9c337aa53', 1, '2026-06-07T14:00:00+00');
INSERT INTO brindes_aparelhos (id, loja_id, venda_id, descricao, valor_custo, data_ocorrencia, criado_por, criado_em) VALUES ('68c5392b-4db5-40d9-8c6a-cfab5eb74224', 1, '7ce8c002-73ff-4fcc-b653-780898a519e9', 'Brinde', 10.0, '2026-06-07', '85e3aa42-b9af-49b8-a72a-64e9c337aa53', '2026-06-07T14:00:00+00');

-- === Linha 65: IPHONE 16 PRO MAX 256GB DESERT SEMINOVO (07/06/2026) ===
INSERT INTO aparelhos (id, marca, modelo, imei, valor_venda, valor_compra, loja_id, estado, condicao, status, data_venda, data_entrada, criado_por, criado_em, atualizado_em, observacoes) VALUES ('1238d25c-4edf-4661-b7bf-aff270321709', 'Apple', 'IPHONE 16 PRO MAX 256GB DESERT SEMINOVO', '35568866635102', 5450.0, 5000.0, 1, 'seminovo', 'bom', 'vendido', '2026-06-07T14:00:00+00', '2026-06-07T14:00:00+00', '85e3aa42-b9af-49b8-a72a-64e9c337aa53', '2026-06-07T14:00:00+00', '2026-06-07T14:00:00+00', NULL);
INSERT INTO vendas (id, numero_venda, cliente_id, loja_id, vendedor_id, status, tipo, valor_total, valor_pago, saldo_devedor, criado_em, finalizado_em, finalizado_por) VALUES ('a53619a3-cb93-42e2-ba9b-3ced49d02448', 11546, current_setting('importacao.cliente_id')::uuid, 1, '85e3aa42-b9af-49b8-a72a-64e9c337aa53', 'concluida', 'normal', 5450.0, 5450.0, 0.0, '2026-06-07T14:00:00+00', '2026-06-07T14:00:00+00', '85e3aa42-b9af-49b8-a72a-64e9c337aa53');
UPDATE aparelhos SET venda_id = 'a53619a3-cb93-42e2-ba9b-3ced49d02448' WHERE id = '1238d25c-4edf-4661-b7bf-aff270321709';
INSERT INTO pagamentos_venda (id, venda_id, tipo_pagamento, valor, data_pagamento, criado_por, parcelas, criado_em) VALUES ('1565f3b5-06a7-4793-b7e2-ad1ca1790849', 'a53619a3-cb93-42e2-ba9b-3ced49d02448', 'pix', 5450.0, '2026-06-07', '85e3aa42-b9af-49b8-a72a-64e9c337aa53', 1, '2026-06-07T14:00:00+00');

-- === Linha 66: IPHONE 14 PRO MAX 256GB ROXO SEMINOVO (07/06/2026) ===
INSERT INTO aparelhos (id, marca, modelo, imei, valor_venda, valor_compra, loja_id, estado, condicao, status, data_venda, data_entrada, criado_por, criado_em, atualizado_em, observacoes) VALUES ('5a121d65-8532-4142-8aaa-edd799eb2ec8', 'Apple', 'IPHONE 14 PRO MAX 256GB ROXO SEMINOVO', '357879437816990', 3350.0, 3200.0, 1, 'seminovo', 'bom', 'vendido', '2026-06-07T14:00:00+00', '2026-06-07T14:00:00+00', '85e3aa42-b9af-49b8-a72a-64e9c337aa53', '2026-06-07T14:00:00+00', '2026-06-07T14:00:00+00', NULL);
INSERT INTO vendas (id, numero_venda, cliente_id, loja_id, vendedor_id, status, tipo, valor_total, valor_pago, saldo_devedor, criado_em, finalizado_em, finalizado_por) VALUES ('bd7e7602-304b-4fbe-bd32-892ad5e427c7', 11547, current_setting('importacao.cliente_id')::uuid, 1, '85e3aa42-b9af-49b8-a72a-64e9c337aa53', 'concluida', 'normal', 3350.0, 3350.0, 0.0, '2026-06-07T14:00:00+00', '2026-06-07T14:00:00+00', '85e3aa42-b9af-49b8-a72a-64e9c337aa53');
UPDATE aparelhos SET venda_id = 'bd7e7602-304b-4fbe-bd32-892ad5e427c7' WHERE id = '5a121d65-8532-4142-8aaa-edd799eb2ec8';
INSERT INTO pagamentos_venda (id, venda_id, tipo_pagamento, valor, data_pagamento, criado_por, parcelas, criado_em) VALUES ('cf03bee9-bf24-4d3a-9412-be3d9f746dad', 'bd7e7602-304b-4fbe-bd32-892ad5e427c7', 'pix', 3350.0, '2026-06-07', '85e3aa42-b9af-49b8-a72a-64e9c337aa53', 1, '2026-06-07T14:00:00+00');

-- === Linha 67: IPHONE 16E 128GB PRETO SEMINOVO (07/06/2026) ===
INSERT INTO aparelhos (id, marca, modelo, imei, valor_venda, valor_compra, loja_id, estado, condicao, status, data_venda, data_entrada, criado_por, criado_em, atualizado_em, observacoes) VALUES ('3d7f70a4-44d2-4094-aad2-45f9ffa1ef69', 'Apple', 'IPHONE 16E 128GB PRETO SEMINOVO', '356243696858256', 2839.0, 1800.0, 1, 'seminovo', 'bom', 'vendido', '2026-06-07T14:00:00+00', '2026-06-07T14:00:00+00', '85e3aa42-b9af-49b8-a72a-64e9c337aa53', '2026-06-07T14:00:00+00', '2026-06-07T14:00:00+00', NULL);
INSERT INTO vendas (id, numero_venda, cliente_id, loja_id, vendedor_id, status, tipo, valor_total, valor_pago, saldo_devedor, criado_em, finalizado_em, finalizado_por) VALUES ('d3637f70-b8f5-43f2-8446-96c0802c226c', 11548, current_setting('importacao.cliente_id')::uuid, 1, '85e3aa42-b9af-49b8-a72a-64e9c337aa53', 'concluida', 'normal', 2839.0, 2839.0, 0.0, '2026-06-07T14:00:00+00', '2026-06-07T14:00:00+00', '85e3aa42-b9af-49b8-a72a-64e9c337aa53');
UPDATE aparelhos SET venda_id = 'd3637f70-b8f5-43f2-8446-96c0802c226c' WHERE id = '3d7f70a4-44d2-4094-aad2-45f9ffa1ef69';
INSERT INTO pagamentos_venda (id, venda_id, tipo_pagamento, valor, data_pagamento, criado_por, parcelas, criado_em) VALUES ('067a2a58-b274-4d14-a5e7-34fec9064211', 'd3637f70-b8f5-43f2-8446-96c0802c226c', 'pix', 2839.0, '2026-06-07', '85e3aa42-b9af-49b8-a72a-64e9c337aa53', 1, '2026-06-07T14:00:00+00');

-- === Linha 68: IPHONE 17 256GB PRETO NOVO (07/06/2026) ===
INSERT INTO aparelhos (id, marca, modelo, imei, valor_venda, valor_compra, loja_id, estado, condicao, status, data_venda, data_entrada, criado_por, criado_em, atualizado_em, observacoes) VALUES ('219b68da-6f07-4b24-94bd-f44fdf8dfd23', 'Apple', 'IPHONE 17 256GB PRETO NOVO', '355989444523158', 4605.0, 4550.0, 1, 'novo', 'perfeito', 'vendido', '2026-06-07T14:00:00+00', '2026-06-07T14:00:00+00', '85e3aa42-b9af-49b8-a72a-64e9c337aa53', '2026-06-07T14:00:00+00', '2026-06-07T14:00:00+00', NULL);
INSERT INTO vendas (id, numero_venda, cliente_id, loja_id, vendedor_id, status, tipo, valor_total, valor_pago, saldo_devedor, criado_em, finalizado_em, finalizado_por) VALUES ('13f0e298-8986-4fcc-9100-da52d8e71744', 11549, current_setting('importacao.cliente_id')::uuid, 1, '85e3aa42-b9af-49b8-a72a-64e9c337aa53', 'concluida', 'normal', 4605.0, 4605.0, 0.0, '2026-06-07T14:00:00+00', '2026-06-07T14:00:00+00', '85e3aa42-b9af-49b8-a72a-64e9c337aa53');
UPDATE aparelhos SET venda_id = '13f0e298-8986-4fcc-9100-da52d8e71744' WHERE id = '219b68da-6f07-4b24-94bd-f44fdf8dfd23';
INSERT INTO pagamentos_venda (id, venda_id, tipo_pagamento, valor, data_pagamento, criado_por, parcelas, criado_em) VALUES ('1ab33338-3711-4a51-9ce2-c6a1698818a6', '13f0e298-8986-4fcc-9100-da52d8e71744', 'pix', 4605.0, '2026-06-07', '85e3aa42-b9af-49b8-a72a-64e9c337aa53', 1, '2026-06-07T14:00:00+00');

-- === Linha 69: IPHONE 14 128GB AZUL SEMINOVO (07/06/2026) ===
INSERT INTO aparelhos (id, marca, modelo, imei, valor_venda, valor_compra, loja_id, estado, condicao, status, data_venda, data_entrada, criado_por, criado_em, atualizado_em, observacoes) VALUES ('8ebaaf5e-2b86-4ffa-89ab-620dee90fc4c', 'Apple', 'IPHONE 14 128GB AZUL SEMINOVO', '358264142105709', 2150.0, 1900.0, 1, 'seminovo', 'bom', 'vendido', '2026-06-07T14:00:00+00', '2026-06-07T14:00:00+00', '85e3aa42-b9af-49b8-a72a-64e9c337aa53', '2026-06-07T14:00:00+00', '2026-06-07T14:00:00+00', NULL);
INSERT INTO vendas (id, numero_venda, cliente_id, loja_id, vendedor_id, status, tipo, valor_total, valor_pago, saldo_devedor, criado_em, finalizado_em, finalizado_por) VALUES ('d8202609-d02f-41b6-9814-7b8758076139', 11550, current_setting('importacao.cliente_id')::uuid, 1, '85e3aa42-b9af-49b8-a72a-64e9c337aa53', 'concluida', 'normal', 2150.0, 2150.0, 0.0, '2026-06-07T14:00:00+00', '2026-06-07T14:00:00+00', '85e3aa42-b9af-49b8-a72a-64e9c337aa53');
UPDATE aparelhos SET venda_id = 'd8202609-d02f-41b6-9814-7b8758076139' WHERE id = '8ebaaf5e-2b86-4ffa-89ab-620dee90fc4c';
INSERT INTO pagamentos_venda (id, venda_id, tipo_pagamento, valor, data_pagamento, criado_por, parcelas, criado_em) VALUES ('cb5a8050-ccaa-4fd1-b023-c2ea56c97ec7', 'd8202609-d02f-41b6-9814-7b8758076139', 'pix', 2150.0, '2026-06-07', '85e3aa42-b9af-49b8-a72a-64e9c337aa53', 1, '2026-06-07T14:00:00+00');

-- === Linha 70: NOTE 15 8GB 256GB PRETO NOVO (07/06/2026) ===
INSERT INTO aparelhos (id, marca, modelo, imei, valor_venda, valor_compra, loja_id, estado, condicao, status, data_venda, data_entrada, criado_por, criado_em, atualizado_em, observacoes) VALUES ('847684c9-d20e-4d86-975d-ec70b9752d5b', 'Redmi', 'NOTE 15 8GB 256GB PRETO NOVO', '865716081697042', 1330.0, 1100.0, 20, 'novo', 'perfeito', 'vendido', '2026-06-07T14:00:00+00', '2026-06-07T14:00:00+00', '25e2da5b-9e76-4388-9890-7e22efd6940d', '2026-06-07T14:00:00+00', '2026-06-07T14:00:00+00', NULL);
INSERT INTO vendas (id, numero_venda, cliente_id, loja_id, vendedor_id, status, tipo, valor_total, valor_pago, saldo_devedor, criado_em, finalizado_em, finalizado_por) VALUES ('bd50513a-70c8-492b-94f7-0a35dba8d683', 11551, current_setting('importacao.cliente_id')::uuid, 20, '25e2da5b-9e76-4388-9890-7e22efd6940d', 'concluida', 'normal', 1330.0, 1330.0, 0.0, '2026-06-07T14:00:00+00', '2026-06-07T14:00:00+00', '25e2da5b-9e76-4388-9890-7e22efd6940d');
UPDATE aparelhos SET venda_id = 'bd50513a-70c8-492b-94f7-0a35dba8d683' WHERE id = '847684c9-d20e-4d86-975d-ec70b9752d5b';
INSERT INTO pagamentos_venda (id, venda_id, tipo_pagamento, valor, data_pagamento, criado_por, parcelas, criado_em) VALUES ('815110b6-d2f8-4223-98f0-d05a750f401e', 'bd50513a-70c8-492b-94f7-0a35dba8d683', 'cartao_credito', 1330.0, '2026-06-07', '25e2da5b-9e76-4388-9890-7e22efd6940d', 1, '2026-06-07T14:00:00+00');

-- === Linha 71: IPHONE 11 64GB PRETO SEMINOVO - GARANTIA DO XR (08/06/2026) ===
INSERT INTO aparelhos (id, marca, modelo, imei, valor_venda, valor_compra, loja_id, estado, condicao, status, data_venda, data_entrada, criado_por, criado_em, atualizado_em, observacoes) VALUES ('d11d466f-a116-4056-b4b9-85d340c1e0d6', 'Apple', 'IPHONE 11 64GB PRETO SEMINOVO - GARANTIA DO XR', '356814118803398', 880.0, 600.0, 1, 'seminovo', 'bom', 'vendido', '2026-06-08T14:00:00+00', '2026-06-08T14:00:00+00', 'a3626643-4749-4e56-83bc-b4a8ffd53659', '2026-06-08T14:00:00+00', '2026-06-08T14:00:00+00', NULL);
INSERT INTO vendas (id, numero_venda, cliente_id, loja_id, vendedor_id, status, tipo, valor_total, valor_pago, saldo_devedor, criado_em, finalizado_em, finalizado_por) VALUES ('72035727-bc82-4d13-b824-85c131c56407', 11552, current_setting('importacao.cliente_id')::uuid, 1, 'a3626643-4749-4e56-83bc-b4a8ffd53659', 'concluida', 'normal', 880.0, 880.0, 0.0, '2026-06-08T14:00:00+00', '2026-06-08T14:00:00+00', 'a3626643-4749-4e56-83bc-b4a8ffd53659');
UPDATE aparelhos SET venda_id = '72035727-bc82-4d13-b824-85c131c56407' WHERE id = 'd11d466f-a116-4056-b4b9-85d340c1e0d6';
INSERT INTO pagamentos_venda (id, venda_id, tipo_pagamento, valor, data_pagamento, criado_por, parcelas, criado_em) VALUES ('7c5bb460-2a58-4716-8444-7d662770c772', '72035727-bc82-4d13-b824-85c131c56407', 'pix', 180.0, '2026-06-08', 'a3626643-4749-4e56-83bc-b4a8ffd53659', 1, '2026-06-08T14:00:00+00');
INSERT INTO pagamentos_venda (id, venda_id, tipo_pagamento, valor, data_pagamento, criado_por, observacao, parcelas, criado_em) VALUES ('41df8318-d43e-40bd-b427-c351e71b2ec0', '72035727-bc82-4d13-b824-85c131c56407', 'troca_aparelho', 700.0, '2026-06-08', 'a3626643-4749-4e56-83bc-b4a8ffd53659', 'Troca: ENTROU UM XR 64 AZUL POR', 1, '2026-06-08T14:00:00+00');
INSERT INTO brindes_aparelhos (id, loja_id, venda_id, descricao, valor_custo, data_ocorrencia, criado_por, criado_em) VALUES ('09238bed-fd1e-44d8-9a42-5f1b3b8e10a2', 1, '72035727-bc82-4d13-b824-85c131c56407', 'Brinde', 15.0, '2026-06-08', 'a3626643-4749-4e56-83bc-b4a8ffd53659', '2026-06-08T14:00:00+00');

-- === Linha 72: IPHONE 15 PRO 256GB NATURAL SEMINOVO (09/06/2026) ===
INSERT INTO aparelhos (id, marca, modelo, imei, valor_venda, valor_compra, loja_id, estado, condicao, status, data_venda, data_entrada, criado_por, criado_em, atualizado_em, observacoes) VALUES ('dd3cc6fe-f9ef-4620-be63-0e1e0525583a', 'Apple', 'IPHONE 15 PRO 256GB NATURAL SEMINOVO', '354300587089588', 3780.0, 3000.0, 1, 'seminovo', 'bom', 'vendido', '2026-06-09T14:00:00+00', '2026-06-09T14:00:00+00', 'a3626643-4749-4e56-83bc-b4a8ffd53659', '2026-06-09T14:00:00+00', '2026-06-09T14:00:00+00', NULL);
INSERT INTO vendas (id, numero_venda, cliente_id, loja_id, vendedor_id, status, tipo, valor_total, valor_pago, saldo_devedor, criado_em, finalizado_em, finalizado_por) VALUES ('3caa122d-7212-4ee2-b95c-12e4764126a3', 11553, current_setting('importacao.cliente_id')::uuid, 1, 'a3626643-4749-4e56-83bc-b4a8ffd53659', 'concluida', 'normal', 3780.0, 3780.0, 0.0, '2026-06-09T14:00:00+00', '2026-06-09T14:00:00+00', 'a3626643-4749-4e56-83bc-b4a8ffd53659');
UPDATE aparelhos SET venda_id = '3caa122d-7212-4ee2-b95c-12e4764126a3' WHERE id = 'dd3cc6fe-f9ef-4620-be63-0e1e0525583a';
INSERT INTO pagamentos_venda (id, venda_id, tipo_pagamento, valor, data_pagamento, criado_por, parcelas, criado_em) VALUES ('7597563d-db9e-47a9-86a5-176847d190d5', '3caa122d-7212-4ee2-b95c-12e4764126a3', 'pix', 3780.0, '2026-06-09', 'a3626643-4749-4e56-83bc-b4a8ffd53659', 1, '2026-06-09T14:00:00+00');
INSERT INTO brindes_aparelhos (id, loja_id, venda_id, descricao, valor_custo, data_ocorrencia, criado_por, criado_em) VALUES ('f949f48c-378a-43d1-9b5e-7d943a2e5fb6', 1, '3caa122d-7212-4ee2-b95c-12e4764126a3', 'Brinde', 25.0, '2026-06-09', 'a3626643-4749-4e56-83bc-b4a8ffd53659', '2026-06-09T14:00:00+00');

-- === Linha 73: IPHONE 16E 128GB BRANCO SEMINOVO (09/06/2026) ===
INSERT INTO aparelhos (id, marca, modelo, imei, valor_venda, valor_compra, loja_id, estado, condicao, status, data_venda, data_entrada, criado_por, criado_em, atualizado_em, observacoes) VALUES ('a67c5d72-257a-41fd-a2ae-9a720f649eac', 'Apple', 'IPHONE 16E 128GB BRANCO SEMINOVO', '352638936490615', 2600.0, 2100.0, 20, 'seminovo', 'bom', 'vendido', '2026-06-09T14:00:00+00', '2026-06-09T14:00:00+00', 'a50f1e24-aabb-41c1-b817-b4a4950bb1e4', '2026-06-09T14:00:00+00', '2026-06-09T14:00:00+00', 'pgto forcado pix (diff nao extraida)');
INSERT INTO vendas (id, numero_venda, cliente_id, loja_id, vendedor_id, status, tipo, valor_total, valor_pago, saldo_devedor, criado_em, finalizado_em, finalizado_por) VALUES ('977f0f3e-cfe6-4dfd-bd43-a2bfd4cf0d11', 11554, current_setting('importacao.cliente_id')::uuid, 20, 'a50f1e24-aabb-41c1-b817-b4a4950bb1e4', 'concluida', 'normal', 2600.0, 2600.0, 0.0, '2026-06-09T14:00:00+00', '2026-06-09T14:00:00+00', 'a50f1e24-aabb-41c1-b817-b4a4950bb1e4');
UPDATE aparelhos SET venda_id = '977f0f3e-cfe6-4dfd-bd43-a2bfd4cf0d11' WHERE id = 'a67c5d72-257a-41fd-a2ae-9a720f649eac';
INSERT INTO pagamentos_venda (id, venda_id, tipo_pagamento, valor, data_pagamento, criado_por, parcelas, criado_em) VALUES ('a9b69eac-f0f5-4336-a8e2-31e858c7ea47', '977f0f3e-cfe6-4dfd-bd43-a2bfd4cf0d11', 'pix', 2600.0, '2026-06-09', 'a50f1e24-aabb-41c1-b817-b4a4950bb1e4', 1, '2026-06-09T14:00:00+00');
INSERT INTO brindes_aparelhos (id, loja_id, venda_id, descricao, valor_custo, data_ocorrencia, criado_por, criado_em) VALUES ('6a2d3419-e1aa-4116-8dec-7171e4ce7793', 20, '977f0f3e-cfe6-4dfd-bd43-a2bfd4cf0d11', 'Brinde', 25.0, '2026-06-09', 'a50f1e24-aabb-41c1-b817-b4a4950bb1e4', '2026-06-09T14:00:00+00');

-- === Linha 74: IPHONE 15 256GB PRETO SEMINOVO (09/06/2026) ===
INSERT INTO aparelhos (id, marca, modelo, imei, valor_venda, valor_compra, loja_id, estado, condicao, status, data_venda, data_entrada, criado_por, criado_em, atualizado_em, observacoes) VALUES ('ba08deaa-b1cb-4cc8-a8b4-abd5790a9464', 'Apple', 'IPHONE 15 256GB PRETO SEMINOVO', '359817430962252', 3050.0, 2900.0, 20, 'seminovo', 'bom', 'vendido', '2026-06-09T14:00:00+00', '2026-06-09T14:00:00+00', 'a50f1e24-aabb-41c1-b817-b4a4950bb1e4', '2026-06-09T14:00:00+00', '2026-06-09T14:00:00+00', NULL);
INSERT INTO vendas (id, numero_venda, cliente_id, loja_id, vendedor_id, status, tipo, valor_total, valor_pago, saldo_devedor, criado_em, finalizado_em, finalizado_por) VALUES ('f9e21d66-177b-4e36-85f5-4cda4f188e02', 11555, current_setting('importacao.cliente_id')::uuid, 20, 'a50f1e24-aabb-41c1-b817-b4a4950bb1e4', 'concluida', 'normal', 3050.0, 3050.0, 0.0, '2026-06-09T14:00:00+00', '2026-06-09T14:00:00+00', 'a50f1e24-aabb-41c1-b817-b4a4950bb1e4');
UPDATE aparelhos SET venda_id = 'f9e21d66-177b-4e36-85f5-4cda4f188e02' WHERE id = 'ba08deaa-b1cb-4cc8-a8b4-abd5790a9464';
INSERT INTO pagamentos_venda (id, venda_id, tipo_pagamento, valor, data_pagamento, criado_por, parcelas, criado_em) VALUES ('f8ef5252-21ee-474d-b4ad-b8b06e8a9d94', 'f9e21d66-177b-4e36-85f5-4cda4f188e02', 'pix', 1950.0, '2026-06-09', 'a50f1e24-aabb-41c1-b817-b4a4950bb1e4', 1, '2026-06-09T14:00:00+00');
INSERT INTO pagamentos_venda (id, venda_id, tipo_pagamento, valor, data_pagamento, criado_por, observacao, parcelas, criado_em) VALUES ('947d8330-27c3-4cf1-9fa1-edb38d50a1e4', 'f9e21d66-177b-4e36-85f5-4cda4f188e02', 'troca_aparelho', 1100.0, '2026-06-09', 'a50f1e24-aabb-41c1-b817-b4a4950bb1e4', 'Troca: IPHONE 12 256 VERMELHO', 1, '2026-06-09T14:00:00+00');
INSERT INTO brindes_aparelhos (id, loja_id, venda_id, descricao, valor_custo, data_ocorrencia, criado_por, criado_em) VALUES ('73cb2e7b-027a-4b11-9844-5236aacc55d2', 20, 'f9e21d66-177b-4e36-85f5-4cda4f188e02', 'Brinde', 30.0, '2026-06-09', 'a50f1e24-aabb-41c1-b817-b4a4950bb1e4', '2026-06-09T14:00:00+00');

-- === Linha 75: SAMSUNG A55 256GB AZUL SEMINOVO (10/06/2026) ===
INSERT INTO aparelhos (id, marca, modelo, imei, valor_venda, valor_compra, loja_id, estado, condicao, status, data_venda, data_entrada, criado_por, criado_em, atualizado_em, observacoes) VALUES ('0c0a9bb0-cd6e-4ede-a9fe-e7e31f531641', 'Samsung', 'SAMSUNG A55 256GB AZUL SEMINOVO', '358543582779606', 1000.0, 700.0, 20, 'seminovo', 'bom', 'vendido', '2026-06-10T14:00:00+00', '2026-06-10T14:00:00+00', '25e2da5b-9e76-4388-9890-7e22efd6940d', '2026-06-10T14:00:00+00', '2026-06-10T14:00:00+00', NULL);
INSERT INTO vendas (id, numero_venda, cliente_id, loja_id, vendedor_id, status, tipo, valor_total, valor_pago, saldo_devedor, criado_em, finalizado_em, finalizado_por) VALUES ('e8690cda-4b26-471e-9d45-89671db794a1', 11556, current_setting('importacao.cliente_id')::uuid, 20, '25e2da5b-9e76-4388-9890-7e22efd6940d', 'concluida', 'normal', 1000.0, 1000.0, 0.0, '2026-06-10T14:00:00+00', '2026-06-10T14:00:00+00', '25e2da5b-9e76-4388-9890-7e22efd6940d');
UPDATE aparelhos SET venda_id = 'e8690cda-4b26-471e-9d45-89671db794a1' WHERE id = '0c0a9bb0-cd6e-4ede-a9fe-e7e31f531641';
INSERT INTO pagamentos_venda (id, venda_id, tipo_pagamento, valor, data_pagamento, criado_por, parcelas, criado_em) VALUES ('ddfaadb8-0a55-4ebb-a3a5-6791adf5100c', 'e8690cda-4b26-471e-9d45-89671db794a1', 'pix', 1000.0, '2026-06-10', '25e2da5b-9e76-4388-9890-7e22efd6940d', 1, '2026-06-10T14:00:00+00');
INSERT INTO brindes_aparelhos (id, loja_id, venda_id, descricao, valor_custo, data_ocorrencia, criado_por, criado_em) VALUES ('8c0e11b9-1937-4e5e-86ad-71a4b2adef51', 20, 'e8690cda-4b26-471e-9d45-89671db794a1', 'Brinde', 25.0, '2026-06-10', '25e2da5b-9e76-4388-9890-7e22efd6940d', '2026-06-10T14:00:00+00');

-- === Linha 76: IPHONE 15 PRO MAX 256GB PRETO SEMINOVO (10/06/2026) ===
INSERT INTO aparelhos (id, marca, modelo, imei, valor_venda, valor_compra, loja_id, estado, condicao, status, data_venda, data_entrada, criado_por, criado_em, atualizado_em, observacoes) VALUES ('7b437350-c6da-44ba-a2fe-46c5c2db3200', 'Apple', 'IPHONE 15 PRO MAX 256GB PRETO SEMINOVO', '252676520028144', 3950.0, 3700.0, 1, 'seminovo', 'bom', 'vendido', '2026-06-10T14:00:00+00', '2026-06-10T14:00:00+00', 'a3626643-4749-4e56-83bc-b4a8ffd53659', '2026-06-10T14:00:00+00', '2026-06-10T14:00:00+00', NULL);
INSERT INTO vendas (id, numero_venda, cliente_id, loja_id, vendedor_id, status, tipo, valor_total, valor_pago, saldo_devedor, criado_em, finalizado_em, finalizado_por) VALUES ('a6e96f65-148a-433b-bcc0-379c08443aad', 11557, current_setting('importacao.cliente_id')::uuid, 1, 'a3626643-4749-4e56-83bc-b4a8ffd53659', 'concluida', 'normal', 3950.0, 3950.0, 0.0, '2026-06-10T14:00:00+00', '2026-06-10T14:00:00+00', 'a3626643-4749-4e56-83bc-b4a8ffd53659');
UPDATE aparelhos SET venda_id = 'a6e96f65-148a-433b-bcc0-379c08443aad' WHERE id = '7b437350-c6da-44ba-a2fe-46c5c2db3200';
INSERT INTO pagamentos_venda (id, venda_id, tipo_pagamento, valor, data_pagamento, criado_por, parcelas, criado_em) VALUES ('59b1d2c4-e4b7-4a5f-8b45-2c1448fc2481', 'a6e96f65-148a-433b-bcc0-379c08443aad', 'pix', 3950.0, '2026-06-10', 'a3626643-4749-4e56-83bc-b4a8ffd53659', 1, '2026-06-10T14:00:00+00');
INSERT INTO brindes_aparelhos (id, loja_id, venda_id, descricao, valor_custo, data_ocorrencia, criado_por, criado_em) VALUES ('3b7f3f53-9bef-47af-960e-fcc715d4bdcd', 1, 'a6e96f65-148a-433b-bcc0-379c08443aad', 'Brinde', 68.0, '2026-06-10', 'a3626643-4749-4e56-83bc-b4a8ffd53659', '2026-06-10T14:00:00+00');

-- === Linha 77: IPAD 11° (A16) 128GB SILVER NOVO (10/06/2026) ===
INSERT INTO aparelhos (id, marca, modelo, imei, valor_venda, valor_compra, loja_id, estado, condicao, status, data_venda, data_entrada, criado_por, criado_em, atualizado_em, observacoes) VALUES ('d382054b-aabd-4ba4-bc0a-5c0e4f2e0283', 'Apple', 'IPAD 11° (A16) 128GB SILVER NOVO', 'L3CRQLVC2F', 2441.0, 2250.0, 1, 'novo', 'perfeito', 'vendido', '2026-06-10T14:00:00+00', '2026-06-10T14:00:00+00', 'a3626643-4749-4e56-83bc-b4a8ffd53659', '2026-06-10T14:00:00+00', '2026-06-10T14:00:00+00', NULL);
INSERT INTO vendas (id, numero_venda, cliente_id, loja_id, vendedor_id, status, tipo, valor_total, valor_pago, saldo_devedor, criado_em, finalizado_em, finalizado_por) VALUES ('a52bc234-8b6c-4e9d-a820-82d7fea822d6', 11558, current_setting('importacao.cliente_id')::uuid, 1, 'a3626643-4749-4e56-83bc-b4a8ffd53659', 'concluida', 'normal', 2441.0, 2441.0, 0.0, '2026-06-10T14:00:00+00', '2026-06-10T14:00:00+00', 'a3626643-4749-4e56-83bc-b4a8ffd53659');
UPDATE aparelhos SET venda_id = 'a52bc234-8b6c-4e9d-a820-82d7fea822d6' WHERE id = 'd382054b-aabd-4ba4-bc0a-5c0e4f2e0283';
INSERT INTO pagamentos_venda (id, venda_id, tipo_pagamento, valor, data_pagamento, criado_por, parcelas, criado_em) VALUES ('7552352a-eef7-4a6b-89d3-ab6b0339fa1f', 'a52bc234-8b6c-4e9d-a820-82d7fea822d6', 'cartao_credito', 2441.0, '2026-06-10', 'a3626643-4749-4e56-83bc-b4a8ffd53659', 1, '2026-06-10T14:00:00+00');
INSERT INTO brindes_aparelhos (id, loja_id, venda_id, descricao, valor_custo, data_ocorrencia, criado_por, criado_em) VALUES ('fa98da87-b3fd-4db8-b8b6-30e13aa9dc87', 1, 'a52bc234-8b6c-4e9d-a820-82d7fea822d6', 'Brinde', 70.0, '2026-06-10', 'a3626643-4749-4e56-83bc-b4a8ffd53659', '2026-06-10T14:00:00+00');

-- === Linha 78: IPHONE 17 PRO MAX 256GB SILVER NOVO (10/06/2026) ===
INSERT INTO aparelhos (id, marca, modelo, imei, valor_venda, valor_compra, loja_id, estado, condicao, status, data_venda, data_entrada, criado_por, criado_em, atualizado_em, observacoes) VALUES ('9706b54e-5d51-46ab-920a-4c25fab1f97d', 'Apple', 'IPHONE 17 PRO MAX 256GB SILVER NOVO', '351205745798025', 7831.0, 7650.0, 20, 'novo', 'perfeito', 'vendido', '2026-06-10T14:00:00+00', '2026-06-10T14:00:00+00', 'a50f1e24-aabb-41c1-b817-b4a4950bb1e4', '2026-06-10T14:00:00+00', '2026-06-10T14:00:00+00', 'pgto forcado pix (diff nao extraida)');
INSERT INTO vendas (id, numero_venda, cliente_id, loja_id, vendedor_id, status, tipo, valor_total, valor_pago, saldo_devedor, criado_em, finalizado_em, finalizado_por) VALUES ('d0fdfa93-183e-495a-a971-7bc2cd89090e', 11559, current_setting('importacao.cliente_id')::uuid, 20, 'a50f1e24-aabb-41c1-b817-b4a4950bb1e4', 'concluida', 'normal', 7831.0, 7831.0, 0.0, '2026-06-10T14:00:00+00', '2026-06-10T14:00:00+00', 'a50f1e24-aabb-41c1-b817-b4a4950bb1e4');
UPDATE aparelhos SET venda_id = 'd0fdfa93-183e-495a-a971-7bc2cd89090e' WHERE id = '9706b54e-5d51-46ab-920a-4c25fab1f97d';
INSERT INTO pagamentos_venda (id, venda_id, tipo_pagamento, valor, data_pagamento, criado_por, parcelas, criado_em) VALUES ('d802f4ac-4946-4d40-8ab4-8a4d773e89fa', 'd0fdfa93-183e-495a-a971-7bc2cd89090e', 'pix', 7831.0, '2026-06-10', 'a50f1e24-aabb-41c1-b817-b4a4950bb1e4', 1, '2026-06-10T14:00:00+00');
INSERT INTO brindes_aparelhos (id, loja_id, venda_id, descricao, valor_custo, data_ocorrencia, criado_por, criado_em) VALUES ('adba9da9-9495-4b73-9e8d-75ab96feea2f', 20, 'd0fdfa93-183e-495a-a971-7bc2cd89090e', 'Brinde', 5.0, '2026-06-10', 'a50f1e24-aabb-41c1-b817-b4a4950bb1e4', '2026-06-10T14:00:00+00');

-- === Linha 79: IPHONE 17 PRO MAX 256G LARANJA NOVO (10/06/2026) ===
INSERT INTO aparelhos (id, marca, modelo, imei, valor_venda, valor_compra, loja_id, estado, condicao, status, data_venda, data_entrada, criado_por, criado_em, atualizado_em, observacoes) VALUES ('6afbcbe7-8eb9-4bc5-9dc6-1b8e7ab1da86', 'Apple', 'IPHONE 17 PRO MAX 256G LARANJA NOVO', '359372358546422', 7250.0, 7150.0, 20, 'novo', 'perfeito', 'vendido', '2026-06-10T14:00:00+00', '2026-06-10T14:00:00+00', 'a50f1e24-aabb-41c1-b817-b4a4950bb1e4', '2026-06-10T14:00:00+00', '2026-06-10T14:00:00+00', NULL);
INSERT INTO vendas (id, numero_venda, cliente_id, loja_id, vendedor_id, status, tipo, valor_total, valor_pago, saldo_devedor, criado_em, finalizado_em, finalizado_por) VALUES ('1bd307ec-6680-49b9-a6a3-144394d59f81', 11560, current_setting('importacao.cliente_id')::uuid, 20, 'a50f1e24-aabb-41c1-b817-b4a4950bb1e4', 'concluida', 'normal', 7250.0, 7250.0, 0.0, '2026-06-10T14:00:00+00', '2026-06-10T14:00:00+00', 'a50f1e24-aabb-41c1-b817-b4a4950bb1e4');
UPDATE aparelhos SET venda_id = '1bd307ec-6680-49b9-a6a3-144394d59f81' WHERE id = '6afbcbe7-8eb9-4bc5-9dc6-1b8e7ab1da86';
INSERT INTO pagamentos_venda (id, venda_id, tipo_pagamento, valor, data_pagamento, criado_por, parcelas, criado_em) VALUES ('84d5a85b-a98c-4d79-bbd7-4895fc4db683', '1bd307ec-6680-49b9-a6a3-144394d59f81', 'pix', 7250.0, '2026-06-10', 'a50f1e24-aabb-41c1-b817-b4a4950bb1e4', 1, '2026-06-10T14:00:00+00');

-- === Linha 80: IPHONE 16 PRO MAX 256GB PRETO SEMINOVO (10/06/2026) ===
INSERT INTO aparelhos (id, marca, modelo, imei, valor_venda, valor_compra, loja_id, estado, condicao, status, data_venda, data_entrada, criado_por, criado_em, atualizado_em, observacoes) VALUES ('070c45ec-1f61-4436-8e89-8b2da919f730', 'Apple', 'IPHONE 16 PRO MAX 256GB PRETO SEMINOVO', '354210975025310', 5350.0, 4950.0, 1, 'seminovo', 'bom', 'vendido', '2026-06-10T14:00:00+00', '2026-06-10T14:00:00+00', '9451cd9f-6770-4e32-aae8-c75fa675e818', '2026-06-10T14:00:00+00', '2026-06-10T14:00:00+00', NULL);
INSERT INTO vendas (id, numero_venda, cliente_id, loja_id, vendedor_id, status, tipo, valor_total, valor_pago, saldo_devedor, criado_em, finalizado_em, finalizado_por) VALUES ('1eb9fda6-a4ce-49ab-b9ee-78bfb916fe1b', 11561, current_setting('importacao.cliente_id')::uuid, 1, '9451cd9f-6770-4e32-aae8-c75fa675e818', 'concluida', 'normal', 5350.0, 5350.0, 0.0, '2026-06-10T14:00:00+00', '2026-06-10T14:00:00+00', '9451cd9f-6770-4e32-aae8-c75fa675e818');
UPDATE aparelhos SET venda_id = '1eb9fda6-a4ce-49ab-b9ee-78bfb916fe1b' WHERE id = '070c45ec-1f61-4436-8e89-8b2da919f730';
INSERT INTO pagamentos_venda (id, venda_id, tipo_pagamento, valor, data_pagamento, criado_por, parcelas, criado_em) VALUES ('e07ff7da-1d40-40dd-8096-38ab6a8b867d', '1eb9fda6-a4ce-49ab-b9ee-78bfb916fe1b', 'pix', 5350.0, '2026-06-10', '9451cd9f-6770-4e32-aae8-c75fa675e818', 1, '2026-06-10T14:00:00+00');
INSERT INTO brindes_aparelhos (id, loja_id, venda_id, descricao, valor_custo, data_ocorrencia, criado_por, criado_em) VALUES ('9981a4ae-c841-4fb7-ab28-04d5de0cf9e3', 1, '1eb9fda6-a4ce-49ab-b9ee-78bfb916fe1b', 'Brinde', 25.0, '2026-06-10', '9451cd9f-6770-4e32-aae8-c75fa675e818', '2026-06-10T14:00:00+00');

-- === Linha 81: IPHONE 15 PRO 256GB TITANIO NATURAL SEMINOVO (10/06/2026) ===
INSERT INTO aparelhos (id, marca, modelo, imei, valor_venda, valor_compra, loja_id, estado, condicao, status, data_venda, data_entrada, criado_por, criado_em, atualizado_em, observacoes) VALUES ('c287b699-4f3a-4285-a649-f20b1c4928b8', 'Apple', 'IPHONE 15 PRO 256GB TITANIO NATURAL SEMINOVO', '354324413603719', 3750.0, 3250.0, 1, 'seminovo', 'bom', 'vendido', '2026-06-10T14:00:00+00', '2026-06-10T14:00:00+00', '9451cd9f-6770-4e32-aae8-c75fa675e818', '2026-06-10T14:00:00+00', '2026-06-10T14:00:00+00', NULL);
INSERT INTO vendas (id, numero_venda, cliente_id, loja_id, vendedor_id, status, tipo, valor_total, valor_pago, saldo_devedor, criado_em, finalizado_em, finalizado_por) VALUES ('a5d9431d-71cd-400d-a2ca-e8a38a773df0', 11562, current_setting('importacao.cliente_id')::uuid, 1, '9451cd9f-6770-4e32-aae8-c75fa675e818', 'concluida', 'normal', 3750.0, 3750.0, 0.0, '2026-06-10T14:00:00+00', '2026-06-10T14:00:00+00', '9451cd9f-6770-4e32-aae8-c75fa675e818');
UPDATE aparelhos SET venda_id = 'a5d9431d-71cd-400d-a2ca-e8a38a773df0' WHERE id = 'c287b699-4f3a-4285-a649-f20b1c4928b8';
INSERT INTO pagamentos_venda (id, venda_id, tipo_pagamento, valor, data_pagamento, criado_por, parcelas, criado_em) VALUES ('74784b62-18d1-45ad-89fc-811ccc7af5f7', 'a5d9431d-71cd-400d-a2ca-e8a38a773df0', 'pix', 3750.0, '2026-06-10', '9451cd9f-6770-4e32-aae8-c75fa675e818', 1, '2026-06-10T14:00:00+00');
INSERT INTO brindes_aparelhos (id, loja_id, venda_id, descricao, valor_custo, data_ocorrencia, criado_por, criado_em) VALUES ('451019fc-fd9e-4501-beab-b61b30aaa258', 1, 'a5d9431d-71cd-400d-a2ca-e8a38a773df0', 'Brinde', 25.0, '2026-06-10', '9451cd9f-6770-4e32-aae8-c75fa675e818', '2026-06-10T14:00:00+00');

-- === Linha 82: NOTE 15 5G 256GB PRETO NOVO (10/06/2026) ===
INSERT INTO aparelhos (id, marca, modelo, imei, valor_venda, valor_compra, loja_id, estado, condicao, status, data_venda, data_entrada, criado_por, criado_em, atualizado_em, observacoes) VALUES ('d4f72bff-43ce-4c54-90dd-7470feb8f46a', 'Redmi', 'NOTE 15 5G 256GB PRETO NOVO', '865292089717067', 1450.0, 1380.0, 19, 'novo', 'perfeito', 'vendido', '2026-06-10T14:00:00+00', '2026-06-10T14:00:00+00', '97f12885-87ad-426a-8bbb-656889d82e10', '2026-06-10T14:00:00+00', '2026-06-10T14:00:00+00', NULL);
INSERT INTO vendas (id, numero_venda, cliente_id, loja_id, vendedor_id, status, tipo, valor_total, valor_pago, saldo_devedor, criado_em, finalizado_em, finalizado_por) VALUES ('f3feb1c6-fc26-41fa-bb3d-1d11833da72b', 11563, current_setting('importacao.cliente_id')::uuid, 19, '97f12885-87ad-426a-8bbb-656889d82e10', 'concluida', 'normal', 1450.0, 1450.0, 0.0, '2026-06-10T14:00:00+00', '2026-06-10T14:00:00+00', '97f12885-87ad-426a-8bbb-656889d82e10');
UPDATE aparelhos SET venda_id = 'f3feb1c6-fc26-41fa-bb3d-1d11833da72b' WHERE id = 'd4f72bff-43ce-4c54-90dd-7470feb8f46a';
INSERT INTO pagamentos_venda (id, venda_id, tipo_pagamento, valor, data_pagamento, criado_por, parcelas, criado_em) VALUES ('87e39d87-7843-4047-9df0-c19ede75f31b', 'f3feb1c6-fc26-41fa-bb3d-1d11833da72b', 'pix', 1450.0, '2026-06-10', '97f12885-87ad-426a-8bbb-656889d82e10', 1, '2026-06-10T14:00:00+00');

-- === Linha 83: IPHONE 17 256GB BRANCO NOVO (10/06/2026) ===
INSERT INTO aparelhos (id, marca, modelo, imei, valor_venda, valor_compra, loja_id, estado, condicao, status, data_venda, data_entrada, criado_por, criado_em, atualizado_em, observacoes) VALUES ('68c1a5c9-2ab9-4935-8529-e58705309a78', 'Apple', 'IPHONE 17 256GB BRANCO NOVO', '356146774825724', 4800.0, 4700.0, 19, 'novo', 'perfeito', 'vendido', '2026-06-10T14:00:00+00', '2026-06-10T14:00:00+00', '97f12885-87ad-426a-8bbb-656889d82e10', '2026-06-10T14:00:00+00', '2026-06-10T14:00:00+00', NULL);
INSERT INTO vendas (id, numero_venda, cliente_id, loja_id, vendedor_id, status, tipo, valor_total, valor_pago, saldo_devedor, criado_em, finalizado_em, finalizado_por) VALUES ('e002eae9-e60a-486d-99e5-098322d1a0fd', 11564, current_setting('importacao.cliente_id')::uuid, 19, '97f12885-87ad-426a-8bbb-656889d82e10', 'concluida', 'normal', 4800.0, 4800.0, 0.0, '2026-06-10T14:00:00+00', '2026-06-10T14:00:00+00', '97f12885-87ad-426a-8bbb-656889d82e10');
UPDATE aparelhos SET venda_id = 'e002eae9-e60a-486d-99e5-098322d1a0fd' WHERE id = '68c1a5c9-2ab9-4935-8529-e58705309a78';
INSERT INTO pagamentos_venda (id, venda_id, tipo_pagamento, valor, data_pagamento, criado_por, parcelas, criado_em) VALUES ('588cf680-76ed-48a6-87f4-184824a5a4c4', 'e002eae9-e60a-486d-99e5-098322d1a0fd', 'pix', 2140.0, '2026-06-10', '97f12885-87ad-426a-8bbb-656889d82e10', 1, '2026-06-10T14:00:00+00');
INSERT INTO pagamentos_venda (id, venda_id, tipo_pagamento, valor, data_pagamento, criado_por, observacao, parcelas, criado_em) VALUES ('c54b0d32-aece-4557-af15-4557267d197e', 'e002eae9-e60a-486d-99e5-098322d1a0fd', 'troca_aparelho', 2660.0, '2026-06-10', '97f12885-87ad-426a-8bbb-656889d82e10', 'Troca: IPHONE 15 128GB ROSA', 1, '2026-06-10T14:00:00+00');

-- === Linha 84: IPHONE 11 64GB VERMELHO SEMINOVO (10/06/2026) ===
INSERT INTO aparelhos (id, marca, modelo, imei, valor_venda, valor_compra, loja_id, estado, condicao, status, data_venda, data_entrada, criado_por, criado_em, atualizado_em, observacoes) VALUES ('af244696-352f-4e0e-9ded-acaef4df6d1b', 'Apple', 'IPHONE 11 64GB VERMELHO SEMINOVO', '356572103379228', 750.0, 600.0, 19, 'seminovo', 'bom', 'vendido', '2026-06-10T14:00:00+00', '2026-06-10T14:00:00+00', '97f12885-87ad-426a-8bbb-656889d82e10', '2026-06-10T14:00:00+00', '2026-06-10T14:00:00+00', NULL);
INSERT INTO vendas (id, numero_venda, cliente_id, loja_id, vendedor_id, status, tipo, valor_total, valor_pago, saldo_devedor, criado_em, finalizado_em, finalizado_por) VALUES ('a70120a2-968c-49ef-afed-2cb162f9e71a', 11565, current_setting('importacao.cliente_id')::uuid, 19, '97f12885-87ad-426a-8bbb-656889d82e10', 'concluida', 'normal', 750.0, 750.0, 0.0, '2026-06-10T14:00:00+00', '2026-06-10T14:00:00+00', '97f12885-87ad-426a-8bbb-656889d82e10');
UPDATE aparelhos SET venda_id = 'a70120a2-968c-49ef-afed-2cb162f9e71a' WHERE id = 'af244696-352f-4e0e-9ded-acaef4df6d1b';
INSERT INTO pagamentos_venda (id, venda_id, tipo_pagamento, valor, data_pagamento, criado_por, parcelas, criado_em) VALUES ('444505cd-a678-4bc1-8784-d68fc981830b', 'a70120a2-968c-49ef-afed-2cb162f9e71a', 'pix', 750.0, '2026-06-10', '97f12885-87ad-426a-8bbb-656889d82e10', 1, '2026-06-10T14:00:00+00');
INSERT INTO brindes_aparelhos (id, loja_id, venda_id, descricao, valor_custo, data_ocorrencia, criado_por, criado_em) VALUES ('557833b7-b43f-4d03-8df3-76a4bad94680', 19, 'a70120a2-968c-49ef-afed-2cb162f9e71a', 'Brinde', 25.0, '2026-06-10', '97f12885-87ad-426a-8bbb-656889d82e10', '2026-06-10T14:00:00+00');

-- === Linha 85: IPHONE 11 64GB PRETO SEMINOVO (10/06/2026) ===
INSERT INTO aparelhos (id, marca, modelo, imei, valor_venda, valor_compra, loja_id, estado, condicao, status, data_venda, data_entrada, criado_por, criado_em, atualizado_em, observacoes) VALUES ('bd399bde-09fb-4467-a4df-e257d394f564', 'Apple', 'IPHONE 11 64GB PRETO SEMINOVO', '35615721609444', 700.0, 600.0, 19, 'seminovo', 'bom', 'vendido', '2026-06-10T14:00:00+00', '2026-06-10T14:00:00+00', '97f12885-87ad-426a-8bbb-656889d82e10', '2026-06-10T14:00:00+00', '2026-06-10T14:00:00+00', NULL);
INSERT INTO vendas (id, numero_venda, cliente_id, loja_id, vendedor_id, status, tipo, valor_total, valor_pago, saldo_devedor, criado_em, finalizado_em, finalizado_por) VALUES ('bd439be1-7540-4bda-9c28-fa5e1336f42f', 11566, current_setting('importacao.cliente_id')::uuid, 19, '97f12885-87ad-426a-8bbb-656889d82e10', 'concluida', 'normal', 700.0, 700.0, 0.0, '2026-06-10T14:00:00+00', '2026-06-10T14:00:00+00', '97f12885-87ad-426a-8bbb-656889d82e10');
UPDATE aparelhos SET venda_id = 'bd439be1-7540-4bda-9c28-fa5e1336f42f' WHERE id = 'bd399bde-09fb-4467-a4df-e257d394f564';
INSERT INTO pagamentos_venda (id, venda_id, tipo_pagamento, valor, data_pagamento, criado_por, parcelas, criado_em) VALUES ('821c30ba-9230-4a11-9397-30b380455f45', 'bd439be1-7540-4bda-9c28-fa5e1336f42f', 'pix', 700.0, '2026-06-10', '97f12885-87ad-426a-8bbb-656889d82e10', 1, '2026-06-10T14:00:00+00');

-- === Linha 86: IPHONE 13 PRO MAX 128GB VERDE SEMINOVO (10/06/2026) ===
INSERT INTO aparelhos (id, marca, modelo, imei, valor_venda, valor_compra, loja_id, estado, condicao, status, data_venda, data_entrada, criado_por, criado_em, atualizado_em, observacoes) VALUES ('2afae6c8-9508-4d5a-af4b-7ca28761938c', 'Apple', 'IPHONE 13 PRO MAX 128GB VERDE SEMINOVO', '355365665236921', 3012.0, 2600.0, 1, 'seminovo', 'bom', 'vendido', '2026-06-10T14:00:00+00', '2026-06-10T14:00:00+00', '85e3aa42-b9af-49b8-a72a-64e9c337aa53', '2026-06-10T14:00:00+00', '2026-06-10T14:00:00+00', NULL);
INSERT INTO vendas (id, numero_venda, cliente_id, loja_id, vendedor_id, status, tipo, valor_total, valor_pago, saldo_devedor, criado_em, finalizado_em, finalizado_por) VALUES ('1aa1a034-0bfc-4226-a1a4-6cb472b4c007', 11567, current_setting('importacao.cliente_id')::uuid, 1, '85e3aa42-b9af-49b8-a72a-64e9c337aa53', 'concluida', 'normal', 3012.0, 3012.0, 0.0, '2026-06-10T14:00:00+00', '2026-06-10T14:00:00+00', '85e3aa42-b9af-49b8-a72a-64e9c337aa53');
UPDATE aparelhos SET venda_id = '1aa1a034-0bfc-4226-a1a4-6cb472b4c007' WHERE id = '2afae6c8-9508-4d5a-af4b-7ca28761938c';
INSERT INTO pagamentos_venda (id, venda_id, tipo_pagamento, valor, data_pagamento, criado_por, parcelas, criado_em) VALUES ('c73d1a72-01b5-492f-83a3-7de626befaad', '1aa1a034-0bfc-4226-a1a4-6cb472b4c007', 'pix', 2312.0, '2026-06-10', '85e3aa42-b9af-49b8-a72a-64e9c337aa53', 1, '2026-06-10T14:00:00+00');
INSERT INTO pagamentos_venda (id, venda_id, tipo_pagamento, valor, data_pagamento, criado_por, parcelas, criado_em) VALUES ('a3794d37-d117-4913-b41a-13fc21984837', '1aa1a034-0bfc-4226-a1a4-6cb472b4c007', 'dinheiro', 700.0, '2026-06-10', '85e3aa42-b9af-49b8-a72a-64e9c337aa53', 1, '2026-06-10T14:00:00+00');
INSERT INTO brindes_aparelhos (id, loja_id, venda_id, descricao, valor_custo, data_ocorrencia, criado_por, criado_em) VALUES ('27446629-e8f2-455e-86e2-037a1cf4fbea', 1, '1aa1a034-0bfc-4226-a1a4-6cb472b4c007', 'Brinde', 25.0, '2026-06-10', '85e3aa42-b9af-49b8-a72a-64e9c337aa53', '2026-06-10T14:00:00+00');

-- === Linha 87: IPHONE 13 128GB PRETO SEMINOVO (11/06/2026) ===
INSERT INTO aparelhos (id, marca, modelo, imei, valor_venda, valor_compra, loja_id, estado, condicao, status, data_venda, data_entrada, criado_por, criado_em, atualizado_em, observacoes) VALUES ('bb65a4b6-ca6d-4c36-84ff-68f635da71f3', 'Apple', 'IPHONE 13 128GB PRETO SEMINOVO', '351084399943637', 1950.0, 1750.0, 1, 'seminovo', 'bom', 'vendido', '2026-06-11T14:00:00+00', '2026-06-11T14:00:00+00', '85e3aa42-b9af-49b8-a72a-64e9c337aa53', '2026-06-11T14:00:00+00', '2026-06-11T14:00:00+00', NULL);
INSERT INTO vendas (id, numero_venda, cliente_id, loja_id, vendedor_id, status, tipo, valor_total, valor_pago, saldo_devedor, criado_em, finalizado_em, finalizado_por) VALUES ('fac8f682-a2d6-4226-8db7-a51c2c28de75', 11568, current_setting('importacao.cliente_id')::uuid, 1, '85e3aa42-b9af-49b8-a72a-64e9c337aa53', 'concluida', 'normal', 1950.0, 1950.0, 0.0, '2026-06-11T14:00:00+00', '2026-06-11T14:00:00+00', '85e3aa42-b9af-49b8-a72a-64e9c337aa53');
UPDATE aparelhos SET venda_id = 'fac8f682-a2d6-4226-8db7-a51c2c28de75' WHERE id = 'bb65a4b6-ca6d-4c36-84ff-68f635da71f3';
INSERT INTO pagamentos_venda (id, venda_id, tipo_pagamento, valor, data_pagamento, criado_por, parcelas, criado_em) VALUES ('e9bec456-9c41-49bb-842d-3c36977aced4', 'fac8f682-a2d6-4226-8db7-a51c2c28de75', 'pix', 1950.0, '2026-06-11', '85e3aa42-b9af-49b8-a72a-64e9c337aa53', 1, '2026-06-11T14:00:00+00');

-- === Linha 88: IPHONE 14 PLUS 256GB BRANCO SEMINOVO (11/06/2026) ===
INSERT INTO aparelhos (id, marca, modelo, imei, valor_venda, valor_compra, loja_id, estado, condicao, status, data_venda, data_entrada, criado_por, criado_em, atualizado_em, observacoes) VALUES ('b14ba853-415b-46a8-a477-12401e4da351', 'Apple', 'IPHONE 14 PLUS 256GB BRANCO SEMINOVO', '356752985194154', 2632.0, 2300.0, 19, 'seminovo', 'bom', 'vendido', '2026-06-11T14:00:00+00', '2026-06-11T14:00:00+00', '97f12885-87ad-426a-8bbb-656889d82e10', '2026-06-11T14:00:00+00', '2026-06-11T14:00:00+00', 'pgto forcado pix (diff nao extraida)');
INSERT INTO vendas (id, numero_venda, cliente_id, loja_id, vendedor_id, status, tipo, valor_total, valor_pago, saldo_devedor, criado_em, finalizado_em, finalizado_por) VALUES ('9c6daac2-c9fa-486b-87b1-99e6340aa298', 11569, current_setting('importacao.cliente_id')::uuid, 19, '97f12885-87ad-426a-8bbb-656889d82e10', 'concluida', 'normal', 2632.0, 2632.0, 0.0, '2026-06-11T14:00:00+00', '2026-06-11T14:00:00+00', '97f12885-87ad-426a-8bbb-656889d82e10');
UPDATE aparelhos SET venda_id = '9c6daac2-c9fa-486b-87b1-99e6340aa298' WHERE id = 'b14ba853-415b-46a8-a477-12401e4da351';
INSERT INTO pagamentos_venda (id, venda_id, tipo_pagamento, valor, data_pagamento, criado_por, parcelas, criado_em) VALUES ('e2396468-a5b3-4c4b-8dd0-a18e02c3eb28', '9c6daac2-c9fa-486b-87b1-99e6340aa298', 'pix', 2632.0, '2026-06-11', '97f12885-87ad-426a-8bbb-656889d82e10', 1, '2026-06-11T14:00:00+00');
INSERT INTO brindes_aparelhos (id, loja_id, venda_id, descricao, valor_custo, data_ocorrencia, criado_por, criado_em) VALUES ('88759ba8-04fe-4f9a-a644-a834c2835e47', 19, '9c6daac2-c9fa-486b-87b1-99e6340aa298', 'Brinde', 30.0, '2026-06-11', '97f12885-87ad-426a-8bbb-656889d82e10', '2026-06-11T14:00:00+00');

-- === Linha 89: IPHONE 14 PLUS 128GB LILAS SEMINOVO (11/06/2026) ===
INSERT INTO aparelhos (id, marca, modelo, imei, valor_venda, valor_compra, loja_id, estado, condicao, status, data_venda, data_entrada, criado_por, criado_em, atualizado_em, observacoes) VALUES ('83abed11-9396-4259-8f17-f37b2681049f', 'Apple', 'IPHONE 14 PLUS 128GB LILAS SEMINOVO', '356752983703204', 2650.0, 2200.0, 20, 'seminovo', 'bom', 'vendido', '2026-06-11T14:00:00+00', '2026-06-11T14:00:00+00', '25e2da5b-9e76-4388-9890-7e22efd6940d', '2026-06-11T14:00:00+00', '2026-06-11T14:00:00+00', NULL);
INSERT INTO vendas (id, numero_venda, cliente_id, loja_id, vendedor_id, status, tipo, valor_total, valor_pago, saldo_devedor, criado_em, finalizado_em, finalizado_por) VALUES ('bad0f608-1870-48ba-9eac-e3facc5bd284', 11570, current_setting('importacao.cliente_id')::uuid, 20, '25e2da5b-9e76-4388-9890-7e22efd6940d', 'concluida', 'normal', 2650.0, 2650.0, 0.0, '2026-06-11T14:00:00+00', '2026-06-11T14:00:00+00', '25e2da5b-9e76-4388-9890-7e22efd6940d');
UPDATE aparelhos SET venda_id = 'bad0f608-1870-48ba-9eac-e3facc5bd284' WHERE id = '83abed11-9396-4259-8f17-f37b2681049f';
INSERT INTO pagamentos_venda (id, venda_id, tipo_pagamento, valor, data_pagamento, criado_por, parcelas, criado_em) VALUES ('8ccf6619-b4fa-43bf-945d-77b4738f7389', 'bad0f608-1870-48ba-9eac-e3facc5bd284', 'pix', 500.0, '2026-06-11', '25e2da5b-9e76-4388-9890-7e22efd6940d', 1, '2026-06-11T14:00:00+00');
INSERT INTO pagamentos_venda (id, venda_id, tipo_pagamento, valor, data_pagamento, criado_por, parcelas, criado_em) VALUES ('4a88c301-fec1-4064-93bb-1d4fdeb632be', 'bad0f608-1870-48ba-9eac-e3facc5bd284', 'dinheiro', 500.0, '2026-06-11', '25e2da5b-9e76-4388-9890-7e22efd6940d', 1, '2026-06-11T14:00:00+00');
INSERT INTO pagamentos_venda (id, venda_id, tipo_pagamento, valor, data_pagamento, criado_por, parcelas, criado_em) VALUES ('b8c11ad2-70ee-480f-a94a-23b5bdcf29db', 'bad0f608-1870-48ba-9eac-e3facc5bd284', 'cartao_credito', 1650.0, '2026-06-11', '25e2da5b-9e76-4388-9890-7e22efd6940d', 1, '2026-06-11T14:00:00+00');
INSERT INTO brindes_aparelhos (id, loja_id, venda_id, descricao, valor_custo, data_ocorrencia, criado_por, criado_em) VALUES ('fc7a8632-1810-45df-85c6-1c7c1f1bda43', 20, 'bad0f608-1870-48ba-9eac-e3facc5bd284', 'Brinde', 25.0, '2026-06-11', '25e2da5b-9e76-4388-9890-7e22efd6940d', '2026-06-11T14:00:00+00');

-- === Linha 90: POCO X8 PRO 256GB BRANCO NOVO (12/06/2026) ===
INSERT INTO aparelhos (id, marca, modelo, imei, valor_venda, valor_compra, loja_id, estado, condicao, status, data_venda, data_entrada, criado_por, criado_em, atualizado_em, observacoes) VALUES ('9069e4a1-3f05-47e2-8241-3a64031cc4cb', 'Xiaomi', 'POCO X8 PRO 256GB BRANCO NOVO', '866132086776923', 2180.0, 2050.0, 4, 'novo', 'perfeito', 'vendido', '2026-06-12T14:00:00+00', '2026-06-12T14:00:00+00', 'a3626643-4749-4e56-83bc-b4a8ffd53659', '2026-06-12T14:00:00+00', '2026-06-12T14:00:00+00', NULL);
INSERT INTO vendas (id, numero_venda, cliente_id, loja_id, vendedor_id, status, tipo, valor_total, valor_pago, saldo_devedor, criado_em, finalizado_em, finalizado_por) VALUES ('0bc99431-e870-4b78-b6ce-06cf5d711cd4', 11571, current_setting('importacao.cliente_id')::uuid, 4, 'a3626643-4749-4e56-83bc-b4a8ffd53659', 'concluida', 'normal', 2180.0, 2180.0, 0.0, '2026-06-12T14:00:00+00', '2026-06-12T14:00:00+00', 'a3626643-4749-4e56-83bc-b4a8ffd53659');
UPDATE aparelhos SET venda_id = '0bc99431-e870-4b78-b6ce-06cf5d711cd4' WHERE id = '9069e4a1-3f05-47e2-8241-3a64031cc4cb';
INSERT INTO pagamentos_venda (id, venda_id, tipo_pagamento, valor, data_pagamento, criado_por, parcelas, criado_em) VALUES ('20879fdd-93c6-4c76-863f-8d810e24a215', '0bc99431-e870-4b78-b6ce-06cf5d711cd4', 'pix', 2180.0, '2026-06-12', 'a3626643-4749-4e56-83bc-b4a8ffd53659', 1, '2026-06-12T14:00:00+00');

-- === Linha 91: IPHONE 14 128GB PRETO SEMINOVO (12/06/2026) ===
INSERT INTO aparelhos (id, marca, modelo, imei, valor_venda, valor_compra, loja_id, estado, condicao, status, data_venda, data_entrada, criado_por, criado_em, atualizado_em, observacoes) VALUES ('b1c34c56-6a0a-4412-aa84-59afa0c86289', 'Apple', 'IPHONE 14 128GB PRETO SEMINOVO', '357769852580660', 2350.0, 1900.0, 1, 'seminovo', 'bom', 'vendido', '2026-06-12T14:00:00+00', '2026-06-12T14:00:00+00', '9451cd9f-6770-4e32-aae8-c75fa675e818', '2026-06-12T14:00:00+00', '2026-06-12T14:00:00+00', NULL);
INSERT INTO vendas (id, numero_venda, cliente_id, loja_id, vendedor_id, status, tipo, valor_total, valor_pago, saldo_devedor, criado_em, finalizado_em, finalizado_por) VALUES ('daa154e3-5762-4d51-9eb8-f40ba65d6e48', 11572, current_setting('importacao.cliente_id')::uuid, 1, '9451cd9f-6770-4e32-aae8-c75fa675e818', 'concluida', 'normal', 2350.0, 2350.0, 0.0, '2026-06-12T14:00:00+00', '2026-06-12T14:00:00+00', '9451cd9f-6770-4e32-aae8-c75fa675e818');
UPDATE aparelhos SET venda_id = 'daa154e3-5762-4d51-9eb8-f40ba65d6e48' WHERE id = 'b1c34c56-6a0a-4412-aa84-59afa0c86289';
INSERT INTO pagamentos_venda (id, venda_id, tipo_pagamento, valor, data_pagamento, criado_por, parcelas, criado_em) VALUES ('6985213a-9b79-4e0b-9c4e-f6031ad84202', 'daa154e3-5762-4d51-9eb8-f40ba65d6e48', 'pix', 2350.0, '2026-06-12', '9451cd9f-6770-4e32-aae8-c75fa675e818', 1, '2026-06-12T14:00:00+00');
INSERT INTO brindes_aparelhos (id, loja_id, venda_id, descricao, valor_custo, data_ocorrencia, criado_por, criado_em) VALUES ('6e7b79c9-c75e-4e68-a965-8cfa863d4d2c', 1, 'daa154e3-5762-4d51-9eb8-f40ba65d6e48', 'Brinde', 42.0, '2026-06-12', '9451cd9f-6770-4e32-aae8-c75fa675e818', '2026-06-12T14:00:00+00');

-- === Linha 92: IPHONE 17 PRO 256GB BRANCO NOVO (12/06/2026) ===
INSERT INTO aparelhos (id, marca, modelo, imei, valor_venda, valor_compra, loja_id, estado, condicao, status, data_venda, data_entrada, criado_por, criado_em, atualizado_em, observacoes) VALUES ('9afe9ff5-cff6-481f-a650-f03cd47fce6d', 'Apple', 'IPHONE 17 PRO 256GB BRANCO NOVO', '357679991655465', 7054.0, 6750.0, 4, 'novo', 'perfeito', 'vendido', '2026-06-12T14:00:00+00', '2026-06-12T14:00:00+00', 'a3626643-4749-4e56-83bc-b4a8ffd53659', '2026-06-12T14:00:00+00', '2026-06-12T14:00:00+00', NULL);
INSERT INTO vendas (id, numero_venda, cliente_id, loja_id, vendedor_id, status, tipo, valor_total, valor_pago, saldo_devedor, criado_em, finalizado_em, finalizado_por) VALUES ('bad43667-dd96-43dd-b2da-841cef59ff01', 11573, current_setting('importacao.cliente_id')::uuid, 4, 'a3626643-4749-4e56-83bc-b4a8ffd53659', 'concluida', 'normal', 7054.0, 7054.0, 0.0, '2026-06-12T14:00:00+00', '2026-06-12T14:00:00+00', 'a3626643-4749-4e56-83bc-b4a8ffd53659');
UPDATE aparelhos SET venda_id = 'bad43667-dd96-43dd-b2da-841cef59ff01' WHERE id = '9afe9ff5-cff6-481f-a650-f03cd47fce6d';
INSERT INTO pagamentos_venda (id, venda_id, tipo_pagamento, valor, data_pagamento, criado_por, parcelas, criado_em) VALUES ('7274bcad-9b4f-4ebb-8f96-d2f700e04ef9', 'bad43667-dd96-43dd-b2da-841cef59ff01', 'pix', 3000.0, '2026-06-12', 'a3626643-4749-4e56-83bc-b4a8ffd53659', 1, '2026-06-12T14:00:00+00');
INSERT INTO pagamentos_venda (id, venda_id, tipo_pagamento, valor, data_pagamento, criado_por, parcelas, criado_em) VALUES ('54a3d551-ea66-4b0f-9dce-bda7eca9c8f8', 'bad43667-dd96-43dd-b2da-841cef59ff01', 'cartao_credito', 4054.0, '2026-06-12', 'a3626643-4749-4e56-83bc-b4a8ffd53659', 1, '2026-06-12T14:00:00+00');
INSERT INTO brindes_aparelhos (id, loja_id, venda_id, descricao, valor_custo, data_ocorrencia, criado_por, criado_em) VALUES ('91f5350a-56ea-4df5-a503-8c9424316e41', 4, 'bad43667-dd96-43dd-b2da-841cef59ff01', 'Brinde', 45.0, '2026-06-12', 'a3626643-4749-4e56-83bc-b4a8ffd53659', '2026-06-12T14:00:00+00');

-- === Linha 93: REDMI NOTE 15 5G 256GB ROXO LACRADO (12/06/2026) ===
INSERT INTO aparelhos (id, marca, modelo, imei, valor_venda, valor_compra, loja_id, estado, condicao, status, data_venda, data_entrada, criado_por, criado_em, atualizado_em, observacoes) VALUES ('25694d65-3870-435f-b98f-f56892455f8f', 'Xiaomi', 'REDMI NOTE 15 5G 256GB ROXO LACRADO', '865292089040460', 1513.0, 1400.0, 4, 'novo', 'perfeito', 'vendido', '2026-06-12T14:00:00+00', '2026-06-12T14:00:00+00', 'a3626643-4749-4e56-83bc-b4a8ffd53659', '2026-06-12T14:00:00+00', '2026-06-12T14:00:00+00', NULL);
INSERT INTO vendas (id, numero_venda, cliente_id, loja_id, vendedor_id, status, tipo, valor_total, valor_pago, saldo_devedor, criado_em, finalizado_em, finalizado_por) VALUES ('ea75c8c1-d0b8-43af-a62d-4d47ceebc9bf', 11574, current_setting('importacao.cliente_id')::uuid, 4, 'a3626643-4749-4e56-83bc-b4a8ffd53659', 'concluida', 'normal', 1513.0, 1513.0, 0.0, '2026-06-12T14:00:00+00', '2026-06-12T14:00:00+00', 'a3626643-4749-4e56-83bc-b4a8ffd53659');
UPDATE aparelhos SET venda_id = 'ea75c8c1-d0b8-43af-a62d-4d47ceebc9bf' WHERE id = '25694d65-3870-435f-b98f-f56892455f8f';
INSERT INTO pagamentos_venda (id, venda_id, tipo_pagamento, valor, data_pagamento, criado_por, parcelas, criado_em) VALUES ('28085fbf-5bdd-4015-bb76-dec1f5355fa5', 'ea75c8c1-d0b8-43af-a62d-4d47ceebc9bf', 'pix', 1513.0, '2026-06-12', 'a3626643-4749-4e56-83bc-b4a8ffd53659', 1, '2026-06-12T14:00:00+00');

-- === Linha 94: IPHONE 14 256GB PRETO SEMINOVO (12/06/2026) ===
INSERT INTO aparelhos (id, marca, modelo, imei, valor_venda, valor_compra, loja_id, estado, condicao, status, data_venda, data_entrada, criado_por, criado_em, atualizado_em, observacoes) VALUES ('0dca96c3-14cb-4f48-841f-5c111930f2ee', 'Apple', 'IPHONE 14 256GB PRETO SEMINOVO', '354155259200412', 2300.0, 2000.0, 19, 'seminovo', 'bom', 'vendido', '2026-06-12T14:00:00+00', '2026-06-12T14:00:00+00', '97f12885-87ad-426a-8bbb-656889d82e10', '2026-06-12T14:00:00+00', '2026-06-12T14:00:00+00', NULL);
INSERT INTO vendas (id, numero_venda, cliente_id, loja_id, vendedor_id, status, tipo, valor_total, valor_pago, saldo_devedor, criado_em, finalizado_em, finalizado_por) VALUES ('da12ddef-4e43-45d9-900f-2f74d8c3fc18', 11575, current_setting('importacao.cliente_id')::uuid, 19, '97f12885-87ad-426a-8bbb-656889d82e10', 'concluida', 'normal', 2300.0, 2300.0, 0.0, '2026-06-12T14:00:00+00', '2026-06-12T14:00:00+00', '97f12885-87ad-426a-8bbb-656889d82e10');
UPDATE aparelhos SET venda_id = 'da12ddef-4e43-45d9-900f-2f74d8c3fc18' WHERE id = '0dca96c3-14cb-4f48-841f-5c111930f2ee';
INSERT INTO pagamentos_venda (id, venda_id, tipo_pagamento, valor, data_pagamento, criado_por, parcelas, criado_em) VALUES ('fd2f6e2d-8a27-4ca9-bc80-afb15c372636', 'da12ddef-4e43-45d9-900f-2f74d8c3fc18', 'pix', 2300.0, '2026-06-12', '97f12885-87ad-426a-8bbb-656889d82e10', 1, '2026-06-12T14:00:00+00');
INSERT INTO brindes_aparelhos (id, loja_id, venda_id, descricao, valor_custo, data_ocorrencia, criado_por, criado_em) VALUES ('e21ed7ba-1005-4a6c-86c0-43c9b4863d8c', 19, 'da12ddef-4e43-45d9-900f-2f74d8c3fc18', 'Brinde', 25.0, '2026-06-12', '97f12885-87ad-426a-8bbb-656889d82e10', '2026-06-12T14:00:00+00');

-- === Linha 95: APPLE WATCH SÉRIE 11 42MM ROSE GOLD NOVO (12/06/2026) ===
INSERT INTO aparelhos (id, marca, modelo, imei, valor_venda, valor_compra, loja_id, estado, condicao, status, data_venda, data_entrada, criado_por, criado_em, atualizado_em, observacoes) VALUES ('85613415-2c18-445b-9e4c-e256fb9070a9', 'Apple', 'APPLE WATCH SÉRIE 11 42MM ROSE GOLD NOVO', 'LTC2HXQJRW', 2480.0, 2300.0, 20, 'novo', 'perfeito', 'vendido', '2026-06-12T14:00:00+00', '2026-06-12T14:00:00+00', 'a50f1e24-aabb-41c1-b817-b4a4950bb1e4', '2026-06-12T14:00:00+00', '2026-06-12T14:00:00+00', NULL);
INSERT INTO vendas (id, numero_venda, cliente_id, loja_id, vendedor_id, status, tipo, valor_total, valor_pago, saldo_devedor, criado_em, finalizado_em, finalizado_por) VALUES ('6bb10e44-1d15-4bd7-bf55-205aea2e9063', 11576, current_setting('importacao.cliente_id')::uuid, 20, 'a50f1e24-aabb-41c1-b817-b4a4950bb1e4', 'concluida', 'normal', 2480.0, 2480.0, 0.0, '2026-06-12T14:00:00+00', '2026-06-12T14:00:00+00', 'a50f1e24-aabb-41c1-b817-b4a4950bb1e4');
UPDATE aparelhos SET venda_id = '6bb10e44-1d15-4bd7-bf55-205aea2e9063' WHERE id = '85613415-2c18-445b-9e4c-e256fb9070a9';
INSERT INTO pagamentos_venda (id, venda_id, tipo_pagamento, valor, data_pagamento, criado_por, parcelas, criado_em) VALUES ('bd1c8315-b9d5-44c4-8fc4-0c9d7b6f98e1', '6bb10e44-1d15-4bd7-bf55-205aea2e9063', 'pix', 2480.0, '2026-06-12', 'a50f1e24-aabb-41c1-b817-b4a4950bb1e4', 1, '2026-06-12T14:00:00+00');

-- === Linha 96: IPHONE 17 PRO 256GB LARANJA SEMINOVO (12/06/2026) ===
INSERT INTO aparelhos (id, marca, modelo, imei, valor_venda, valor_compra, loja_id, estado, condicao, status, data_venda, data_entrada, criado_por, criado_em, atualizado_em, observacoes) VALUES ('8d56dd5a-daff-4ff8-8ea4-c3ab050e458e', 'Apple', 'IPHONE 17 PRO 256GB LARANJA SEMINOVO', '356661403706855', 7100.0, 6300.0, 19, 'seminovo', 'bom', 'vendido', '2026-06-12T14:00:00+00', '2026-06-12T14:00:00+00', '97f12885-87ad-426a-8bbb-656889d82e10', '2026-06-12T14:00:00+00', '2026-06-12T14:00:00+00', 'pgto forcado pix (extracao excedeu venda)');
INSERT INTO vendas (id, numero_venda, cliente_id, loja_id, vendedor_id, status, tipo, valor_total, valor_pago, saldo_devedor, criado_em, finalizado_em, finalizado_por) VALUES ('3770e4bf-4456-4826-a293-a5dd3c24cf4d', 11577, current_setting('importacao.cliente_id')::uuid, 19, '97f12885-87ad-426a-8bbb-656889d82e10', 'concluida', 'normal', 7100.0, 7100.0, 0.0, '2026-06-12T14:00:00+00', '2026-06-12T14:00:00+00', '97f12885-87ad-426a-8bbb-656889d82e10');
UPDATE aparelhos SET venda_id = '3770e4bf-4456-4826-a293-a5dd3c24cf4d' WHERE id = '8d56dd5a-daff-4ff8-8ea4-c3ab050e458e';
INSERT INTO pagamentos_venda (id, venda_id, tipo_pagamento, valor, data_pagamento, criado_por, parcelas, criado_em) VALUES ('f37afcd2-e3d6-474f-934b-654e98887ff8', '3770e4bf-4456-4826-a293-a5dd3c24cf4d', 'pix', 7100.0, '2026-06-12', '97f12885-87ad-426a-8bbb-656889d82e10', 1, '2026-06-12T14:00:00+00');
INSERT INTO brindes_aparelhos (id, loja_id, venda_id, descricao, valor_custo, data_ocorrencia, criado_por, criado_em) VALUES ('ca48c120-4e16-4591-a856-fbca4b9eb212', 19, '3770e4bf-4456-4826-a293-a5dd3c24cf4d', 'Brinde', 40.0, '2026-06-12', '97f12885-87ad-426a-8bbb-656889d82e10', '2026-06-12T14:00:00+00');

-- === Linha 97: IPHONE 13 PRO MAX 128GB AZUL SEMINOVO (12/06/2026) ===
INSERT INTO aparelhos (id, marca, modelo, imei, valor_venda, valor_compra, loja_id, estado, condicao, status, data_venda, data_entrada, criado_por, criado_em, atualizado_em, observacoes) VALUES ('606b97ef-22b4-47ef-bc8b-62a1db0488e2', 'Apple', 'IPHONE 13 PRO MAX 128GB AZUL SEMINOVO', '355777918114145', 2775.0, 2600.0, 19, 'seminovo', 'bom', 'vendido', '2026-06-12T14:00:00+00', '2026-06-12T14:00:00+00', '97f12885-87ad-426a-8bbb-656889d82e10', '2026-06-12T14:00:00+00', '2026-06-12T14:00:00+00', NULL);
INSERT INTO vendas (id, numero_venda, cliente_id, loja_id, vendedor_id, status, tipo, valor_total, valor_pago, saldo_devedor, criado_em, finalizado_em, finalizado_por) VALUES ('8186e325-62a7-49f4-aa2e-752915181c47', 11578, current_setting('importacao.cliente_id')::uuid, 19, '97f12885-87ad-426a-8bbb-656889d82e10', 'concluida', 'normal', 2775.0, 2775.0, 0.0, '2026-06-12T14:00:00+00', '2026-06-12T14:00:00+00', '97f12885-87ad-426a-8bbb-656889d82e10');
UPDATE aparelhos SET venda_id = '8186e325-62a7-49f4-aa2e-752915181c47' WHERE id = '606b97ef-22b4-47ef-bc8b-62a1db0488e2';
INSERT INTO pagamentos_venda (id, venda_id, tipo_pagamento, valor, data_pagamento, criado_por, parcelas, criado_em) VALUES ('33c07cc0-69d6-44b3-984e-54d3131b821a', '8186e325-62a7-49f4-aa2e-752915181c47', 'cartao_credito', 2775.0, '2026-06-12', '97f12885-87ad-426a-8bbb-656889d82e10', 1, '2026-06-12T14:00:00+00');
INSERT INTO brindes_aparelhos (id, loja_id, venda_id, descricao, valor_custo, data_ocorrencia, criado_por, criado_em) VALUES ('7ecdb0ce-86f6-4c92-a13e-2587d71f60af', 19, '8186e325-62a7-49f4-aa2e-752915181c47', 'Brinde', 25.0, '2026-06-12', '97f12885-87ad-426a-8bbb-656889d82e10', '2026-06-12T14:00:00+00');

-- === Linha 98: IPHONE 15 PRO MAX 256GB NATURAL SEMINOVO (12/06/2026) ===
INSERT INTO aparelhos (id, marca, modelo, imei, valor_venda, valor_compra, loja_id, estado, condicao, status, data_venda, data_entrada, criado_por, criado_em, atualizado_em, observacoes) VALUES ('dedcbc2a-80f5-4af3-946a-1d5537ebd532', 'Apple', 'IPHONE 15 PRO MAX 256GB NATURAL SEMINOVO', '354934250608587', 3950.0, 3700.0, 19, 'seminovo', 'bom', 'vendido', '2026-06-12T14:00:00+00', '2026-06-12T14:00:00+00', '97f12885-87ad-426a-8bbb-656889d82e10', '2026-06-12T14:00:00+00', '2026-06-12T14:00:00+00', NULL);
INSERT INTO vendas (id, numero_venda, cliente_id, loja_id, vendedor_id, status, tipo, valor_total, valor_pago, saldo_devedor, criado_em, finalizado_em, finalizado_por) VALUES ('ed430825-0b79-4ba0-819a-a21797b357ab', 11579, current_setting('importacao.cliente_id')::uuid, 19, '97f12885-87ad-426a-8bbb-656889d82e10', 'concluida', 'normal', 3950.0, 3950.0, 0.0, '2026-06-12T14:00:00+00', '2026-06-12T14:00:00+00', '97f12885-87ad-426a-8bbb-656889d82e10');
UPDATE aparelhos SET venda_id = 'ed430825-0b79-4ba0-819a-a21797b357ab' WHERE id = 'dedcbc2a-80f5-4af3-946a-1d5537ebd532';
INSERT INTO pagamentos_venda (id, venda_id, tipo_pagamento, valor, data_pagamento, criado_por, parcelas, criado_em) VALUES ('4bd22175-f9b8-4474-83ab-0fdbaede70af', 'ed430825-0b79-4ba0-819a-a21797b357ab', 'pix', 3950.0, '2026-06-12', '97f12885-87ad-426a-8bbb-656889d82e10', 1, '2026-06-12T14:00:00+00');
INSERT INTO brindes_aparelhos (id, loja_id, venda_id, descricao, valor_custo, data_ocorrencia, criado_por, criado_em) VALUES ('79c2b3db-a770-4c39-935f-1b2a61765f8e', 19, 'ed430825-0b79-4ba0-819a-a21797b357ab', 'Brinde', 25.0, '2026-06-12', '97f12885-87ad-426a-8bbb-656889d82e10', '2026-06-12T14:00:00+00');

-- === Linha 99: SAMSUNG A07 128GB PRETO NOVO (12/06/2026) ===
INSERT INTO aparelhos (id, marca, modelo, imei, valor_venda, valor_compra, loja_id, estado, condicao, status, data_venda, data_entrada, criado_por, criado_em, atualizado_em, observacoes) VALUES ('a079a36e-d641-4a51-8c9d-c006caec8b62', 'Samsung', 'SAMSUNG A07 128GB PRETO NOVO', '350272672458453', 710.0, 570.0, 20, 'novo', 'perfeito', 'vendido', '2026-06-12T14:00:00+00', '2026-06-12T14:00:00+00', '25e2da5b-9e76-4388-9890-7e22efd6940d', '2026-06-12T14:00:00+00', '2026-06-12T14:00:00+00', NULL);
INSERT INTO vendas (id, numero_venda, cliente_id, loja_id, vendedor_id, status, tipo, valor_total, valor_pago, saldo_devedor, criado_em, finalizado_em, finalizado_por) VALUES ('9267f562-3071-4bed-9c88-a46f2fbca398', 11580, current_setting('importacao.cliente_id')::uuid, 20, '25e2da5b-9e76-4388-9890-7e22efd6940d', 'concluida', 'normal', 710.0, 710.0, 0.0, '2026-06-12T14:00:00+00', '2026-06-12T14:00:00+00', '25e2da5b-9e76-4388-9890-7e22efd6940d');
UPDATE aparelhos SET venda_id = '9267f562-3071-4bed-9c88-a46f2fbca398' WHERE id = 'a079a36e-d641-4a51-8c9d-c006caec8b62';
INSERT INTO pagamentos_venda (id, venda_id, tipo_pagamento, valor, data_pagamento, criado_por, parcelas, criado_em) VALUES ('84696917-120e-43b2-b125-ca1f2d6cd774', '9267f562-3071-4bed-9c88-a46f2fbca398', 'cartao_credito', 710.0, '2026-06-12', '25e2da5b-9e76-4388-9890-7e22efd6940d', 1, '2026-06-12T14:00:00+00');

-- === Linha 100: SAMSUNG S10 FE 256GB GREY NOVO (12/06/2026) ===
INSERT INTO aparelhos (id, marca, modelo, imei, valor_venda, valor_compra, loja_id, estado, condicao, status, data_venda, data_entrada, criado_por, criado_em, atualizado_em, observacoes) VALUES ('48e191f7-7a95-4b09-aca5-479bf06b9e4f', 'Samsung', 'SAMSUNG S10 FE 256GB GREY NOVO', 'R5GL33TWGS', 2603.0, 2449.0, 20, 'novo', 'perfeito', 'vendido', '2026-06-12T14:00:00+00', '2026-06-12T14:00:00+00', '25e2da5b-9e76-4388-9890-7e22efd6940d', '2026-06-12T14:00:00+00', '2026-06-12T14:00:00+00', NULL);
INSERT INTO vendas (id, numero_venda, cliente_id, loja_id, vendedor_id, status, tipo, valor_total, valor_pago, saldo_devedor, criado_em, finalizado_em, finalizado_por) VALUES ('0099a695-cbd6-459d-aaa6-8ad121496a00', 11581, current_setting('importacao.cliente_id')::uuid, 20, '25e2da5b-9e76-4388-9890-7e22efd6940d', 'concluida', 'normal', 2603.0, 2603.0, 0.0, '2026-06-12T14:00:00+00', '2026-06-12T14:00:00+00', '25e2da5b-9e76-4388-9890-7e22efd6940d');
UPDATE aparelhos SET venda_id = '0099a695-cbd6-459d-aaa6-8ad121496a00' WHERE id = '48e191f7-7a95-4b09-aca5-479bf06b9e4f';
INSERT INTO pagamentos_venda (id, venda_id, tipo_pagamento, valor, data_pagamento, criado_por, parcelas, criado_em) VALUES ('621e73bb-b47e-4a69-ba96-f5d04dd58fa9', '0099a695-cbd6-459d-aaa6-8ad121496a00', 'pix', 1000.0, '2026-06-12', '25e2da5b-9e76-4388-9890-7e22efd6940d', 1, '2026-06-12T14:00:00+00');
INSERT INTO pagamentos_venda (id, venda_id, tipo_pagamento, valor, data_pagamento, criado_por, parcelas, criado_em) VALUES ('bb3c3450-efd0-433f-912b-3037e157afbf', '0099a695-cbd6-459d-aaa6-8ad121496a00', 'cartao_credito', 1603.0, '2026-06-12', '25e2da5b-9e76-4388-9890-7e22efd6940d', 1, '2026-06-12T14:00:00+00');

-- === Linha 101: IPHONE 17 PRO MAX 256GB AZUL NOVO (12/06/2026) ===
INSERT INTO aparelhos (id, marca, modelo, imei, valor_venda, valor_compra, loja_id, estado, condicao, status, data_venda, data_entrada, criado_por, criado_em, atualizado_em, observacoes) VALUES ('76e1e521-abe7-4a20-9b43-ed8fc0c1fb17', 'Apple', 'IPHONE 17 PRO MAX 256GB AZUL NOVO', '359178372863168', 7750.0, 7470.0, 1, 'novo', 'perfeito', 'vendido', '2026-06-12T14:00:00+00', '2026-06-12T14:00:00+00', '1d12d555-68e9-45f8-bfc0-a35a1d8d7920', '2026-06-12T14:00:00+00', '2026-06-12T14:00:00+00', NULL);
INSERT INTO vendas (id, numero_venda, cliente_id, loja_id, vendedor_id, status, tipo, valor_total, valor_pago, saldo_devedor, criado_em, finalizado_em, finalizado_por) VALUES ('f72e4989-df2d-4654-98cc-aa17d9a18bb3', 11582, current_setting('importacao.cliente_id')::uuid, 1, '1d12d555-68e9-45f8-bfc0-a35a1d8d7920', 'concluida', 'normal', 7750.0, 7750.0, 0.0, '2026-06-12T14:00:00+00', '2026-06-12T14:00:00+00', '1d12d555-68e9-45f8-bfc0-a35a1d8d7920');
UPDATE aparelhos SET venda_id = 'f72e4989-df2d-4654-98cc-aa17d9a18bb3' WHERE id = '76e1e521-abe7-4a20-9b43-ed8fc0c1fb17';
INSERT INTO pagamentos_venda (id, venda_id, tipo_pagamento, valor, data_pagamento, criado_por, parcelas, criado_em) VALUES ('9aa9e0a6-e43b-4b2e-9899-28c4517a9171', 'f72e4989-df2d-4654-98cc-aa17d9a18bb3', 'pix', 7750.0, '2026-06-12', '1d12d555-68e9-45f8-bfc0-a35a1d8d7920', 1, '2026-06-12T14:00:00+00');

-- === Linha 102: IPHONE 12 VERMELHO 64GB SEMINOVO (12/06/2026) ===
INSERT INTO aparelhos (id, marca, modelo, imei, valor_venda, valor_compra, loja_id, estado, condicao, status, data_venda, data_entrada, criado_por, criado_em, atualizado_em, observacoes) VALUES ('d5e8ee05-9939-4e7c-95d2-fa376ee2a183', 'Apple', 'IPHONE 12 VERMELHO 64GB SEMINOVO', '35303611166370', 1320.0, 1150.0, 20, 'seminovo', 'bom', 'vendido', '2026-06-12T14:00:00+00', '2026-06-12T14:00:00+00', 'a50f1e24-aabb-41c1-b817-b4a4950bb1e4', '2026-06-12T14:00:00+00', '2026-06-12T14:00:00+00', NULL);
INSERT INTO vendas (id, numero_venda, cliente_id, loja_id, vendedor_id, status, tipo, valor_total, valor_pago, saldo_devedor, criado_em, finalizado_em, finalizado_por) VALUES ('ddb188ae-cdae-46f9-bae3-192991611bc7', 11583, current_setting('importacao.cliente_id')::uuid, 20, 'a50f1e24-aabb-41c1-b817-b4a4950bb1e4', 'concluida', 'normal', 1320.0, 1320.0, 0.0, '2026-06-12T14:00:00+00', '2026-06-12T14:00:00+00', 'a50f1e24-aabb-41c1-b817-b4a4950bb1e4');
UPDATE aparelhos SET venda_id = 'ddb188ae-cdae-46f9-bae3-192991611bc7' WHERE id = 'd5e8ee05-9939-4e7c-95d2-fa376ee2a183';
INSERT INTO pagamentos_venda (id, venda_id, tipo_pagamento, valor, data_pagamento, criado_por, parcelas, criado_em) VALUES ('9a83b7f4-f58c-4009-bd1c-2a471ff517c1', 'ddb188ae-cdae-46f9-bae3-192991611bc7', 'pix', 1320.0, '2026-06-12', 'a50f1e24-aabb-41c1-b817-b4a4950bb1e4', 1, '2026-06-12T14:00:00+00');

-- === Linha 103: IPHONE 13 BRANCO 256GB SEMINOVO (13/06/2026) ===
INSERT INTO aparelhos (id, marca, modelo, imei, valor_venda, valor_compra, loja_id, estado, condicao, status, data_venda, data_entrada, criado_por, criado_em, atualizado_em, observacoes) VALUES ('46bced2f-0e2e-4324-a1ff-1b8f84f428a5', 'Apple', 'IPHONE 13 BRANCO 256GB SEMINOVO', '358691732646082', 2200.0, 1900.0, 4, 'seminovo', 'bom', 'vendido', '2026-06-13T14:00:00+00', '2026-06-13T14:00:00+00', 'a3626643-4749-4e56-83bc-b4a8ffd53659', '2026-06-13T14:00:00+00', '2026-06-13T14:00:00+00', NULL);
INSERT INTO vendas (id, numero_venda, cliente_id, loja_id, vendedor_id, status, tipo, valor_total, valor_pago, saldo_devedor, criado_em, finalizado_em, finalizado_por) VALUES ('9e2ef617-9463-48b1-af6d-21922248df96', 11584, current_setting('importacao.cliente_id')::uuid, 4, 'a3626643-4749-4e56-83bc-b4a8ffd53659', 'concluida', 'normal', 2200.0, 2200.0, 0.0, '2026-06-13T14:00:00+00', '2026-06-13T14:00:00+00', 'a3626643-4749-4e56-83bc-b4a8ffd53659');
UPDATE aparelhos SET venda_id = '9e2ef617-9463-48b1-af6d-21922248df96' WHERE id = '46bced2f-0e2e-4324-a1ff-1b8f84f428a5';
INSERT INTO pagamentos_venda (id, venda_id, tipo_pagamento, valor, data_pagamento, criado_por, parcelas, criado_em) VALUES ('a647a234-ad42-4c99-8b1c-76e0c1f5e464', '9e2ef617-9463-48b1-af6d-21922248df96', 'pix', 2200.0, '2026-06-13', 'a3626643-4749-4e56-83bc-b4a8ffd53659', 1, '2026-06-13T14:00:00+00');
INSERT INTO brindes_aparelhos (id, loja_id, venda_id, descricao, valor_custo, data_ocorrencia, criado_por, criado_em) VALUES ('5c0532af-f44c-4143-a208-d85812094f24', 4, '9e2ef617-9463-48b1-af6d-21922248df96', 'Brinde', 25.0, '2026-06-13', 'a3626643-4749-4e56-83bc-b4a8ffd53659', '2026-06-13T14:00:00+00');

-- === Linha 104: IPHONE 15 PRO MAX 256GB PRETO SEMINOVO (13/06/2026) ===
INSERT INTO aparelhos (id, marca, modelo, imei, valor_venda, valor_compra, loja_id, estado, condicao, status, data_venda, data_entrada, criado_por, criado_em, atualizado_em, observacoes) VALUES ('abcab965-9f9e-4914-b484-c5667338bd48', 'Apple', 'IPHONE 15 PRO MAX 256GB PRETO SEMINOVO', '357275791173971', 4000.0, 3700.0, 20, 'seminovo', 'bom', 'vendido', '2026-06-13T14:00:00+00', '2026-06-13T14:00:00+00', 'a50f1e24-aabb-41c1-b817-b4a4950bb1e4', '2026-06-13T14:00:00+00', '2026-06-13T14:00:00+00', NULL);
INSERT INTO vendas (id, numero_venda, cliente_id, loja_id, vendedor_id, status, tipo, valor_total, valor_pago, saldo_devedor, criado_em, finalizado_em, finalizado_por) VALUES ('1c0e0db7-a54b-4c90-913c-e0670f41ece3', 11585, current_setting('importacao.cliente_id')::uuid, 20, 'a50f1e24-aabb-41c1-b817-b4a4950bb1e4', 'concluida', 'normal', 4000.0, 4000.0, 0.0, '2026-06-13T14:00:00+00', '2026-06-13T14:00:00+00', 'a50f1e24-aabb-41c1-b817-b4a4950bb1e4');
UPDATE aparelhos SET venda_id = '1c0e0db7-a54b-4c90-913c-e0670f41ece3' WHERE id = 'abcab965-9f9e-4914-b484-c5667338bd48';
INSERT INTO pagamentos_venda (id, venda_id, tipo_pagamento, valor, data_pagamento, criado_por, parcelas, criado_em) VALUES ('336916fc-ff38-4c90-b3c3-07e3de02ec39', '1c0e0db7-a54b-4c90-913c-e0670f41ece3', 'pix', 4000.0, '2026-06-13', 'a50f1e24-aabb-41c1-b817-b4a4950bb1e4', 1, '2026-06-13T14:00:00+00');

-- === Linha 105: IPHONE 16 PRO 128GB DESERT SEMINOVO (13/06/2026) ===
INSERT INTO aparelhos (id, marca, modelo, imei, valor_venda, valor_compra, loja_id, estado, condicao, status, data_venda, data_entrada, criado_por, criado_em, atualizado_em, observacoes) VALUES ('0271d809-3899-40f6-a30a-3c9f7d5e5a99', 'Apple', 'IPHONE 16 PRO 128GB DESERT SEMINOVO', '351895491457790', 4500.0, 4140.0, 19, 'seminovo', 'bom', 'vendido', '2026-06-13T14:00:00+00', '2026-06-13T14:00:00+00', '97f12885-87ad-426a-8bbb-656889d82e10', '2026-06-13T14:00:00+00', '2026-06-13T14:00:00+00', NULL);
INSERT INTO vendas (id, numero_venda, cliente_id, loja_id, vendedor_id, status, tipo, valor_total, valor_pago, saldo_devedor, criado_em, finalizado_em, finalizado_por) VALUES ('875ca488-b4bd-4f56-94ea-2d283ddbc797', 11586, current_setting('importacao.cliente_id')::uuid, 19, '97f12885-87ad-426a-8bbb-656889d82e10', 'concluida', 'normal', 4500.0, 4500.0, 0.0, '2026-06-13T14:00:00+00', '2026-06-13T14:00:00+00', '97f12885-87ad-426a-8bbb-656889d82e10');
UPDATE aparelhos SET venda_id = '875ca488-b4bd-4f56-94ea-2d283ddbc797' WHERE id = '0271d809-3899-40f6-a30a-3c9f7d5e5a99';
INSERT INTO pagamentos_venda (id, venda_id, tipo_pagamento, valor, data_pagamento, criado_por, parcelas, criado_em) VALUES ('19b438f5-a18a-443d-8bc8-305b4dd6490b', '875ca488-b4bd-4f56-94ea-2d283ddbc797', 'dinheiro', 2200.0, '2026-06-13', '97f12885-87ad-426a-8bbb-656889d82e10', 1, '2026-06-13T14:00:00+00');
INSERT INTO pagamentos_venda (id, venda_id, tipo_pagamento, valor, data_pagamento, criado_por, observacao, parcelas, criado_em) VALUES ('c45f9ffd-14c6-419d-bd34-694253032629', '875ca488-b4bd-4f56-94ea-2d283ddbc797', 'troca_aparelho', 2300.0, '2026-06-13', '97f12885-87ad-426a-8bbb-656889d82e10', 'Troca: IPHONE 13 PRO MAX 128GB AZUL SEMINOVO', 1, '2026-06-13T14:00:00+00');

-- PULADO (Angel): linha 106 - IPHONE 16 PRO MAX 256GB PRETO SEMINOVO
-- === Linha 107: IPHONE 14 128GB PRETO SEMINOVO (13/06/2026) ===
INSERT INTO aparelhos (id, marca, modelo, imei, valor_venda, valor_compra, loja_id, estado, condicao, status, data_venda, data_entrada, criado_por, criado_em, atualizado_em, observacoes) VALUES ('db732f58-dfb8-4652-99a8-7d67c8cbf13d', 'Apple', 'IPHONE 14 128GB PRETO SEMINOVO', '351253189953664', 2091.0, 1900.0, 19, 'seminovo', 'bom', 'vendido', '2026-06-13T14:00:00+00', '2026-06-13T14:00:00+00', '85743f3e-1b32-49c0-9d9e-c16afd690f7d', '2026-06-13T14:00:00+00', '2026-06-13T14:00:00+00', NULL);
INSERT INTO vendas (id, numero_venda, cliente_id, loja_id, vendedor_id, status, tipo, valor_total, valor_pago, saldo_devedor, criado_em, finalizado_em, finalizado_por) VALUES ('32df2cdf-c831-44dc-966c-2b42747674ed', 11587, current_setting('importacao.cliente_id')::uuid, 19, '85743f3e-1b32-49c0-9d9e-c16afd690f7d', 'concluida', 'normal', 2091.0, 2091.0, 0.0, '2026-06-13T14:00:00+00', '2026-06-13T14:00:00+00', '85743f3e-1b32-49c0-9d9e-c16afd690f7d');
UPDATE aparelhos SET venda_id = '32df2cdf-c831-44dc-966c-2b42747674ed' WHERE id = 'db732f58-dfb8-4652-99a8-7d67c8cbf13d';
INSERT INTO pagamentos_venda (id, venda_id, tipo_pagamento, valor, data_pagamento, criado_por, parcelas, criado_em) VALUES ('a01b86be-4def-4ae1-9467-04299e1963dd', '32df2cdf-c831-44dc-966c-2b42747674ed', 'pix', 1891.0, '2026-06-13', '85743f3e-1b32-49c0-9d9e-c16afd690f7d', 1, '2026-06-13T14:00:00+00');
INSERT INTO pagamentos_venda (id, venda_id, tipo_pagamento, valor, data_pagamento, criado_por, parcelas, criado_em) VALUES ('2e58587f-0b52-4f93-84d0-40d4e4a55d99', '32df2cdf-c831-44dc-966c-2b42747674ed', 'dinheiro', 200.0, '2026-06-13', '85743f3e-1b32-49c0-9d9e-c16afd690f7d', 1, '2026-06-13T14:00:00+00');
INSERT INTO brindes_aparelhos (id, loja_id, venda_id, descricao, valor_custo, data_ocorrencia, criado_por, criado_em) VALUES ('0332ee6f-ca2f-4bc8-ad32-248179a00ef6', 19, '32df2cdf-c831-44dc-966c-2b42747674ed', 'Brinde', 25.0, '2026-06-13', '85743f3e-1b32-49c0-9d9e-c16afd690f7d', '2026-06-13T14:00:00+00');

-- === Linha 108: IPHONE 13 PRO MAX 128GB PRETO SEMINOVO (13/06/2026) ===
INSERT INTO aparelhos (id, marca, modelo, imei, valor_venda, valor_compra, loja_id, estado, condicao, status, data_venda, data_entrada, criado_por, criado_em, atualizado_em, observacoes) VALUES ('26ce77df-010c-4d49-aef1-02d4ffc47268', 'Apple', 'IPHONE 13 PRO MAX 128GB PRETO SEMINOVO', '351016090159006', 2780.0, 2600.0, 1, 'seminovo', 'bom', 'vendido', '2026-06-13T14:00:00+00', '2026-06-13T14:00:00+00', '85e3aa42-b9af-49b8-a72a-64e9c337aa53', '2026-06-13T14:00:00+00', '2026-06-13T14:00:00+00', NULL);
INSERT INTO vendas (id, numero_venda, cliente_id, loja_id, vendedor_id, status, tipo, valor_total, valor_pago, saldo_devedor, criado_em, finalizado_em, finalizado_por) VALUES ('2b7d8887-7e2a-4faf-a7f7-2de0b652bcf7', 11588, current_setting('importacao.cliente_id')::uuid, 1, '85e3aa42-b9af-49b8-a72a-64e9c337aa53', 'concluida', 'normal', 2780.0, 2780.0, 0.0, '2026-06-13T14:00:00+00', '2026-06-13T14:00:00+00', '85e3aa42-b9af-49b8-a72a-64e9c337aa53');
UPDATE aparelhos SET venda_id = '2b7d8887-7e2a-4faf-a7f7-2de0b652bcf7' WHERE id = '26ce77df-010c-4d49-aef1-02d4ffc47268';
INSERT INTO pagamentos_venda (id, venda_id, tipo_pagamento, valor, data_pagamento, criado_por, parcelas, criado_em) VALUES ('3fa8d0c5-770a-41c8-a35e-819efd869d16', '2b7d8887-7e2a-4faf-a7f7-2de0b652bcf7', 'pix', 2780.0, '2026-06-13', '85e3aa42-b9af-49b8-a72a-64e9c337aa53', 1, '2026-06-13T14:00:00+00');
INSERT INTO brindes_aparelhos (id, loja_id, venda_id, descricao, valor_custo, data_ocorrencia, criado_por, criado_em) VALUES ('76adf3eb-38bc-45af-82f5-f8afd34a0911', 1, '2b7d8887-7e2a-4faf-a7f7-2de0b652bcf7', 'Brinde', 15.0, '2026-06-13', '85e3aa42-b9af-49b8-a72a-64e9c337aa53', '2026-06-13T14:00:00+00');

-- === Linha 109: IPHONE 17 PRO MAX 256GB AZUL NOVO (13/06/2026) ===
INSERT INTO aparelhos (id, marca, modelo, imei, valor_venda, valor_compra, loja_id, estado, condicao, status, data_venda, data_entrada, criado_por, criado_em, atualizado_em, observacoes) VALUES ('d2c3edc2-ae6a-4fcf-a082-be47b875489f', 'Apple', 'IPHONE 17 PRO MAX 256GB AZUL NOVO', NULL, 8192.0, 7670.0, 1, 'novo', 'perfeito', 'vendido', '2026-06-13T14:00:00+00', '2026-06-13T14:00:00+00', '85e3aa42-b9af-49b8-a72a-64e9c337aa53', '2026-06-13T14:00:00+00', '2026-06-13T14:00:00+00', 'Sem IMEI');
INSERT INTO vendas (id, numero_venda, cliente_id, loja_id, vendedor_id, status, tipo, valor_total, valor_pago, saldo_devedor, criado_em, finalizado_em, finalizado_por) VALUES ('86e926c9-b2d5-4d59-a92b-995238ce4cf7', 11589, current_setting('importacao.cliente_id')::uuid, 1, '85e3aa42-b9af-49b8-a72a-64e9c337aa53', 'concluida', 'normal', 8192.0, 8192.0, 0.0, '2026-06-13T14:00:00+00', '2026-06-13T14:00:00+00', '85e3aa42-b9af-49b8-a72a-64e9c337aa53');
UPDATE aparelhos SET venda_id = '86e926c9-b2d5-4d59-a92b-995238ce4cf7' WHERE id = 'd2c3edc2-ae6a-4fcf-a082-be47b875489f';
INSERT INTO pagamentos_venda (id, venda_id, tipo_pagamento, valor, data_pagamento, criado_por, parcelas, criado_em) VALUES ('690ef19f-1bfa-4db0-b365-b36bf1708ed8', '86e926c9-b2d5-4d59-a92b-995238ce4cf7', 'pix', 3742.0, '2026-06-13', '85e3aa42-b9af-49b8-a72a-64e9c337aa53', 1, '2026-06-13T14:00:00+00');
INSERT INTO pagamentos_venda (id, venda_id, tipo_pagamento, valor, data_pagamento, criado_por, observacao, parcelas, criado_em) VALUES ('8013310b-4ca5-4856-82af-0e8749210514', '86e926c9-b2d5-4d59-a92b-995238ce4cf7', 'troca_aparelho', 4450.0, '2026-06-13', '85e3aa42-b9af-49b8-a72a-64e9c337aa53', 'Troca: IPH 16 PRO 256GB DESERT', 1, '2026-06-13T14:00:00+00');
INSERT INTO brindes_aparelhos (id, loja_id, venda_id, descricao, valor_custo, data_ocorrencia, criado_por, criado_em) VALUES ('d61b48de-19a1-41d9-bf4c-6d1413a1d109', 1, '86e926c9-b2d5-4d59-a92b-995238ce4cf7', 'Brinde', 15.0, '2026-06-13', '85e3aa42-b9af-49b8-a72a-64e9c337aa53', '2026-06-13T14:00:00+00');

-- === Linha 110: IPHONE 17 PRO MAX 256GB AZUL NOVO (14/06/2026) ===
INSERT INTO aparelhos (id, marca, modelo, imei, valor_venda, valor_compra, loja_id, estado, condicao, status, data_venda, data_entrada, criado_por, criado_em, atualizado_em, observacoes) VALUES ('67abbb33-fa29-4e19-8838-7dc2500612ce', 'Apple', 'IPHONE 17 PRO MAX 256GB AZUL NOVO', '358434709486764', 9500.0, 8800.0, 19, 'novo', 'perfeito', 'vendido', '2026-06-14T14:00:00+00', '2026-06-14T14:00:00+00', '97f12885-87ad-426a-8bbb-656889d82e10', '2026-06-14T14:00:00+00', '2026-06-14T14:00:00+00', NULL);
INSERT INTO vendas (id, numero_venda, cliente_id, loja_id, vendedor_id, status, tipo, valor_total, valor_pago, saldo_devedor, criado_em, finalizado_em, finalizado_por) VALUES ('e8d4167d-9dc0-4547-b49e-a3c86c2ebefd', 11590, current_setting('importacao.cliente_id')::uuid, 19, '97f12885-87ad-426a-8bbb-656889d82e10', 'concluida', 'normal', 9500.0, 9500.0, 0.0, '2026-06-14T14:00:00+00', '2026-06-14T14:00:00+00', '97f12885-87ad-426a-8bbb-656889d82e10');
UPDATE aparelhos SET venda_id = 'e8d4167d-9dc0-4547-b49e-a3c86c2ebefd' WHERE id = '67abbb33-fa29-4e19-8838-7dc2500612ce';
INSERT INTO pagamentos_venda (id, venda_id, tipo_pagamento, valor, data_pagamento, criado_por, parcelas, criado_em) VALUES ('ba4a55f8-4109-4550-9429-383abbe06891', 'e8d4167d-9dc0-4547-b49e-a3c86c2ebefd', 'cartao_credito', 4200.0, '2026-06-14', '97f12885-87ad-426a-8bbb-656889d82e10', 1, '2026-06-14T14:00:00+00');
INSERT INTO pagamentos_venda (id, venda_id, tipo_pagamento, valor, data_pagamento, criado_por, observacao, parcelas, criado_em) VALUES ('690756ad-15e8-4421-a1b7-d53bf6077b45', 'e8d4167d-9dc0-4547-b49e-a3c86c2ebefd', 'troca_aparelho', 5300.0, '2026-06-14', '97f12885-87ad-426a-8bbb-656889d82e10', 'Troca: IPH 14 PRO MAX ROXO 256GB; IPH 13 PRO 256GB', 1, '2026-06-14T14:00:00+00');

-- === Linha 111: IPHONE 13 128GB PRETO SEMINOVO (14/06/2026) ===
INSERT INTO aparelhos (id, marca, modelo, imei, valor_venda, valor_compra, loja_id, estado, condicao, status, data_venda, data_entrada, criado_por, criado_em, atualizado_em, observacoes) VALUES ('ee4bf544-5316-481c-bdcc-3354dc637713', 'Apple', 'IPHONE 13 128GB PRETO SEMINOVO', '356052832405030', 1930.0, 1750.0, 1, 'seminovo', 'bom', 'vendido', '2026-06-14T14:00:00+00', '2026-06-14T14:00:00+00', '85e3aa42-b9af-49b8-a72a-64e9c337aa53', '2026-06-14T14:00:00+00', '2026-06-14T14:00:00+00', NULL);
INSERT INTO vendas (id, numero_venda, cliente_id, loja_id, vendedor_id, status, tipo, valor_total, valor_pago, saldo_devedor, criado_em, finalizado_em, finalizado_por) VALUES ('beb37252-6114-4426-9efd-e32bd99870a3', 11591, current_setting('importacao.cliente_id')::uuid, 1, '85e3aa42-b9af-49b8-a72a-64e9c337aa53', 'concluida', 'normal', 1930.0, 1930.0, 0.0, '2026-06-14T14:00:00+00', '2026-06-14T14:00:00+00', '85e3aa42-b9af-49b8-a72a-64e9c337aa53');
UPDATE aparelhos SET venda_id = 'beb37252-6114-4426-9efd-e32bd99870a3' WHERE id = 'ee4bf544-5316-481c-bdcc-3354dc637713';
INSERT INTO pagamentos_venda (id, venda_id, tipo_pagamento, valor, data_pagamento, criado_por, parcelas, criado_em) VALUES ('a8b4b302-9e07-4a3f-b3d1-c168de2bd0a4', 'beb37252-6114-4426-9efd-e32bd99870a3', 'pix', 1930.0, '2026-06-14', '85e3aa42-b9af-49b8-a72a-64e9c337aa53', 1, '2026-06-14T14:00:00+00');
INSERT INTO brindes_aparelhos (id, loja_id, venda_id, descricao, valor_custo, data_ocorrencia, criado_por, criado_em) VALUES ('d19f0a07-427c-4f53-b9a5-b0dd8a2b8b34', 1, 'beb37252-6114-4426-9efd-e32bd99870a3', 'Brinde', 10.0, '2026-06-14', '85e3aa42-b9af-49b8-a72a-64e9c337aa53', '2026-06-14T14:00:00+00');

-- === Linha 112: IPHONE 17 PRO 256GB BRANCO NOVO (14/06/2026) ===
INSERT INTO aparelhos (id, marca, modelo, imei, valor_venda, valor_compra, loja_id, estado, condicao, status, data_venda, data_entrada, criado_por, criado_em, atualizado_em, observacoes) VALUES ('231821c3-f701-41c6-ba8f-7665a3e61cb6', 'Apple', 'IPHONE 17 PRO 256GB BRANCO NOVO', '353407733508683', 7424.0, 6800.0, 1, 'novo', 'perfeito', 'vendido', '2026-06-14T14:00:00+00', '2026-06-14T14:00:00+00', '85e3aa42-b9af-49b8-a72a-64e9c337aa53', '2026-06-14T14:00:00+00', '2026-06-14T14:00:00+00', NULL);
INSERT INTO vendas (id, numero_venda, cliente_id, loja_id, vendedor_id, status, tipo, valor_total, valor_pago, saldo_devedor, criado_em, finalizado_em, finalizado_por) VALUES ('6847430b-03b7-4dfc-b9ff-a3cf4a29f2ed', 11592, current_setting('importacao.cliente_id')::uuid, 1, '85e3aa42-b9af-49b8-a72a-64e9c337aa53', 'concluida', 'normal', 7424.0, 7424.0, 0.0, '2026-06-14T14:00:00+00', '2026-06-14T14:00:00+00', '85e3aa42-b9af-49b8-a72a-64e9c337aa53');
UPDATE aparelhos SET venda_id = '6847430b-03b7-4dfc-b9ff-a3cf4a29f2ed' WHERE id = '231821c3-f701-41c6-ba8f-7665a3e61cb6';
INSERT INTO pagamentos_venda (id, venda_id, tipo_pagamento, valor, data_pagamento, criado_por, parcelas, criado_em) VALUES ('76d03b46-5c8a-466d-870a-72dbcbb5d916', '6847430b-03b7-4dfc-b9ff-a3cf4a29f2ed', 'pix', 5524.0, '2026-06-14', '85e3aa42-b9af-49b8-a72a-64e9c337aa53', 1, '2026-06-14T14:00:00+00');
INSERT INTO pagamentos_venda (id, venda_id, tipo_pagamento, valor, data_pagamento, criado_por, observacao, parcelas, criado_em) VALUES ('bb834710-8c97-47db-ac2c-501ec330be9f', '6847430b-03b7-4dfc-b9ff-a3cf4a29f2ed', 'troca_aparelho', 1900.0, '2026-06-14', '85e3aa42-b9af-49b8-a72a-64e9c337aa53', 'Troca: IPHONE 14 128GB', 1, '2026-06-14T14:00:00+00');
INSERT INTO brindes_aparelhos (id, loja_id, venda_id, descricao, valor_custo, data_ocorrencia, criado_por, criado_em) VALUES ('e3722553-00d7-4381-a64f-925727931ec5', 1, '6847430b-03b7-4dfc-b9ff-a3cf4a29f2ed', 'Brinde', 10.0, '2026-06-14', '85e3aa42-b9af-49b8-a72a-64e9c337aa53', '2026-06-14T14:00:00+00');

-- === Linha 113: IPHONE 17 PRO MAX 512GB AZUL NOVO (14/06/2026) ===
INSERT INTO aparelhos (id, marca, modelo, imei, valor_venda, valor_compra, loja_id, estado, condicao, status, data_venda, data_entrada, criado_por, criado_em, atualizado_em, observacoes) VALUES ('ea5bc623-d083-4628-8962-1b925855cca9', 'Apple', 'IPHONE 17 PRO MAX 512GB AZUL NOVO', NULL, 9592.0, 8800.0, 1, 'novo', 'perfeito', 'vendido', '2026-06-14T14:00:00+00', '2026-06-14T14:00:00+00', '85e3aa42-b9af-49b8-a72a-64e9c337aa53', '2026-06-14T14:00:00+00', '2026-06-14T14:00:00+00', 'Sem IMEI');
INSERT INTO vendas (id, numero_venda, cliente_id, loja_id, vendedor_id, status, tipo, valor_total, valor_pago, saldo_devedor, criado_em, finalizado_em, finalizado_por) VALUES ('036a4928-62ce-48df-8f3e-6a69c768e2b7', 11593, current_setting('importacao.cliente_id')::uuid, 1, '85e3aa42-b9af-49b8-a72a-64e9c337aa53', 'concluida', 'normal', 9592.0, 9592.0, 0.0, '2026-06-14T14:00:00+00', '2026-06-14T14:00:00+00', '85e3aa42-b9af-49b8-a72a-64e9c337aa53');
UPDATE aparelhos SET venda_id = '036a4928-62ce-48df-8f3e-6a69c768e2b7' WHERE id = 'ea5bc623-d083-4628-8962-1b925855cca9';
INSERT INTO pagamentos_venda (id, venda_id, tipo_pagamento, valor, data_pagamento, criado_por, parcelas, criado_em) VALUES ('b5d7f89c-8f9a-456a-af09-a2074c59dacd', '036a4928-62ce-48df-8f3e-6a69c768e2b7', 'pix', 7592.0, '2026-06-14', '85e3aa42-b9af-49b8-a72a-64e9c337aa53', 1, '2026-06-14T14:00:00+00');
INSERT INTO pagamentos_venda (id, venda_id, tipo_pagamento, valor, data_pagamento, criado_por, observacao, parcelas, criado_em) VALUES ('ae273045-9bd2-4e5c-ae73-5d9d427130f6', '036a4928-62ce-48df-8f3e-6a69c768e2b7', 'troca_aparelho', 2000.0, '2026-06-14', '85e3aa42-b9af-49b8-a72a-64e9c337aa53', 'Troca: IPH 16 PRO MAX DESERT 512GB', 1, '2026-06-14T14:00:00+00');
INSERT INTO brindes_aparelhos (id, loja_id, venda_id, descricao, valor_custo, data_ocorrencia, criado_por, criado_em) VALUES ('9a6e7cbc-b63f-46f9-bf30-dd77d06fca84', 1, '036a4928-62ce-48df-8f3e-6a69c768e2b7', 'Brinde', 25.0, '2026-06-14', '85e3aa42-b9af-49b8-a72a-64e9c337aa53', '2026-06-14T14:00:00+00');

-- === Linha 114: IPHONE 13 PRO MAX 128GB AZUL SEMINOVO (14/06/2026) ===
INSERT INTO aparelhos (id, marca, modelo, imei, valor_venda, valor_compra, loja_id, estado, condicao, status, data_venda, data_entrada, criado_por, criado_em, atualizado_em, observacoes) VALUES ('b6a5937d-04e6-4159-a94e-bb00bf4dde2a', 'Apple', 'IPHONE 13 PRO MAX 128GB AZUL SEMINOVO', '353967814106970', 2830.0, 2600.0, 1, 'seminovo', 'bom', 'vendido', '2026-06-14T14:00:00+00', '2026-06-14T14:00:00+00', '85e3aa42-b9af-49b8-a72a-64e9c337aa53', '2026-06-14T14:00:00+00', '2026-06-14T14:00:00+00', NULL);
INSERT INTO vendas (id, numero_venda, cliente_id, loja_id, vendedor_id, status, tipo, valor_total, valor_pago, saldo_devedor, criado_em, finalizado_em, finalizado_por) VALUES ('d68cafa6-0851-479c-96d6-b4f84a1d4450', 11594, current_setting('importacao.cliente_id')::uuid, 1, '85e3aa42-b9af-49b8-a72a-64e9c337aa53', 'concluida', 'normal', 2830.0, 2830.0, 0.0, '2026-06-14T14:00:00+00', '2026-06-14T14:00:00+00', '85e3aa42-b9af-49b8-a72a-64e9c337aa53');
UPDATE aparelhos SET venda_id = 'd68cafa6-0851-479c-96d6-b4f84a1d4450' WHERE id = 'b6a5937d-04e6-4159-a94e-bb00bf4dde2a';
INSERT INTO pagamentos_venda (id, venda_id, tipo_pagamento, valor, data_pagamento, criado_por, parcelas, criado_em) VALUES ('2ae1e810-b469-4718-844d-a9c794c4d85d', 'd68cafa6-0851-479c-96d6-b4f84a1d4450', 'pix', 2830.0, '2026-06-14', '85e3aa42-b9af-49b8-a72a-64e9c337aa53', 1, '2026-06-14T14:00:00+00');
INSERT INTO brindes_aparelhos (id, loja_id, venda_id, descricao, valor_custo, data_ocorrencia, criado_por, criado_em) VALUES ('a65913dc-6cb9-4446-9b4f-b8fad5312f08', 1, 'd68cafa6-0851-479c-96d6-b4f84a1d4450', 'Brinde', 25.0, '2026-06-14', '85e3aa42-b9af-49b8-a72a-64e9c337aa53', '2026-06-14T14:00:00+00');

-- === Linha 115: IPHONE 17E 256GB BRANCO NOVO (16/06/2026) ===
INSERT INTO aparelhos (id, marca, modelo, imei, valor_venda, valor_compra, loja_id, estado, condicao, status, data_venda, data_entrada, criado_por, criado_em, atualizado_em, observacoes) VALUES ('ceb74bb8-2561-4ab2-8260-47c584726149', 'Apple', 'IPHONE 17E 256GB BRANCO NOVO', '358835897106321', 3900.0, 3550.0, 20, 'novo', 'perfeito', 'vendido', '2026-06-16T14:00:00+00', '2026-06-16T14:00:00+00', 'a50f1e24-aabb-41c1-b817-b4a4950bb1e4', '2026-06-16T14:00:00+00', '2026-06-16T14:00:00+00', 'Pagto junto (Aparelho 1/4, total grupo R$ 15,600)');
INSERT INTO vendas (id, numero_venda, cliente_id, loja_id, vendedor_id, status, tipo, valor_total, valor_pago, saldo_devedor, criado_em, finalizado_em, finalizado_por) VALUES ('d5211afb-3072-441c-beef-9432c3597b74', 11595, current_setting('importacao.cliente_id')::uuid, 20, 'a50f1e24-aabb-41c1-b817-b4a4950bb1e4', 'concluida', 'normal', 3900.0, 3900.0, 0.0, '2026-06-16T14:00:00+00', '2026-06-16T14:00:00+00', 'a50f1e24-aabb-41c1-b817-b4a4950bb1e4');
UPDATE aparelhos SET venda_id = 'd5211afb-3072-441c-beef-9432c3597b74' WHERE id = 'ceb74bb8-2561-4ab2-8260-47c584726149';
INSERT INTO pagamentos_venda (id, venda_id, tipo_pagamento, valor, data_pagamento, criado_por, parcelas, criado_em) VALUES ('47159407-f2c8-48e1-b4f0-fa71e13be441', 'd5211afb-3072-441c-beef-9432c3597b74', 'pix', 3900.0, '2026-06-16', 'a50f1e24-aabb-41c1-b817-b4a4950bb1e4', 1, '2026-06-16T14:00:00+00');

-- === Linha 116: IPHONE 17E 256GB BRANCO NOVO (16/06/2026) ===
INSERT INTO aparelhos (id, marca, modelo, imei, valor_venda, valor_compra, loja_id, estado, condicao, status, data_venda, data_entrada, criado_por, criado_em, atualizado_em, observacoes) VALUES ('e8b4b021-ea94-4e38-ba0a-29f0fae7712f', 'Apple', 'IPHONE 17E 256GB BRANCO NOVO', '351101756151594', 3900.0, 3550.0, 20, 'novo', 'perfeito', 'vendido', '2026-06-16T14:00:00+00', '2026-06-16T14:00:00+00', 'a50f1e24-aabb-41c1-b817-b4a4950bb1e4', '2026-06-16T14:00:00+00', '2026-06-16T14:00:00+00', 'Pagto junto (Aparelho 2/4, total grupo R$ 15,600)');
INSERT INTO vendas (id, numero_venda, cliente_id, loja_id, vendedor_id, status, tipo, valor_total, valor_pago, saldo_devedor, criado_em, finalizado_em, finalizado_por) VALUES ('17b6f8e1-3667-4d6d-85c8-666339d25a56', 11596, current_setting('importacao.cliente_id')::uuid, 20, 'a50f1e24-aabb-41c1-b817-b4a4950bb1e4', 'concluida', 'normal', 3900.0, 3900.0, 0.0, '2026-06-16T14:00:00+00', '2026-06-16T14:00:00+00', 'a50f1e24-aabb-41c1-b817-b4a4950bb1e4');
UPDATE aparelhos SET venda_id = '17b6f8e1-3667-4d6d-85c8-666339d25a56' WHERE id = 'e8b4b021-ea94-4e38-ba0a-29f0fae7712f';
INSERT INTO pagamentos_venda (id, venda_id, tipo_pagamento, valor, data_pagamento, criado_por, parcelas, criado_em) VALUES ('f0f15513-746d-436d-b528-c10fbb9840f8', '17b6f8e1-3667-4d6d-85c8-666339d25a56', 'pix', 3900.0, '2026-06-16', 'a50f1e24-aabb-41c1-b817-b4a4950bb1e4', 1, '2026-06-16T14:00:00+00');

-- === Linha 117: IPHONE 17E 256GB BRANCO NOVO (16/06/2026) ===
INSERT INTO aparelhos (id, marca, modelo, imei, valor_venda, valor_compra, loja_id, estado, condicao, status, data_venda, data_entrada, criado_por, criado_em, atualizado_em, observacoes) VALUES ('4fcf1247-902d-40da-8720-41754a38e3f1', 'Apple', 'IPHONE 17E 256GB BRANCO NOVO', '357457926697914', 3900.0, 3550.0, 20, 'novo', 'perfeito', 'vendido', '2026-06-16T14:00:00+00', '2026-06-16T14:00:00+00', 'a50f1e24-aabb-41c1-b817-b4a4950bb1e4', '2026-06-16T14:00:00+00', '2026-06-16T14:00:00+00', 'Pagto junto (Aparelho 3/4, total grupo R$ 15,600)');
INSERT INTO vendas (id, numero_venda, cliente_id, loja_id, vendedor_id, status, tipo, valor_total, valor_pago, saldo_devedor, criado_em, finalizado_em, finalizado_por) VALUES ('a1c5d8b4-fc5c-4e28-9ff2-5c0aa3f3e342', 11597, current_setting('importacao.cliente_id')::uuid, 20, 'a50f1e24-aabb-41c1-b817-b4a4950bb1e4', 'concluida', 'normal', 3900.0, 3900.0, 0.0, '2026-06-16T14:00:00+00', '2026-06-16T14:00:00+00', 'a50f1e24-aabb-41c1-b817-b4a4950bb1e4');
UPDATE aparelhos SET venda_id = 'a1c5d8b4-fc5c-4e28-9ff2-5c0aa3f3e342' WHERE id = '4fcf1247-902d-40da-8720-41754a38e3f1';
INSERT INTO pagamentos_venda (id, venda_id, tipo_pagamento, valor, data_pagamento, criado_por, parcelas, criado_em) VALUES ('5b43ef33-4a86-41d4-9f51-6c030f5cb409', 'a1c5d8b4-fc5c-4e28-9ff2-5c0aa3f3e342', 'pix', 3900.0, '2026-06-16', 'a50f1e24-aabb-41c1-b817-b4a4950bb1e4', 1, '2026-06-16T14:00:00+00');

-- === Linha 118: IPHONE 17E 256GB PRETO NOVO (16/06/2026) ===
INSERT INTO aparelhos (id, marca, modelo, imei, valor_venda, valor_compra, loja_id, estado, condicao, status, data_venda, data_entrada, criado_por, criado_em, atualizado_em, observacoes) VALUES ('bca0124e-668f-4d45-8fac-f9387af8926b', 'Apple', 'IPHONE 17E 256GB PRETO NOVO', '358835898948200', 3900.0, 3600.0, 20, 'novo', 'perfeito', 'vendido', '2026-06-16T14:00:00+00', '2026-06-16T14:00:00+00', 'a50f1e24-aabb-41c1-b817-b4a4950bb1e4', '2026-06-16T14:00:00+00', '2026-06-16T14:00:00+00', 'Pagto junto (Aparelho 4/4, total grupo R$ 15,600)');
INSERT INTO vendas (id, numero_venda, cliente_id, loja_id, vendedor_id, status, tipo, valor_total, valor_pago, saldo_devedor, criado_em, finalizado_em, finalizado_por) VALUES ('63a68022-e220-4907-83c0-e2317c063400', 11598, current_setting('importacao.cliente_id')::uuid, 20, 'a50f1e24-aabb-41c1-b817-b4a4950bb1e4', 'concluida', 'normal', 3900.0, 3900.0, 0.0, '2026-06-16T14:00:00+00', '2026-06-16T14:00:00+00', 'a50f1e24-aabb-41c1-b817-b4a4950bb1e4');
UPDATE aparelhos SET venda_id = '63a68022-e220-4907-83c0-e2317c063400' WHERE id = 'bca0124e-668f-4d45-8fac-f9387af8926b';
INSERT INTO pagamentos_venda (id, venda_id, tipo_pagamento, valor, data_pagamento, criado_por, parcelas, criado_em) VALUES ('30ce0634-59a9-4ec0-a634-a35690edc4aa', '63a68022-e220-4907-83c0-e2317c063400', 'pix', 3900.0, '2026-06-16', 'a50f1e24-aabb-41c1-b817-b4a4950bb1e4', 1, '2026-06-16T14:00:00+00');

-- === Linha 119: IPHONE 17 PRO MAX 256GB AZUL NOVO (16/06/2026) ===
INSERT INTO aparelhos (id, marca, modelo, imei, valor_venda, valor_compra, loja_id, estado, condicao, status, data_venda, data_entrada, criado_por, criado_em, atualizado_em, observacoes) VALUES ('46eed605-3f68-4926-bca0-93deff68d8b8', 'Apple', 'IPHONE 17 PRO MAX 256GB AZUL NOVO', '357247251305757', 7600.0, 7450.0, 20, 'novo', 'perfeito', 'vendido', '2026-06-16T14:00:00+00', '2026-06-16T14:00:00+00', 'a50f1e24-aabb-41c1-b817-b4a4950bb1e4', '2026-06-16T14:00:00+00', '2026-06-16T14:00:00+00', NULL);
INSERT INTO vendas (id, numero_venda, cliente_id, loja_id, vendedor_id, status, tipo, valor_total, valor_pago, saldo_devedor, criado_em, finalizado_em, finalizado_por) VALUES ('e3accc84-decd-47c1-852a-7678409046c3', 11599, current_setting('importacao.cliente_id')::uuid, 20, 'a50f1e24-aabb-41c1-b817-b4a4950bb1e4', 'concluida', 'normal', 7600.0, 7600.0, 0.0, '2026-06-16T14:00:00+00', '2026-06-16T14:00:00+00', 'a50f1e24-aabb-41c1-b817-b4a4950bb1e4');
UPDATE aparelhos SET venda_id = 'e3accc84-decd-47c1-852a-7678409046c3' WHERE id = '46eed605-3f68-4926-bca0-93deff68d8b8';
INSERT INTO pagamentos_venda (id, venda_id, tipo_pagamento, valor, data_pagamento, criado_por, parcelas, criado_em) VALUES ('4c20a7b5-5678-4c27-bd92-c78c9d4d8762', 'e3accc84-decd-47c1-852a-7678409046c3', 'pix', 2650.0, '2026-06-16', 'a50f1e24-aabb-41c1-b817-b4a4950bb1e4', 1, '2026-06-16T14:00:00+00');
INSERT INTO pagamentos_venda (id, venda_id, tipo_pagamento, valor, data_pagamento, criado_por, observacao, parcelas, criado_em) VALUES ('e4af3988-6b1b-4f04-a73b-46af25bd088a', 'e3accc84-decd-47c1-852a-7678409046c3', 'troca_aparelho', 4950.0, '2026-06-16', 'a50f1e24-aabb-41c1-b817-b4a4950bb1e4', 'Troca: 16 PRO MAX DESERT 256GB', 1, '2026-06-16T14:00:00+00');

-- === Linha 120: IPHONE 15 PRO MAX 256GB AZUL SEMINOVO (16/06/2026) ===
INSERT INTO aparelhos (id, marca, modelo, imei, valor_venda, valor_compra, loja_id, estado, condicao, status, data_venda, data_entrada, criado_por, criado_em, atualizado_em, observacoes) VALUES ('2b60ee51-37bc-4043-ba13-8695472a0ddb', 'Apple', 'IPHONE 15 PRO MAX 256GB AZUL SEMINOVO', NULL, 4075.0, 3950.0, 1, 'seminovo', 'bom', 'vendido', '2026-06-16T14:00:00+00', '2026-06-16T14:00:00+00', '85e3aa42-b9af-49b8-a72a-64e9c337aa53', '2026-06-16T14:00:00+00', '2026-06-16T14:00:00+00', 'Sem IMEI; pgto forcado pix (diff nao extraida)');
INSERT INTO vendas (id, numero_venda, cliente_id, loja_id, vendedor_id, status, tipo, valor_total, valor_pago, saldo_devedor, criado_em, finalizado_em, finalizado_por) VALUES ('3a4a9e23-6f4a-4b40-903f-7620bcc26d7b', 11600, current_setting('importacao.cliente_id')::uuid, 1, '85e3aa42-b9af-49b8-a72a-64e9c337aa53', 'concluida', 'normal', 4075.0, 4075.0, 0.0, '2026-06-16T14:00:00+00', '2026-06-16T14:00:00+00', '85e3aa42-b9af-49b8-a72a-64e9c337aa53');
UPDATE aparelhos SET venda_id = '3a4a9e23-6f4a-4b40-903f-7620bcc26d7b' WHERE id = '2b60ee51-37bc-4043-ba13-8695472a0ddb';
INSERT INTO pagamentos_venda (id, venda_id, tipo_pagamento, valor, data_pagamento, criado_por, parcelas, criado_em) VALUES ('57ec3f67-8e1a-4d20-9603-b4056304e3e4', '3a4a9e23-6f4a-4b40-903f-7620bcc26d7b', 'pix', 4075.0, '2026-06-16', '85e3aa42-b9af-49b8-a72a-64e9c337aa53', 1, '2026-06-16T14:00:00+00');

-- === Linha 121: POCO X8 PRO MAX 512GB PRETO LACRADO (17/06/2026) ===
INSERT INTO aparelhos (id, marca, modelo, imei, valor_venda, valor_compra, loja_id, estado, condicao, status, data_venda, data_entrada, criado_por, criado_em, atualizado_em, observacoes) VALUES ('82cd07fc-449b-4a39-bd39-0c90365135a6', 'Xiaomi', 'POCO X8 PRO MAX 512GB PRETO LACRADO', '860534086155261', 3150.0, 3000.0, 1, 'novo', 'perfeito', 'vendido', '2026-06-17T14:00:00+00', '2026-06-17T14:00:00+00', '1d12d555-68e9-45f8-bfc0-a35a1d8d7920', '2026-06-17T14:00:00+00', '2026-06-17T14:00:00+00', NULL);
INSERT INTO vendas (id, numero_venda, cliente_id, loja_id, vendedor_id, status, tipo, valor_total, valor_pago, saldo_devedor, criado_em, finalizado_em, finalizado_por) VALUES ('5105b06e-a285-4c65-a30f-34668b112786', 11601, current_setting('importacao.cliente_id')::uuid, 1, '1d12d555-68e9-45f8-bfc0-a35a1d8d7920', 'concluida', 'normal', 3150.0, 3150.0, 0.0, '2026-06-17T14:00:00+00', '2026-06-17T14:00:00+00', '1d12d555-68e9-45f8-bfc0-a35a1d8d7920');
UPDATE aparelhos SET venda_id = '5105b06e-a285-4c65-a30f-34668b112786' WHERE id = '82cd07fc-449b-4a39-bd39-0c90365135a6';
INSERT INTO pagamentos_venda (id, venda_id, tipo_pagamento, valor, data_pagamento, criado_por, parcelas, criado_em) VALUES ('1944f5e1-32d6-47da-8df9-61c6e5bf89b3', '5105b06e-a285-4c65-a30f-34668b112786', 'pix', 3150.0, '2026-06-17', '1d12d555-68e9-45f8-bfc0-a35a1d8d7920', 1, '2026-06-17T14:00:00+00');
INSERT INTO brindes_aparelhos (id, loja_id, venda_id, descricao, valor_custo, data_ocorrencia, criado_por, criado_em) VALUES ('c107c17e-00e4-454d-a552-49ebf4d98000', 1, '5105b06e-a285-4c65-a30f-34668b112786', 'Brinde', 5.0, '2026-06-17', '1d12d555-68e9-45f8-bfc0-a35a1d8d7920', '2026-06-17T14:00:00+00');

-- === Linha 122: POCO PAD M1 256GB GRAY NOVO (17/06/2026) ===
INSERT INTO aparelhos (id, marca, modelo, imei, valor_venda, valor_compra, loja_id, estado, condicao, status, data_venda, data_entrada, criado_por, criado_em, atualizado_em, observacoes) VALUES ('89533cfc-0abb-4d80-b62e-04f1090298e0', 'Xiaomi', 'POCO PAD M1 256GB GRAY NOVO', '71114/Y6PS00360', 2050.0, 1520.0, 4, 'novo', 'perfeito', 'vendido', '2026-06-17T14:00:00+00', '2026-06-17T14:00:00+00', 'a3626643-4749-4e56-83bc-b4a8ffd53659', '2026-06-17T14:00:00+00', '2026-06-17T14:00:00+00', NULL);
INSERT INTO vendas (id, numero_venda, cliente_id, loja_id, vendedor_id, status, tipo, valor_total, valor_pago, saldo_devedor, criado_em, finalizado_em, finalizado_por) VALUES ('86b46f87-1f04-4d2a-a0ca-aec8a7e5bded', 11602, current_setting('importacao.cliente_id')::uuid, 4, 'a3626643-4749-4e56-83bc-b4a8ffd53659', 'concluida', 'normal', 2050.0, 2050.0, 0.0, '2026-06-17T14:00:00+00', '2026-06-17T14:00:00+00', 'a3626643-4749-4e56-83bc-b4a8ffd53659');
UPDATE aparelhos SET venda_id = '86b46f87-1f04-4d2a-a0ca-aec8a7e5bded' WHERE id = '89533cfc-0abb-4d80-b62e-04f1090298e0';
INSERT INTO pagamentos_venda (id, venda_id, tipo_pagamento, valor, data_pagamento, criado_por, parcelas, criado_em) VALUES ('d4a4a93c-80c1-452a-95dc-4a193daa047d', '86b46f87-1f04-4d2a-a0ca-aec8a7e5bded', 'pix', 2050.0, '2026-06-17', 'a3626643-4749-4e56-83bc-b4a8ffd53659', 1, '2026-06-17T14:00:00+00');
INSERT INTO brindes_aparelhos (id, loja_id, venda_id, descricao, valor_custo, data_ocorrencia, criado_por, criado_em) VALUES ('4507592d-1709-4c3f-84b0-6eac881f6d9f', 4, '86b46f87-1f04-4d2a-a0ca-aec8a7e5bded', 'Brinde', 155.0, '2026-06-17', 'a3626643-4749-4e56-83bc-b4a8ffd53659', '2026-06-17T14:00:00+00');

-- === Linha 123: IPHONE 17 PRO MAX 256GB SILVER SEMINOVO (17/06/2026) ===
INSERT INTO aparelhos (id, marca, modelo, imei, valor_venda, valor_compra, loja_id, estado, condicao, status, data_venda, data_entrada, criado_por, criado_em, atualizado_em, observacoes) VALUES ('c9e20fac-8a29-4561-827a-90d88317b1d9', 'Apple', 'IPHONE 17 PRO MAX 256GB SILVER SEMINOVO', '35.524665.496195-2', 7150.0, 6600.0, 1, 'seminovo', 'bom', 'vendido', '2026-06-17T14:00:00+00', '2026-06-17T14:00:00+00', '9451cd9f-6770-4e32-aae8-c75fa675e818', '2026-06-17T14:00:00+00', '2026-06-17T14:00:00+00', NULL);
INSERT INTO vendas (id, numero_venda, cliente_id, loja_id, vendedor_id, status, tipo, valor_total, valor_pago, saldo_devedor, criado_em, finalizado_em, finalizado_por) VALUES ('e9b14c57-1f14-4577-900c-2c1625ab894d', 11603, current_setting('importacao.cliente_id')::uuid, 1, '9451cd9f-6770-4e32-aae8-c75fa675e818', 'concluida', 'normal', 7150.0, 7150.0, 0.0, '2026-06-17T14:00:00+00', '2026-06-17T14:00:00+00', '9451cd9f-6770-4e32-aae8-c75fa675e818');
UPDATE aparelhos SET venda_id = 'e9b14c57-1f14-4577-900c-2c1625ab894d' WHERE id = 'c9e20fac-8a29-4561-827a-90d88317b1d9';
INSERT INTO pagamentos_venda (id, venda_id, tipo_pagamento, valor, data_pagamento, criado_por, parcelas, criado_em) VALUES ('97105f38-a9db-4d1d-978a-b3c9a2bab82e', 'e9b14c57-1f14-4577-900c-2c1625ab894d', 'pix', 2200.0, '2026-06-17', '9451cd9f-6770-4e32-aae8-c75fa675e818', 1, '2026-06-17T14:00:00+00');
INSERT INTO pagamentos_venda (id, venda_id, tipo_pagamento, valor, data_pagamento, criado_por, observacao, parcelas, criado_em) VALUES ('6756a918-6fbf-4439-8701-bba0c5e178f6', 'e9b14c57-1f14-4577-900c-2c1625ab894d', 'troca_aparelho', 4950.0, '2026-06-17', '9451cd9f-6770-4e32-aae8-c75fa675e818', 'Troca: IPHONE 16 PRO MAX 256GB', 1, '2026-06-17T14:00:00+00');
INSERT INTO brindes_aparelhos (id, loja_id, venda_id, descricao, valor_custo, data_ocorrencia, criado_por, criado_em) VALUES ('4e1fe7b8-1258-43e2-abc7-44ebafba058d', 1, 'e9b14c57-1f14-4577-900c-2c1625ab894d', 'Brinde', 25.0, '2026-06-17', '9451cd9f-6770-4e32-aae8-c75fa675e818', '2026-06-17T14:00:00+00');

-- === Linha 124: LARK HOLLYLAND M2 NOVO (17/06/2026) ===
INSERT INTO aparelhos (id, marca, modelo, imei, valor_venda, valor_compra, loja_id, estado, condicao, status, data_venda, data_entrada, criado_por, criado_em, atualizado_em, observacoes) VALUES ('c0029b5f-979e-4703-a23d-1fce9a76c56a', 'Outros', 'LARK HOLLYLAND M2 NOVO', 'C6HX222JWYG', 893.0, 700.0, 4, 'novo', 'perfeito', 'vendido', '2026-06-17T14:00:00+00', '2026-06-17T14:00:00+00', 'a3626643-4749-4e56-83bc-b4a8ffd53659', '2026-06-17T14:00:00+00', '2026-06-17T14:00:00+00', NULL);
INSERT INTO vendas (id, numero_venda, cliente_id, loja_id, vendedor_id, status, tipo, valor_total, valor_pago, saldo_devedor, criado_em, finalizado_em, finalizado_por) VALUES ('c1ba2c36-0866-4a25-9380-fde28c93d9a4', 11604, current_setting('importacao.cliente_id')::uuid, 4, 'a3626643-4749-4e56-83bc-b4a8ffd53659', 'concluida', 'normal', 893.0, 893.0, 0.0, '2026-06-17T14:00:00+00', '2026-06-17T14:00:00+00', 'a3626643-4749-4e56-83bc-b4a8ffd53659');
UPDATE aparelhos SET venda_id = 'c1ba2c36-0866-4a25-9380-fde28c93d9a4' WHERE id = 'c0029b5f-979e-4703-a23d-1fce9a76c56a';
INSERT INTO pagamentos_venda (id, venda_id, tipo_pagamento, valor, data_pagamento, criado_por, parcelas, criado_em) VALUES ('9eab1ebc-b550-45d9-9c97-7bd9242ab476', 'c1ba2c36-0866-4a25-9380-fde28c93d9a4', 'cartao_credito', 893.0, '2026-06-17', 'a3626643-4749-4e56-83bc-b4a8ffd53659', 1, '2026-06-17T14:00:00+00');

-- === Linha 125: IPHONE 14 PRO MAX 256GB ROXO SEMINOVO (17/06/2026) ===
INSERT INTO aparelhos (id, marca, modelo, imei, valor_venda, valor_compra, loja_id, estado, condicao, status, data_venda, data_entrada, criado_por, criado_em, atualizado_em, observacoes) VALUES ('b7ceb84f-3b8e-438e-a495-667f7c2d9143', 'Apple', 'IPHONE 14 PRO MAX 256GB ROXO SEMINOVO', '350270052493330', 3562.0, 3200.0, 20, 'seminovo', 'bom', 'vendido', '2026-06-17T14:00:00+00', '2026-06-17T14:00:00+00', '25e2da5b-9e76-4388-9890-7e22efd6940d', '2026-06-17T14:00:00+00', '2026-06-17T14:00:00+00', NULL);
INSERT INTO vendas (id, numero_venda, cliente_id, loja_id, vendedor_id, status, tipo, valor_total, valor_pago, saldo_devedor, criado_em, finalizado_em, finalizado_por) VALUES ('c5b672c7-b3c9-4da0-9914-c42d801520ea', 11605, current_setting('importacao.cliente_id')::uuid, 20, '25e2da5b-9e76-4388-9890-7e22efd6940d', 'concluida', 'normal', 3562.0, 3562.0, 0.0, '2026-06-17T14:00:00+00', '2026-06-17T14:00:00+00', '25e2da5b-9e76-4388-9890-7e22efd6940d');
UPDATE aparelhos SET venda_id = 'c5b672c7-b3c9-4da0-9914-c42d801520ea' WHERE id = 'b7ceb84f-3b8e-438e-a495-667f7c2d9143';
INSERT INTO pagamentos_venda (id, venda_id, tipo_pagamento, valor, data_pagamento, criado_por, parcelas, criado_em) VALUES ('24968365-3896-4bcf-a6a7-a29cafd898ef', 'c5b672c7-b3c9-4da0-9914-c42d801520ea', 'cartao_credito', 1712.0, '2026-06-17', '25e2da5b-9e76-4388-9890-7e22efd6940d', 1, '2026-06-17T14:00:00+00');
INSERT INTO pagamentos_venda (id, venda_id, tipo_pagamento, valor, data_pagamento, criado_por, observacao, parcelas, criado_em) VALUES ('45b3b299-41f1-463d-9c03-655c6a1aeb67', 'c5b672c7-b3c9-4da0-9914-c42d801520ea', 'troca_aparelho', 1850.0, '2026-06-17', '25e2da5b-9e76-4388-9890-7e22efd6940d', 'Troca: ENTRANDO 14 PLUS 128 GB VERMELHO A', 1, '2026-06-17T14:00:00+00');
INSERT INTO brindes_aparelhos (id, loja_id, venda_id, descricao, valor_custo, data_ocorrencia, criado_por, criado_em) VALUES ('0c62ccc6-7aad-478e-9bdf-1a994bba831b', 20, 'c5b672c7-b3c9-4da0-9914-c42d801520ea', 'Brinde', 45.0, '2026-06-17', '25e2da5b-9e76-4388-9890-7e22efd6940d', '2026-06-17T14:00:00+00');

-- === Linha 126: IPHONE 14 PLUS 256GB BRANCO SEMINOVO (17/06/2026) ===
INSERT INTO aparelhos (id, marca, modelo, imei, valor_venda, valor_compra, loja_id, estado, condicao, status, data_venda, data_entrada, criado_por, criado_em, atualizado_em, observacoes) VALUES ('892cf30a-86ff-4895-9282-a0b134e9e002', 'Apple', 'IPHONE 14 PLUS 256GB BRANCO SEMINOVO', '359893876795381', 2400.0, 2300.0, 20, 'seminovo', 'bom', 'vendido', '2026-06-17T14:00:00+00', '2026-06-17T14:00:00+00', '25e2da5b-9e76-4388-9890-7e22efd6940d', '2026-06-17T14:00:00+00', '2026-06-17T14:00:00+00', NULL);
INSERT INTO vendas (id, numero_venda, cliente_id, loja_id, vendedor_id, status, tipo, valor_total, valor_pago, saldo_devedor, criado_em, finalizado_em, finalizado_por) VALUES ('dd4d977b-fb82-4069-86c8-66c0b66ad768', 11606, current_setting('importacao.cliente_id')::uuid, 20, '25e2da5b-9e76-4388-9890-7e22efd6940d', 'concluida', 'normal', 2400.0, 2400.0, 0.0, '2026-06-17T14:00:00+00', '2026-06-17T14:00:00+00', '25e2da5b-9e76-4388-9890-7e22efd6940d');
UPDATE aparelhos SET venda_id = 'dd4d977b-fb82-4069-86c8-66c0b66ad768' WHERE id = '892cf30a-86ff-4895-9282-a0b134e9e002';
INSERT INTO pagamentos_venda (id, venda_id, tipo_pagamento, valor, data_pagamento, criado_por, parcelas, criado_em) VALUES ('2ec85d9b-1e9f-4ab8-b6cb-984eb54437d4', 'dd4d977b-fb82-4069-86c8-66c0b66ad768', 'pix', 2400.0, '2026-06-17', '25e2da5b-9e76-4388-9890-7e22efd6940d', 1, '2026-06-17T14:00:00+00');

-- === Linha 127: IPHONE 15 128GB PRETO SEMINOVO (17/06/2026) ===
INSERT INTO aparelhos (id, marca, modelo, imei, valor_venda, valor_compra, loja_id, estado, condicao, status, data_venda, data_entrada, criado_por, criado_em, atualizado_em, observacoes) VALUES ('6030bb0f-e7a8-4d02-a811-bef1b48c6681', 'Apple', 'IPHONE 15 128GB PRETO SEMINOVO', NULL, 2900.0, 2660.0, 1, 'seminovo', 'bom', 'vendido', '2026-06-17T14:00:00+00', '2026-06-17T14:00:00+00', '85e3aa42-b9af-49b8-a72a-64e9c337aa53', '2026-06-17T14:00:00+00', '2026-06-17T14:00:00+00', 'Sem IMEI');
INSERT INTO vendas (id, numero_venda, cliente_id, loja_id, vendedor_id, status, tipo, valor_total, valor_pago, saldo_devedor, criado_em, finalizado_em, finalizado_por) VALUES ('77acaee8-e835-4ae3-9e79-ea39dd56396f', 11607, current_setting('importacao.cliente_id')::uuid, 1, '85e3aa42-b9af-49b8-a72a-64e9c337aa53', 'concluida', 'normal', 2900.0, 2900.0, 0.0, '2026-06-17T14:00:00+00', '2026-06-17T14:00:00+00', '85e3aa42-b9af-49b8-a72a-64e9c337aa53');
UPDATE aparelhos SET venda_id = '77acaee8-e835-4ae3-9e79-ea39dd56396f' WHERE id = '6030bb0f-e7a8-4d02-a811-bef1b48c6681';
INSERT INTO pagamentos_venda (id, venda_id, tipo_pagamento, valor, data_pagamento, criado_por, parcelas, criado_em) VALUES ('08ec2a93-c107-4555-bc51-5b1ae7eb6e0e', '77acaee8-e835-4ae3-9e79-ea39dd56396f', 'pix', 1900.0, '2026-06-17', '85e3aa42-b9af-49b8-a72a-64e9c337aa53', 1, '2026-06-17T14:00:00+00');
INSERT INTO pagamentos_venda (id, venda_id, tipo_pagamento, valor, data_pagamento, criado_por, observacao, parcelas, criado_em) VALUES ('a9e34cb9-989e-4996-b453-6cf74e075404', '77acaee8-e835-4ae3-9e79-ea39dd56396f', 'troca_aparelho', 1000.0, '2026-06-17', '85e3aa42-b9af-49b8-a72a-64e9c337aa53', 'Troca: IPH 13 PRO MAX', 1, '2026-06-17T14:00:00+00');
INSERT INTO brindes_aparelhos (id, loja_id, venda_id, descricao, valor_custo, data_ocorrencia, criado_por, criado_em) VALUES ('c42551ee-518c-409a-a37b-1ac04d196f8e', 1, '77acaee8-e835-4ae3-9e79-ea39dd56396f', 'Brinde', 25.0, '2026-06-17', '85e3aa42-b9af-49b8-a72a-64e9c337aa53', '2026-06-17T14:00:00+00');

-- PULADO (IMEI ja existe): linha 128 - IPHONE 17 PRO MAX 256GB BRANCO NOVO [359652120714477]
-- === Linha 129: IPHONE 17 PRO 256GB SILVER NOVO (17/06/2026) ===
INSERT INTO aparelhos (id, marca, modelo, imei, valor_venda, valor_compra, loja_id, estado, condicao, status, data_venda, data_entrada, criado_por, criado_em, atualizado_em, observacoes) VALUES ('ff15b553-071e-4d7d-95fb-e71a2f0a88b5', 'Apple', 'IPHONE 17 PRO 256GB SILVER NOVO', '352574675156523', 7250.0, 6650.0, 19, 'novo', 'perfeito', 'vendido', '2026-06-17T14:00:00+00', '2026-06-17T14:00:00+00', '97f12885-87ad-426a-8bbb-656889d82e10', '2026-06-17T14:00:00+00', '2026-06-17T14:00:00+00', 'pgto forcado pix (diff nao extraida)');
INSERT INTO vendas (id, numero_venda, cliente_id, loja_id, vendedor_id, status, tipo, valor_total, valor_pago, saldo_devedor, criado_em, finalizado_em, finalizado_por) VALUES ('628db65e-6ac7-4cac-b2ea-c31f5ec1a698', 11608, current_setting('importacao.cliente_id')::uuid, 19, '97f12885-87ad-426a-8bbb-656889d82e10', 'concluida', 'normal', 7250.0, 7250.0, 0.0, '2026-06-17T14:00:00+00', '2026-06-17T14:00:00+00', '97f12885-87ad-426a-8bbb-656889d82e10');
UPDATE aparelhos SET venda_id = '628db65e-6ac7-4cac-b2ea-c31f5ec1a698' WHERE id = 'ff15b553-071e-4d7d-95fb-e71a2f0a88b5';
INSERT INTO pagamentos_venda (id, venda_id, tipo_pagamento, valor, data_pagamento, criado_por, parcelas, criado_em) VALUES ('2a9a08ad-1ffa-41f4-b43f-9c03fa0351ea', '628db65e-6ac7-4cac-b2ea-c31f5ec1a698', 'pix', 7250.0, '2026-06-17', '97f12885-87ad-426a-8bbb-656889d82e10', 1, '2026-06-17T14:00:00+00');
INSERT INTO brindes_aparelhos (id, loja_id, venda_id, descricao, valor_custo, data_ocorrencia, criado_por, criado_em) VALUES ('dfb55ae0-a29d-4c12-8c1e-1e48e1e6aec5', 19, '628db65e-6ac7-4cac-b2ea-c31f5ec1a698', 'Brinde', 50.0, '2026-06-17', '97f12885-87ad-426a-8bbb-656889d82e10', '2026-06-17T14:00:00+00');

-- === Linha 130: SAMSUNG A56 256GB CINZA NOVO (17/06/2026) ===
INSERT INTO aparelhos (id, marca, modelo, imei, valor_venda, valor_compra, loja_id, estado, condicao, status, data_venda, data_entrada, criado_por, criado_em, atualizado_em, observacoes) VALUES ('ed4db00a-5b9a-46df-8aa2-69a29a4f6099', 'Samsung', 'SAMSUNG A56 256GB CINZA NOVO', '354403794418663', 2250.0, 2200.0, 19, 'novo', 'perfeito', 'vendido', '2026-06-17T14:00:00+00', '2026-06-17T14:00:00+00', '97f12885-87ad-426a-8bbb-656889d82e10', '2026-06-17T14:00:00+00', '2026-06-17T14:00:00+00', NULL);
INSERT INTO vendas (id, numero_venda, cliente_id, loja_id, vendedor_id, status, tipo, valor_total, valor_pago, saldo_devedor, criado_em, finalizado_em, finalizado_por) VALUES ('f683636e-93b2-4800-bbe1-415456fa5309', 11609, current_setting('importacao.cliente_id')::uuid, 19, '97f12885-87ad-426a-8bbb-656889d82e10', 'concluida', 'normal', 2250.0, 2250.0, 0.0, '2026-06-17T14:00:00+00', '2026-06-17T14:00:00+00', '97f12885-87ad-426a-8bbb-656889d82e10');
UPDATE aparelhos SET venda_id = 'f683636e-93b2-4800-bbe1-415456fa5309' WHERE id = 'ed4db00a-5b9a-46df-8aa2-69a29a4f6099';
INSERT INTO pagamentos_venda (id, venda_id, tipo_pagamento, valor, data_pagamento, criado_por, parcelas, criado_em) VALUES ('9d13feea-ec93-403d-9e64-9f9378d0bb13', 'f683636e-93b2-4800-bbe1-415456fa5309', 'pix', 2250.0, '2026-06-17', '97f12885-87ad-426a-8bbb-656889d82e10', 1, '2026-06-17T14:00:00+00');

-- === Linha 131: IPHONE 16 128GB AZUL NOVO (18/06/2026) ===
INSERT INTO aparelhos (id, marca, modelo, imei, valor_venda, valor_compra, loja_id, estado, condicao, status, data_venda, data_entrada, criado_por, criado_em, atualizado_em, observacoes) VALUES ('f821540f-0cc6-49fb-9bfb-261888febde4', 'Apple', 'IPHONE 16 128GB AZUL NOVO', '354977708767778', 4050.0, 3900.0, 20, 'novo', 'perfeito', 'vendido', '2026-06-18T14:00:00+00', '2026-06-18T14:00:00+00', 'a50f1e24-aabb-41c1-b817-b4a4950bb1e4', '2026-06-18T14:00:00+00', '2026-06-18T14:00:00+00', NULL);
INSERT INTO vendas (id, numero_venda, cliente_id, loja_id, vendedor_id, status, tipo, valor_total, valor_pago, saldo_devedor, criado_em, finalizado_em, finalizado_por) VALUES ('0937ff2f-ddb8-4e67-861d-c3e7c99def95', 11610, current_setting('importacao.cliente_id')::uuid, 20, 'a50f1e24-aabb-41c1-b817-b4a4950bb1e4', 'concluida', 'normal', 4050.0, 4050.0, 0.0, '2026-06-18T14:00:00+00', '2026-06-18T14:00:00+00', 'a50f1e24-aabb-41c1-b817-b4a4950bb1e4');
UPDATE aparelhos SET venda_id = '0937ff2f-ddb8-4e67-861d-c3e7c99def95' WHERE id = 'f821540f-0cc6-49fb-9bfb-261888febde4';
INSERT INTO pagamentos_venda (id, venda_id, tipo_pagamento, valor, data_pagamento, criado_por, parcelas, criado_em) VALUES ('312dbd49-644a-4195-9b78-af00e6d0c86f', '0937ff2f-ddb8-4e67-861d-c3e7c99def95', 'pix', 4050.0, '2026-06-18', 'a50f1e24-aabb-41c1-b817-b4a4950bb1e4', 1, '2026-06-18T14:00:00+00');
INSERT INTO brindes_aparelhos (id, loja_id, venda_id, descricao, valor_custo, data_ocorrencia, criado_por, criado_em) VALUES ('cf61d61f-9cb1-4104-bbc5-2f881730cf35', 20, '0937ff2f-ddb8-4e67-861d-c3e7c99def95', 'Brinde', 10.0, '2026-06-18', 'a50f1e24-aabb-41c1-b817-b4a4950bb1e4', '2026-06-18T14:00:00+00');

-- === Linha 132: IPAD 11 A16 WIFI 128GB SILVER NOVO (18/06/2026) ===
INSERT INTO aparelhos (id, marca, modelo, imei, valor_venda, valor_compra, loja_id, estado, condicao, status, data_venda, data_entrada, criado_por, criado_em, atualizado_em, observacoes) VALUES ('0dc1b94c-93fe-4b75-afe5-ad80600d24ad', 'Apple', 'IPAD 11 A16 WIFI 128GB SILVER NOVO', 'D210DTQ9XH', 2503.0, 2200.0, 1, 'novo', 'perfeito', 'vendido', '2026-06-18T14:00:00+00', '2026-06-18T14:00:00+00', '9451cd9f-6770-4e32-aae8-c75fa675e818', '2026-06-18T14:00:00+00', '2026-06-18T14:00:00+00', NULL);
INSERT INTO vendas (id, numero_venda, cliente_id, loja_id, vendedor_id, status, tipo, valor_total, valor_pago, saldo_devedor, criado_em, finalizado_em, finalizado_por) VALUES ('10ccffa4-0e9a-4036-8d36-2116f2da6a41', 11611, current_setting('importacao.cliente_id')::uuid, 1, '9451cd9f-6770-4e32-aae8-c75fa675e818', 'concluida', 'normal', 2503.0, 2503.0, 0.0, '2026-06-18T14:00:00+00', '2026-06-18T14:00:00+00', '9451cd9f-6770-4e32-aae8-c75fa675e818');
UPDATE aparelhos SET venda_id = '10ccffa4-0e9a-4036-8d36-2116f2da6a41' WHERE id = '0dc1b94c-93fe-4b75-afe5-ad80600d24ad';
INSERT INTO pagamentos_venda (id, venda_id, tipo_pagamento, valor, data_pagamento, criado_por, parcelas, criado_em) VALUES ('3d1364e0-0b4a-4918-939c-05da98aa94e8', '10ccffa4-0e9a-4036-8d36-2116f2da6a41', 'pix', 2503.0, '2026-06-18', '9451cd9f-6770-4e32-aae8-c75fa675e818', 1, '2026-06-18T14:00:00+00');

-- === Linha 133: IPHONE 16 PRO 256GB PRETO SEMINOVO (19/06/2026) ===
INSERT INTO aparelhos (id, marca, modelo, imei, valor_venda, valor_compra, loja_id, estado, condicao, status, data_venda, data_entrada, criado_por, criado_em, atualizado_em, observacoes) VALUES ('68a1ff58-4750-4a9c-9f1f-3b79c10729bd', 'Apple', 'IPHONE 16 PRO 256GB PRETO SEMINOVO', '352703945001967', 4700.0, 4400.0, 4, 'seminovo', 'bom', 'vendido', '2026-06-19T14:00:00+00', '2026-06-19T14:00:00+00', 'a3626643-4749-4e56-83bc-b4a8ffd53659', '2026-06-19T14:00:00+00', '2026-06-19T14:00:00+00', NULL);
INSERT INTO vendas (id, numero_venda, cliente_id, loja_id, vendedor_id, status, tipo, valor_total, valor_pago, saldo_devedor, criado_em, finalizado_em, finalizado_por) VALUES ('014a6eca-ca7d-43df-95c0-f649ceb3bbc5', 11612, current_setting('importacao.cliente_id')::uuid, 4, 'a3626643-4749-4e56-83bc-b4a8ffd53659', 'concluida', 'normal', 4700.0, 4700.0, 0.0, '2026-06-19T14:00:00+00', '2026-06-19T14:00:00+00', 'a3626643-4749-4e56-83bc-b4a8ffd53659');
UPDATE aparelhos SET venda_id = '014a6eca-ca7d-43df-95c0-f649ceb3bbc5' WHERE id = '68a1ff58-4750-4a9c-9f1f-3b79c10729bd';
INSERT INTO pagamentos_venda (id, venda_id, tipo_pagamento, valor, data_pagamento, criado_por, parcelas, criado_em) VALUES ('05218b58-2be8-4e71-8db1-5febb773ae48', '014a6eca-ca7d-43df-95c0-f649ceb3bbc5', 'cartao_credito', 4700.0, '2026-06-19', 'a3626643-4749-4e56-83bc-b4a8ffd53659', 1, '2026-06-19T14:00:00+00');
INSERT INTO brindes_aparelhos (id, loja_id, venda_id, descricao, valor_custo, data_ocorrencia, criado_por, criado_em) VALUES ('e38f63f2-ad20-42c2-a765-667a444b432c', 4, '014a6eca-ca7d-43df-95c0-f649ceb3bbc5', 'Brinde', 25.0, '2026-06-19', 'a3626643-4749-4e56-83bc-b4a8ffd53659', '2026-06-19T14:00:00+00');

-- === Linha 134: IPHONE 14 128GB BRANCO SEMINOVO (19/06/2026) ===
INSERT INTO aparelhos (id, marca, modelo, imei, valor_venda, valor_compra, loja_id, estado, condicao, status, data_venda, data_entrada, criado_por, criado_em, atualizado_em, observacoes) VALUES ('4064103e-715d-4e9f-8afe-7fcbee43a2bf', 'Apple', 'IPHONE 14 128GB BRANCO SEMINOVO', '352236852663529', 2100.0, 1900.0, 1, 'seminovo', 'bom', 'vendido', '2026-06-19T14:00:00+00', '2026-06-19T14:00:00+00', 'a3626643-4749-4e56-83bc-b4a8ffd53659', '2026-06-19T14:00:00+00', '2026-06-19T14:00:00+00', NULL);
INSERT INTO vendas (id, numero_venda, cliente_id, loja_id, vendedor_id, status, tipo, valor_total, valor_pago, saldo_devedor, criado_em, finalizado_em, finalizado_por) VALUES ('bb2aa161-639f-4310-ae6b-90fab0ea672a', 11613, current_setting('importacao.cliente_id')::uuid, 1, 'a3626643-4749-4e56-83bc-b4a8ffd53659', 'concluida', 'normal', 2100.0, 2100.0, 0.0, '2026-06-19T14:00:00+00', '2026-06-19T14:00:00+00', 'a3626643-4749-4e56-83bc-b4a8ffd53659');
UPDATE aparelhos SET venda_id = 'bb2aa161-639f-4310-ae6b-90fab0ea672a' WHERE id = '4064103e-715d-4e9f-8afe-7fcbee43a2bf';
INSERT INTO pagamentos_venda (id, venda_id, tipo_pagamento, valor, data_pagamento, criado_por, parcelas, criado_em) VALUES ('146996d2-6329-425e-852c-e3c6b633a4e1', 'bb2aa161-639f-4310-ae6b-90fab0ea672a', 'dinheiro', 2100.0, '2026-06-19', 'a3626643-4749-4e56-83bc-b4a8ffd53659', 1, '2026-06-19T14:00:00+00');
INSERT INTO brindes_aparelhos (id, loja_id, venda_id, descricao, valor_custo, data_ocorrencia, criado_por, criado_em) VALUES ('f7b52bd5-1cf6-40dc-aae9-c71d7dd85afc', 1, 'bb2aa161-639f-4310-ae6b-90fab0ea672a', 'Brinde', 25.0, '2026-06-19', 'a3626643-4749-4e56-83bc-b4a8ffd53659', '2026-06-19T14:00:00+00');

-- === Linha 135: XIAOMI 15T 512GB PRETO NOVO (19/06/2026) ===
INSERT INTO aparelhos (id, marca, modelo, imei, valor_venda, valor_compra, loja_id, estado, condicao, status, data_venda, data_entrada, criado_por, criado_em, atualizado_em, observacoes) VALUES ('27b6206d-dccd-4ef0-8f7d-fbb8b8b1c775', 'Xiaomi', 'XIAOMI 15T 512GB PRETO NOVO', '866839081675401', 3750.0, 3600.0, 19, 'novo', 'perfeito', 'vendido', '2026-06-19T14:00:00+00', '2026-06-19T14:00:00+00', '97f12885-87ad-426a-8bbb-656889d82e10', '2026-06-19T14:00:00+00', '2026-06-19T14:00:00+00', NULL);
INSERT INTO vendas (id, numero_venda, cliente_id, loja_id, vendedor_id, status, tipo, valor_total, valor_pago, saldo_devedor, criado_em, finalizado_em, finalizado_por) VALUES ('5c7fa344-b783-4454-ab62-9224853bc6d3', 11614, current_setting('importacao.cliente_id')::uuid, 19, '97f12885-87ad-426a-8bbb-656889d82e10', 'concluida', 'normal', 3750.0, 3750.0, 0.0, '2026-06-19T14:00:00+00', '2026-06-19T14:00:00+00', '97f12885-87ad-426a-8bbb-656889d82e10');
UPDATE aparelhos SET venda_id = '5c7fa344-b783-4454-ab62-9224853bc6d3' WHERE id = '27b6206d-dccd-4ef0-8f7d-fbb8b8b1c775';
INSERT INTO pagamentos_venda (id, venda_id, tipo_pagamento, valor, data_pagamento, criado_por, parcelas, criado_em) VALUES ('8694baf0-1a46-4380-96af-6e323218d702', '5c7fa344-b783-4454-ab62-9224853bc6d3', 'pix', 3750.0, '2026-06-19', '97f12885-87ad-426a-8bbb-656889d82e10', 1, '2026-06-19T14:00:00+00');
INSERT INTO brindes_aparelhos (id, loja_id, venda_id, descricao, valor_custo, data_ocorrencia, criado_por, criado_em) VALUES ('37cc2770-f7b6-41fb-b7a4-9f3730f244d5', 19, '5c7fa344-b783-4454-ab62-9224853bc6d3', 'Brinde', 20.0, '2026-06-19', '97f12885-87ad-426a-8bbb-656889d82e10', '2026-06-19T14:00:00+00');

-- === Linha 136: NOTE 15 PRO PLUS 512GB NOVO (19/06/2026) ===
INSERT INTO aparelhos (id, marca, modelo, imei, valor_venda, valor_compra, loja_id, estado, condicao, status, data_venda, data_entrada, criado_por, criado_em, atualizado_em, observacoes) VALUES ('bb5688d9-aa20-429e-a33c-0cb5dad9434c', 'Redmi', 'NOTE 15 PRO PLUS 512GB NOVO', '864509082904843', 2480.0, 2400.0, 19, 'novo', 'perfeito', 'vendido', '2026-06-19T14:00:00+00', '2026-06-19T14:00:00+00', '97f12885-87ad-426a-8bbb-656889d82e10', '2026-06-19T14:00:00+00', '2026-06-19T14:00:00+00', NULL);
INSERT INTO vendas (id, numero_venda, cliente_id, loja_id, vendedor_id, status, tipo, valor_total, valor_pago, saldo_devedor, criado_em, finalizado_em, finalizado_por) VALUES ('d162e195-2484-44da-9a7b-df7b46de3593', 11615, current_setting('importacao.cliente_id')::uuid, 19, '97f12885-87ad-426a-8bbb-656889d82e10', 'concluida', 'normal', 2480.0, 2480.0, 0.0, '2026-06-19T14:00:00+00', '2026-06-19T14:00:00+00', '97f12885-87ad-426a-8bbb-656889d82e10');
UPDATE aparelhos SET venda_id = 'd162e195-2484-44da-9a7b-df7b46de3593' WHERE id = 'bb5688d9-aa20-429e-a33c-0cb5dad9434c';
INSERT INTO pagamentos_venda (id, venda_id, tipo_pagamento, valor, data_pagamento, criado_por, parcelas, criado_em) VALUES ('ba2564d8-e246-45ba-ba2e-94c9cab7e2a6', 'd162e195-2484-44da-9a7b-df7b46de3593', 'pix', 2480.0, '2026-06-19', '97f12885-87ad-426a-8bbb-656889d82e10', 1, '2026-06-19T14:00:00+00');

-- === Linha 137: IPHONE 17 256GB VERDE NOVO (19/06/2026) ===
INSERT INTO aparelhos (id, marca, modelo, imei, valor_venda, valor_compra, loja_id, estado, condicao, status, data_venda, data_entrada, criado_por, criado_em, atualizado_em, observacoes) VALUES ('7e059b9c-0391-4631-a1ee-cfa4af2e2765', 'Apple', 'IPHONE 17 256GB VERDE NOVO', '355989444640671', 5380.0, 4900.0, 19, 'novo', 'perfeito', 'vendido', '2026-06-19T14:00:00+00', '2026-06-19T14:00:00+00', '97f12885-87ad-426a-8bbb-656889d82e10', '2026-06-19T14:00:00+00', '2026-06-19T14:00:00+00', NULL);
INSERT INTO vendas (id, numero_venda, cliente_id, loja_id, vendedor_id, status, tipo, valor_total, valor_pago, saldo_devedor, criado_em, finalizado_em, finalizado_por) VALUES ('b8bb2147-24e9-4322-b8c2-223ec239d161', 11616, current_setting('importacao.cliente_id')::uuid, 19, '97f12885-87ad-426a-8bbb-656889d82e10', 'concluida', 'normal', 5380.0, 5380.0, 0.0, '2026-06-19T14:00:00+00', '2026-06-19T14:00:00+00', '97f12885-87ad-426a-8bbb-656889d82e10');
UPDATE aparelhos SET venda_id = 'b8bb2147-24e9-4322-b8c2-223ec239d161' WHERE id = '7e059b9c-0391-4631-a1ee-cfa4af2e2765';
INSERT INTO pagamentos_venda (id, venda_id, tipo_pagamento, valor, data_pagamento, criado_por, parcelas, criado_em) VALUES ('d636f41f-73d7-4289-a7e3-5698f8a6f058', 'b8bb2147-24e9-4322-b8c2-223ec239d161', 'pix', 4180.0, '2026-06-19', '97f12885-87ad-426a-8bbb-656889d82e10', 1, '2026-06-19T14:00:00+00');
INSERT INTO pagamentos_venda (id, venda_id, tipo_pagamento, valor, data_pagamento, criado_por, observacao, parcelas, criado_em) VALUES ('0b18e903-1f04-4da7-b03a-b31338437fc0', 'b8bb2147-24e9-4322-b8c2-223ec239d161', 'troca_aparelho', 1200.0, '2026-06-19', '97f12885-87ad-426a-8bbb-656889d82e10', 'Troca: IPH 12 256GB PRETO', 1, '2026-06-19T14:00:00+00');
INSERT INTO brindes_aparelhos (id, loja_id, venda_id, descricao, valor_custo, data_ocorrencia, criado_por, criado_em) VALUES ('c99c92e3-e0e1-423e-9715-ac22928db107', 19, 'b8bb2147-24e9-4322-b8c2-223ec239d161', 'Brinde', 130.0, '2026-06-19', '97f12885-87ad-426a-8bbb-656889d82e10', '2026-06-19T14:00:00+00');

-- === Linha 138: IPHONE 17 256GB BRANCO NOVO (19/06/2026) ===
INSERT INTO aparelhos (id, marca, modelo, imei, valor_venda, valor_compra, loja_id, estado, condicao, status, data_venda, data_entrada, criado_por, criado_em, atualizado_em, observacoes) VALUES ('15b091c3-d514-45b6-9c6c-114515f17902', 'Apple', 'IPHONE 17 256GB BRANCO NOVO', '355989445638435', 5386.0, 4950.0, 1, 'novo', 'perfeito', 'vendido', '2026-06-19T14:00:00+00', '2026-06-19T14:00:00+00', '0dd2c938-c6dd-4f5d-aac5-ed045ee5d2fb', '2026-06-19T14:00:00+00', '2026-06-19T14:00:00+00', NULL);
INSERT INTO vendas (id, numero_venda, cliente_id, loja_id, vendedor_id, status, tipo, valor_total, valor_pago, saldo_devedor, criado_em, finalizado_em, finalizado_por) VALUES ('92f4c318-7de3-4ecc-9345-000e38b4829a', 11617, current_setting('importacao.cliente_id')::uuid, 1, '0dd2c938-c6dd-4f5d-aac5-ed045ee5d2fb', 'concluida', 'normal', 5386.0, 5386.0, 0.0, '2026-06-19T14:00:00+00', '2026-06-19T14:00:00+00', '0dd2c938-c6dd-4f5d-aac5-ed045ee5d2fb');
UPDATE aparelhos SET venda_id = '92f4c318-7de3-4ecc-9345-000e38b4829a' WHERE id = '15b091c3-d514-45b6-9c6c-114515f17902';
INSERT INTO pagamentos_venda (id, venda_id, tipo_pagamento, valor, data_pagamento, criado_por, parcelas, criado_em) VALUES ('24021ff8-24eb-4b13-8407-b4c21c8eae23', '92f4c318-7de3-4ecc-9345-000e38b4829a', 'pix', 3186.0, '2026-06-19', '0dd2c938-c6dd-4f5d-aac5-ed045ee5d2fb', 1, '2026-06-19T14:00:00+00');
INSERT INTO pagamentos_venda (id, venda_id, tipo_pagamento, valor, data_pagamento, criado_por, observacao, parcelas, criado_em) VALUES ('270936cc-6f3a-4c62-8143-86dbe3d2bb4e', '92f4c318-7de3-4ecc-9345-000e38b4829a', 'troca_aparelho', 2200.0, '2026-06-19', '0dd2c938-c6dd-4f5d-aac5-ed045ee5d2fb', 'Troca: IPH 14 PRO ROXO', 1, '2026-06-19T14:00:00+00');
INSERT INTO brindes_aparelhos (id, loja_id, venda_id, descricao, valor_custo, data_ocorrencia, criado_por, criado_em) VALUES ('e4929e31-a3a3-471a-a4ae-cfb91e835818', 1, '92f4c318-7de3-4ecc-9345-000e38b4829a', 'Brinde', 10.0, '2026-06-19', '0dd2c938-c6dd-4f5d-aac5-ed045ee5d2fb', '2026-06-19T14:00:00+00');

-- === Linha 139: IPHONE 16 PRO 128GB NATURAL SEMINOVO (19/06/2026) ===
INSERT INTO aparelhos (id, marca, modelo, imei, valor_venda, valor_compra, loja_id, estado, condicao, status, data_venda, data_entrada, criado_por, criado_em, atualizado_em, observacoes) VALUES ('06e97e90-f8ef-4d45-b4ea-e61ae569a6b1', 'Apple', 'IPHONE 16 PRO 128GB NATURAL SEMINOVO', '356102153998111', 4200.0, 4050.0, 19, 'seminovo', 'bom', 'vendido', '2026-06-19T14:00:00+00', '2026-06-19T14:00:00+00', '85743f3e-1b32-49c0-9d9e-c16afd690f7d', '2026-06-19T14:00:00+00', '2026-06-19T14:00:00+00', NULL);
INSERT INTO vendas (id, numero_venda, cliente_id, loja_id, vendedor_id, status, tipo, valor_total, valor_pago, saldo_devedor, criado_em, finalizado_em, finalizado_por) VALUES ('4ba89c79-08f7-4184-bc43-198c43fb6fef', 11618, current_setting('importacao.cliente_id')::uuid, 19, '85743f3e-1b32-49c0-9d9e-c16afd690f7d', 'concluida', 'normal', 4200.0, 4200.0, 0.0, '2026-06-19T14:00:00+00', '2026-06-19T14:00:00+00', '85743f3e-1b32-49c0-9d9e-c16afd690f7d');
UPDATE aparelhos SET venda_id = '4ba89c79-08f7-4184-bc43-198c43fb6fef' WHERE id = '06e97e90-f8ef-4d45-b4ea-e61ae569a6b1';
INSERT INTO pagamentos_venda (id, venda_id, tipo_pagamento, valor, data_pagamento, criado_por, parcelas, criado_em) VALUES ('38b8deae-f339-4789-97cc-6ce8599f8210', '4ba89c79-08f7-4184-bc43-198c43fb6fef', 'pix', 4200.0, '2026-06-19', '85743f3e-1b32-49c0-9d9e-c16afd690f7d', 1, '2026-06-19T14:00:00+00');

-- === Linha 140: IPHONE 14 PRO MAX 128GB SEMINOVO (19/06/2026) ===
INSERT INTO aparelhos (id, marca, modelo, imei, valor_venda, valor_compra, loja_id, estado, condicao, status, data_venda, data_entrada, criado_por, criado_em, atualizado_em, observacoes) VALUES ('bb398839-1d41-4477-bd86-99fc8d82643d', 'Apple', 'IPHONE 14 PRO MAX 128GB SEMINOVO', '356041406297774', 3200.0, 3075.0, 1, 'seminovo', 'bom', 'vendido', '2026-06-19T14:00:00+00', '2026-06-19T14:00:00+00', '1d12d555-68e9-45f8-bfc0-a35a1d8d7920', '2026-06-19T14:00:00+00', '2026-06-19T14:00:00+00', NULL);
INSERT INTO vendas (id, numero_venda, cliente_id, loja_id, vendedor_id, status, tipo, valor_total, valor_pago, saldo_devedor, criado_em, finalizado_em, finalizado_por) VALUES ('67742b43-1735-4f5d-9cda-398af95c6148', 11619, current_setting('importacao.cliente_id')::uuid, 1, '1d12d555-68e9-45f8-bfc0-a35a1d8d7920', 'concluida', 'normal', 3200.0, 3200.0, 0.0, '2026-06-19T14:00:00+00', '2026-06-19T14:00:00+00', '1d12d555-68e9-45f8-bfc0-a35a1d8d7920');
UPDATE aparelhos SET venda_id = '67742b43-1735-4f5d-9cda-398af95c6148' WHERE id = 'bb398839-1d41-4477-bd86-99fc8d82643d';
INSERT INTO pagamentos_venda (id, venda_id, tipo_pagamento, valor, data_pagamento, criado_por, parcelas, criado_em) VALUES ('71006132-f69e-45b1-8129-aacd6f5af3a9', '67742b43-1735-4f5d-9cda-398af95c6148', 'pix', 3200.0, '2026-06-19', '1d12d555-68e9-45f8-bfc0-a35a1d8d7920', 1, '2026-06-19T14:00:00+00');

-- === Linha 141: IPHONE 11 64GB PRETO SEMINOVO (19/06/2026) ===
INSERT INTO aparelhos (id, marca, modelo, imei, valor_venda, valor_compra, loja_id, estado, condicao, status, data_venda, data_entrada, criado_por, criado_em, atualizado_em, observacoes) VALUES ('c5e31fc8-9304-4e6f-b968-2f55dad0ea02', 'Apple', 'IPHONE 11 64GB PRETO SEMINOVO', '35117477721195', 730.0, 600.0, 1, 'seminovo', 'bom', 'vendido', '2026-06-19T14:00:00+00', '2026-06-19T14:00:00+00', '85e3aa42-b9af-49b8-a72a-64e9c337aa53', '2026-06-19T14:00:00+00', '2026-06-19T14:00:00+00', NULL);
INSERT INTO vendas (id, numero_venda, cliente_id, loja_id, vendedor_id, status, tipo, valor_total, valor_pago, saldo_devedor, criado_em, finalizado_em, finalizado_por) VALUES ('07b97d41-8767-469b-b00e-970dee42b335', 11620, current_setting('importacao.cliente_id')::uuid, 1, '85e3aa42-b9af-49b8-a72a-64e9c337aa53', 'concluida', 'normal', 730.0, 730.0, 0.0, '2026-06-19T14:00:00+00', '2026-06-19T14:00:00+00', '85e3aa42-b9af-49b8-a72a-64e9c337aa53');
UPDATE aparelhos SET venda_id = '07b97d41-8767-469b-b00e-970dee42b335' WHERE id = 'c5e31fc8-9304-4e6f-b968-2f55dad0ea02';
INSERT INTO pagamentos_venda (id, venda_id, tipo_pagamento, valor, data_pagamento, criado_por, parcelas, criado_em) VALUES ('4aa8da83-8667-4066-9e59-a45e2d6dc704', '07b97d41-8767-469b-b00e-970dee42b335', 'pix', 730.0, '2026-06-19', '85e3aa42-b9af-49b8-a72a-64e9c337aa53', 1, '2026-06-19T14:00:00+00');

-- === Linha 142: IPHONE 17 PRO MAX 256GB BRANCO SEMINOVO (19/06/2026) ===
INSERT INTO aparelhos (id, marca, modelo, imei, valor_venda, valor_compra, loja_id, estado, condicao, status, data_venda, data_entrada, criado_por, criado_em, atualizado_em, observacoes) VALUES ('cbb14d88-c9a2-4df5-9539-56fec377e62b', 'Apple', 'IPHONE 17 PRO MAX 256GB BRANCO SEMINOVO', '350247152428044', 6850.0, 6600.0, 1, 'seminovo', 'bom', 'vendido', '2026-06-19T14:00:00+00', '2026-06-19T14:00:00+00', '85e3aa42-b9af-49b8-a72a-64e9c337aa53', '2026-06-19T14:00:00+00', '2026-06-19T14:00:00+00', NULL);
INSERT INTO vendas (id, numero_venda, cliente_id, loja_id, vendedor_id, status, tipo, valor_total, valor_pago, saldo_devedor, criado_em, finalizado_em, finalizado_por) VALUES ('0287ae6b-da7b-409b-9f0f-1d14d745267f', 11621, current_setting('importacao.cliente_id')::uuid, 1, '85e3aa42-b9af-49b8-a72a-64e9c337aa53', 'concluida', 'normal', 6850.0, 6850.0, 0.0, '2026-06-19T14:00:00+00', '2026-06-19T14:00:00+00', '85e3aa42-b9af-49b8-a72a-64e9c337aa53');
UPDATE aparelhos SET venda_id = '0287ae6b-da7b-409b-9f0f-1d14d745267f' WHERE id = 'cbb14d88-c9a2-4df5-9539-56fec377e62b';
INSERT INTO pagamentos_venda (id, venda_id, tipo_pagamento, valor, data_pagamento, criado_por, parcelas, criado_em) VALUES ('4c40dfd6-589f-47e1-a6d0-3fc9407f8b45', '0287ae6b-da7b-409b-9f0f-1d14d745267f', 'pix', 2750.0, '2026-06-19', '85e3aa42-b9af-49b8-a72a-64e9c337aa53', 1, '2026-06-19T14:00:00+00');
INSERT INTO pagamentos_venda (id, venda_id, tipo_pagamento, valor, data_pagamento, criado_por, observacao, parcelas, criado_em) VALUES ('b8efc714-5a29-4784-8759-4e29eaa58914', '0287ae6b-da7b-409b-9f0f-1d14d745267f', 'troca_aparelho', 4100.0, '2026-06-19', '85e3aa42-b9af-49b8-a72a-64e9c337aa53', 'Troca: IPH 15 PRO MAX', 1, '2026-06-19T14:00:00+00');
INSERT INTO brindes_aparelhos (id, loja_id, venda_id, descricao, valor_custo, data_ocorrencia, criado_por, criado_em) VALUES ('e562423c-1044-4485-8ae3-a994d0a2b2f0', 1, '0287ae6b-da7b-409b-9f0f-1d14d745267f', 'Brinde', 10.0, '2026-06-19', '85e3aa42-b9af-49b8-a72a-64e9c337aa53', '2026-06-19T14:00:00+00');

-- === Linha 143: IPHONE 15 PRO MAX 256GB PRETO SEMINOVO (19/06/2026) ===
INSERT INTO aparelhos (id, marca, modelo, imei, valor_venda, valor_compra, loja_id, estado, condicao, status, data_venda, data_entrada, criado_por, criado_em, atualizado_em, observacoes) VALUES ('05e40a54-5b80-4e36-a90f-06e3666cb16d', 'Apple', 'IPHONE 15 PRO MAX 256GB PRETO SEMINOVO', '351503402247645', 4000.0, 3800.0, 1, 'seminovo', 'bom', 'vendido', '2026-06-19T14:00:00+00', '2026-06-19T14:00:00+00', '85e3aa42-b9af-49b8-a72a-64e9c337aa53', '2026-06-19T14:00:00+00', '2026-06-19T14:00:00+00', 'Pagto junto (Aparelho 1/2, total grupo R$ 9,100); pgto forcado pix (extracao excedeu venda)');
INSERT INTO vendas (id, numero_venda, cliente_id, loja_id, vendedor_id, status, tipo, valor_total, valor_pago, saldo_devedor, criado_em, finalizado_em, finalizado_por) VALUES ('53189737-c9e4-4971-b4cb-7a2091dd84d6', 11622, current_setting('importacao.cliente_id')::uuid, 1, '85e3aa42-b9af-49b8-a72a-64e9c337aa53', 'concluida', 'normal', 4000.0, 4000.0, 0.0, '2026-06-19T14:00:00+00', '2026-06-19T14:00:00+00', '85e3aa42-b9af-49b8-a72a-64e9c337aa53');
UPDATE aparelhos SET venda_id = '53189737-c9e4-4971-b4cb-7a2091dd84d6' WHERE id = '05e40a54-5b80-4e36-a90f-06e3666cb16d';
INSERT INTO pagamentos_venda (id, venda_id, tipo_pagamento, valor, data_pagamento, criado_por, parcelas, criado_em) VALUES ('7c02e054-1ef9-4a99-b964-dbae05d0774a', '53189737-c9e4-4971-b4cb-7a2091dd84d6', 'pix', 4000.0, '2026-06-19', '85e3aa42-b9af-49b8-a72a-64e9c337aa53', 1, '2026-06-19T14:00:00+00');
INSERT INTO brindes_aparelhos (id, loja_id, venda_id, descricao, valor_custo, data_ocorrencia, criado_por, criado_em) VALUES ('5cc97a40-6c2c-490f-8611-2c2432f5200c', 1, '53189737-c9e4-4971-b4cb-7a2091dd84d6', 'Brinde', 10.0, '2026-06-19', '85e3aa42-b9af-49b8-a72a-64e9c337aa53', '2026-06-19T14:00:00+00');

-- === Linha 144: IPHONE 16 PRO MAX NATURAL SEMINOVO (19/06/2026) ===
INSERT INTO aparelhos (id, marca, modelo, imei, valor_venda, valor_compra, loja_id, estado, condicao, status, data_venda, data_entrada, criado_por, criado_em, atualizado_em, observacoes) VALUES ('8cf1c4d5-2ca2-415f-adf4-a7301ba92859', 'Apple', 'IPHONE 16 PRO MAX NATURAL SEMINOVO', '3563088688131377', 5100.0, 4800.0, 1, 'seminovo', 'bom', 'vendido', '2026-06-19T14:00:00+00', '2026-06-19T14:00:00+00', '85e3aa42-b9af-49b8-a72a-64e9c337aa53', '2026-06-19T14:00:00+00', '2026-06-19T14:00:00+00', 'Pagto junto (Aparelho 2/2, total grupo R$ 9,100)');
INSERT INTO vendas (id, numero_venda, cliente_id, loja_id, vendedor_id, status, tipo, valor_total, valor_pago, saldo_devedor, criado_em, finalizado_em, finalizado_por) VALUES ('f5d0ef8e-517a-401e-b368-be4cba98b689', 11623, current_setting('importacao.cliente_id')::uuid, 1, '85e3aa42-b9af-49b8-a72a-64e9c337aa53', 'concluida', 'normal', 5100.0, 5100.0, 0.0, '2026-06-19T14:00:00+00', '2026-06-19T14:00:00+00', '85e3aa42-b9af-49b8-a72a-64e9c337aa53');
UPDATE aparelhos SET venda_id = 'f5d0ef8e-517a-401e-b368-be4cba98b689' WHERE id = '8cf1c4d5-2ca2-415f-adf4-a7301ba92859';
INSERT INTO pagamentos_venda (id, venda_id, tipo_pagamento, valor, data_pagamento, criado_por, parcelas, criado_em) VALUES ('89b402f7-78f0-4955-acc5-28f35ebdf148', 'f5d0ef8e-517a-401e-b368-be4cba98b689', 'pix', 5100.0, '2026-06-19', '85e3aa42-b9af-49b8-a72a-64e9c337aa53', 1, '2026-06-19T14:00:00+00');
INSERT INTO brindes_aparelhos (id, loja_id, venda_id, descricao, valor_custo, data_ocorrencia, criado_por, criado_em) VALUES ('a665dfe1-c49d-4676-9a76-f15ebbd8ae80', 1, 'f5d0ef8e-517a-401e-b368-be4cba98b689', 'Brinde', 15.0, '2026-06-19', '85e3aa42-b9af-49b8-a72a-64e9c337aa53', '2026-06-19T14:00:00+00');

-- === Linha 145: IPHONE 16 PRO MAX 1TB BRANCO SEMINOVO (20/06/2026) ===
INSERT INTO aparelhos (id, marca, modelo, imei, valor_venda, valor_compra, loja_id, estado, condicao, status, data_venda, data_entrada, criado_por, criado_em, atualizado_em, observacoes) VALUES ('493b3b12-af6f-48aa-a4ca-57e0df689290', 'Apple', 'IPHONE 16 PRO MAX 1TB BRANCO SEMINOVO', '356308860291019', 5920.0, 5200.0, 1, 'seminovo', 'bom', 'vendido', '2026-06-20T14:00:00+00', '2026-06-20T14:00:00+00', '1d12d555-68e9-45f8-bfc0-a35a1d8d7920', '2026-06-20T14:00:00+00', '2026-06-20T14:00:00+00', NULL);
INSERT INTO vendas (id, numero_venda, cliente_id, loja_id, vendedor_id, status, tipo, valor_total, valor_pago, saldo_devedor, criado_em, finalizado_em, finalizado_por) VALUES ('f1f17043-897c-4c4e-ac20-a81cc735a831', 11624, current_setting('importacao.cliente_id')::uuid, 1, '1d12d555-68e9-45f8-bfc0-a35a1d8d7920', 'concluida', 'normal', 5920.0, 5920.0, 0.0, '2026-06-20T14:00:00+00', '2026-06-20T14:00:00+00', '1d12d555-68e9-45f8-bfc0-a35a1d8d7920');
UPDATE aparelhos SET venda_id = 'f1f17043-897c-4c4e-ac20-a81cc735a831' WHERE id = '493b3b12-af6f-48aa-a4ca-57e0df689290';
INSERT INTO pagamentos_venda (id, venda_id, tipo_pagamento, valor, data_pagamento, criado_por, parcelas, criado_em) VALUES ('f7902870-a983-4f76-98c2-b13c284005f0', 'f1f17043-897c-4c4e-ac20-a81cc735a831', 'pix', 5920.0, '2026-06-20', '1d12d555-68e9-45f8-bfc0-a35a1d8d7920', 1, '2026-06-20T14:00:00+00');
INSERT INTO brindes_aparelhos (id, loja_id, venda_id, descricao, valor_custo, data_ocorrencia, criado_por, criado_em) VALUES ('73b36569-2d01-44d1-bc9b-6648593be09d', 1, 'f1f17043-897c-4c4e-ac20-a81cc735a831', 'Brinde', 45.0, '2026-06-20', '1d12d555-68e9-45f8-bfc0-a35a1d8d7920', '2026-06-20T14:00:00+00');

-- === Linha 146: IPHONE 15 PRO MAX 256GB BRANCO SEMINOVO (20/06/2026) ===
INSERT INTO aparelhos (id, marca, modelo, imei, valor_venda, valor_compra, loja_id, estado, condicao, status, data_venda, data_entrada, criado_por, criado_em, atualizado_em, observacoes) VALUES ('0f418e8d-534f-450c-8d33-c61ec1d221d1', 'Apple', 'IPHONE 15 PRO MAX 256GB BRANCO SEMINOVO', '355496932694525', 4000.0, 3800.0, 4, 'seminovo', 'bom', 'vendido', '2026-06-20T14:00:00+00', '2026-06-20T14:00:00+00', 'a3626643-4749-4e56-83bc-b4a8ffd53659', '2026-06-20T14:00:00+00', '2026-06-20T14:00:00+00', NULL);
INSERT INTO vendas (id, numero_venda, cliente_id, loja_id, vendedor_id, status, tipo, valor_total, valor_pago, saldo_devedor, criado_em, finalizado_em, finalizado_por) VALUES ('d89222b6-5c3d-4c04-9a3b-42c5d1d9ccce', 11625, current_setting('importacao.cliente_id')::uuid, 4, 'a3626643-4749-4e56-83bc-b4a8ffd53659', 'concluida', 'normal', 4000.0, 4000.0, 0.0, '2026-06-20T14:00:00+00', '2026-06-20T14:00:00+00', 'a3626643-4749-4e56-83bc-b4a8ffd53659');
UPDATE aparelhos SET venda_id = 'd89222b6-5c3d-4c04-9a3b-42c5d1d9ccce' WHERE id = '0f418e8d-534f-450c-8d33-c61ec1d221d1';
INSERT INTO pagamentos_venda (id, venda_id, tipo_pagamento, valor, data_pagamento, criado_por, parcelas, criado_em) VALUES ('a9a25f2c-576c-4ecd-b259-ffb9f135a4a0', 'd89222b6-5c3d-4c04-9a3b-42c5d1d9ccce', 'pix', 4000.0, '2026-06-20', 'a3626643-4749-4e56-83bc-b4a8ffd53659', 1, '2026-06-20T14:00:00+00');
INSERT INTO brindes_aparelhos (id, loja_id, venda_id, descricao, valor_custo, data_ocorrencia, criado_por, criado_em) VALUES ('ce2ada68-8899-44e9-879b-def699fcea3b', 4, 'd89222b6-5c3d-4c04-9a3b-42c5d1d9ccce', 'Brinde', 15.0, '2026-06-20', 'a3626643-4749-4e56-83bc-b4a8ffd53659', '2026-06-20T14:00:00+00');

-- PULADO (IMEI ja existe): linha 147 - IPHONE 17 PRO MAX 256GB AZUL NOVO [355101479323146]
-- === Linha 148: IPAD 11 A16 128GB AZUL NOVO (20/06/2026) ===
INSERT INTO aparelhos (id, marca, modelo, imei, valor_venda, valor_compra, loja_id, estado, condicao, status, data_venda, data_entrada, criado_por, criado_em, atualizado_em, observacoes) VALUES ('dc0a73b1-3e5d-460f-8092-7c72bba5d217', 'Apple', 'IPAD 11 A16 128GB AZUL NOVO', 'FH20FMGHR2', 2373.0, 2230.0, 4, 'novo', 'perfeito', 'vendido', '2026-06-20T14:00:00+00', '2026-06-20T14:00:00+00', 'a3626643-4749-4e56-83bc-b4a8ffd53659', '2026-06-20T14:00:00+00', '2026-06-20T14:00:00+00', NULL);
INSERT INTO vendas (id, numero_venda, cliente_id, loja_id, vendedor_id, status, tipo, valor_total, valor_pago, saldo_devedor, criado_em, finalizado_em, finalizado_por) VALUES ('fdae451b-92eb-4d41-889c-b037c9c7b7e3', 11626, current_setting('importacao.cliente_id')::uuid, 4, 'a3626643-4749-4e56-83bc-b4a8ffd53659', 'concluida', 'normal', 2373.0, 2373.0, 0.0, '2026-06-20T14:00:00+00', '2026-06-20T14:00:00+00', 'a3626643-4749-4e56-83bc-b4a8ffd53659');
UPDATE aparelhos SET venda_id = 'fdae451b-92eb-4d41-889c-b037c9c7b7e3' WHERE id = 'dc0a73b1-3e5d-460f-8092-7c72bba5d217';
INSERT INTO pagamentos_venda (id, venda_id, tipo_pagamento, valor, data_pagamento, criado_por, parcelas, criado_em) VALUES ('b36e4e11-b0bb-4e90-ba88-4d29ae303268', 'fdae451b-92eb-4d41-889c-b037c9c7b7e3', 'pix', 2373.0, '2026-06-20', 'a3626643-4749-4e56-83bc-b4a8ffd53659', 1, '2026-06-20T14:00:00+00');

-- === Linha 149: IPHONE 15 PRO MAX 256GB AZUL SEMINOVO (20/06/2026) ===
INSERT INTO aparelhos (id, marca, modelo, imei, valor_venda, valor_compra, loja_id, estado, condicao, status, data_venda, data_entrada, criado_por, criado_em, atualizado_em, observacoes) VALUES ('0923e290-d515-4f5f-9caf-fbc0c0130803', 'Apple', 'IPHONE 15 PRO MAX 256GB AZUL SEMINOVO', '358071245002083', 4178.0, 3800.0, 4, 'seminovo', 'bom', 'vendido', '2026-06-20T14:00:00+00', '2026-06-20T14:00:00+00', 'a3626643-4749-4e56-83bc-b4a8ffd53659', '2026-06-20T14:00:00+00', '2026-06-20T14:00:00+00', NULL);
INSERT INTO vendas (id, numero_venda, cliente_id, loja_id, vendedor_id, status, tipo, valor_total, valor_pago, saldo_devedor, criado_em, finalizado_em, finalizado_por) VALUES ('fff16687-8f23-40f0-8ac8-4c4d4f424c78', 11627, current_setting('importacao.cliente_id')::uuid, 4, 'a3626643-4749-4e56-83bc-b4a8ffd53659', 'concluida', 'normal', 4178.0, 4178.0, 0.0, '2026-06-20T14:00:00+00', '2026-06-20T14:00:00+00', 'a3626643-4749-4e56-83bc-b4a8ffd53659');
UPDATE aparelhos SET venda_id = 'fff16687-8f23-40f0-8ac8-4c4d4f424c78' WHERE id = '0923e290-d515-4f5f-9caf-fbc0c0130803';
INSERT INTO pagamentos_venda (id, venda_id, tipo_pagamento, valor, data_pagamento, criado_por, parcelas, criado_em) VALUES ('a99d8415-d4f2-4228-86bf-1fd18fbee67b', 'fff16687-8f23-40f0-8ac8-4c4d4f424c78', 'cartao_credito', 4178.0, '2026-06-20', 'a3626643-4749-4e56-83bc-b4a8ffd53659', 1, '2026-06-20T14:00:00+00');
INSERT INTO brindes_aparelhos (id, loja_id, venda_id, descricao, valor_custo, data_ocorrencia, criado_por, criado_em) VALUES ('b0dace4a-510e-4fef-8aa3-acd59d73ac90', 4, 'fff16687-8f23-40f0-8ac8-4c4d4f424c78', 'Brinde', 60.0, '2026-06-20', 'a3626643-4749-4e56-83bc-b4a8ffd53659', '2026-06-20T14:00:00+00');

-- PULADO (IMEI ja existe): linha 150 - IPAD 11 128GB AZUL NOVO [CH07LGKN17]
-- === Linha 151: SAMSUNG S24 ULTRA 256GB PRETO SEMINOVO (20/06/2026) ===
INSERT INTO aparelhos (id, marca, modelo, imei, valor_venda, valor_compra, loja_id, estado, condicao, status, data_venda, data_entrada, criado_por, criado_em, atualizado_em, observacoes) VALUES ('d0df4f8c-0a46-41a6-9cad-b0eaaecd1162', 'Samsung', 'SAMSUNG S24 ULTRA 256GB PRETO SEMINOVO', '351339860509485', 3875.0, 3500.0, 19, 'seminovo', 'bom', 'vendido', '2026-06-20T14:00:00+00', '2026-06-20T14:00:00+00', '97f12885-87ad-426a-8bbb-656889d82e10', '2026-06-20T14:00:00+00', '2026-06-20T14:00:00+00', NULL);
INSERT INTO vendas (id, numero_venda, cliente_id, loja_id, vendedor_id, status, tipo, valor_total, valor_pago, saldo_devedor, criado_em, finalizado_em, finalizado_por) VALUES ('0e87672a-9c2d-4f41-834a-173878fbb9b4', 11628, current_setting('importacao.cliente_id')::uuid, 19, '97f12885-87ad-426a-8bbb-656889d82e10', 'concluida', 'normal', 3875.0, 3875.0, 0.0, '2026-06-20T14:00:00+00', '2026-06-20T14:00:00+00', '97f12885-87ad-426a-8bbb-656889d82e10');
UPDATE aparelhos SET venda_id = '0e87672a-9c2d-4f41-834a-173878fbb9b4' WHERE id = 'd0df4f8c-0a46-41a6-9cad-b0eaaecd1162';
INSERT INTO pagamentos_venda (id, venda_id, tipo_pagamento, valor, data_pagamento, criado_por, parcelas, criado_em) VALUES ('c3b38b0e-f5ef-465b-a72e-0b7925363f72', '0e87672a-9c2d-4f41-834a-173878fbb9b4', 'pix', 3730.0, '2026-06-20', '97f12885-87ad-426a-8bbb-656889d82e10', 1, '2026-06-20T14:00:00+00');
INSERT INTO pagamentos_venda (id, venda_id, tipo_pagamento, valor, data_pagamento, criado_por, parcelas, criado_em) VALUES ('5f5f7578-bfe9-44a5-8014-e2e501f0e172', '0e87672a-9c2d-4f41-834a-173878fbb9b4', 'cartao_credito', 145.0, '2026-06-20', '97f12885-87ad-426a-8bbb-656889d82e10', 1, '2026-06-20T14:00:00+00');
INSERT INTO brindes_aparelhos (id, loja_id, venda_id, descricao, valor_custo, data_ocorrencia, criado_por, criado_em) VALUES ('3b06f96c-e8c0-49c6-922c-9af9388f9910', 19, '0e87672a-9c2d-4f41-834a-173878fbb9b4', 'Brinde', 10.0, '2026-06-20', '97f12885-87ad-426a-8bbb-656889d82e10', '2026-06-20T14:00:00+00');

-- === Linha 152: IPHONE 15 128GB PRETO SEMINOVO (20/06/2026) ===
INSERT INTO aparelhos (id, marca, modelo, imei, valor_venda, valor_compra, loja_id, estado, condicao, status, data_venda, data_entrada, criado_por, criado_em, atualizado_em, observacoes) VALUES ('a47d28cb-8ad4-41fd-8a72-243a82c920d4', 'Apple', 'IPHONE 15 128GB PRETO SEMINOVO', '356758346462891', 2890.0, 2650.0, 19, 'seminovo', 'bom', 'vendido', '2026-06-20T14:00:00+00', '2026-06-20T14:00:00+00', '97f12885-87ad-426a-8bbb-656889d82e10', '2026-06-20T14:00:00+00', '2026-06-20T14:00:00+00', NULL);
INSERT INTO vendas (id, numero_venda, cliente_id, loja_id, vendedor_id, status, tipo, valor_total, valor_pago, saldo_devedor, criado_em, finalizado_em, finalizado_por) VALUES ('e85a4e35-7464-4635-9bcf-0037470e054d', 11629, current_setting('importacao.cliente_id')::uuid, 19, '97f12885-87ad-426a-8bbb-656889d82e10', 'concluida', 'normal', 2890.0, 2890.0, 0.0, '2026-06-20T14:00:00+00', '2026-06-20T14:00:00+00', '97f12885-87ad-426a-8bbb-656889d82e10');
UPDATE aparelhos SET venda_id = 'e85a4e35-7464-4635-9bcf-0037470e054d' WHERE id = 'a47d28cb-8ad4-41fd-8a72-243a82c920d4';
INSERT INTO pagamentos_venda (id, venda_id, tipo_pagamento, valor, data_pagamento, criado_por, parcelas, criado_em) VALUES ('d46d431b-ef28-4e87-8f4a-d121cae1f783', 'e85a4e35-7464-4635-9bcf-0037470e054d', 'cartao_credito', 2890.0, '2026-06-20', '97f12885-87ad-426a-8bbb-656889d82e10', 1, '2026-06-20T14:00:00+00');
INSERT INTO brindes_aparelhos (id, loja_id, venda_id, descricao, valor_custo, data_ocorrencia, criado_por, criado_em) VALUES ('fa19ca5a-73e7-4041-b376-0051a05d6ca4', 19, 'e85a4e35-7464-4635-9bcf-0037470e054d', 'Brinde', 10.0, '2026-06-20', '97f12885-87ad-426a-8bbb-656889d82e10', '2026-06-20T14:00:00+00');

-- === Linha 153: IPHONE 16 PRO MAX 256GB DESERT SEMINOVO (20/06/2026) ===
INSERT INTO aparelhos (id, marca, modelo, imei, valor_venda, valor_compra, loja_id, estado, condicao, status, data_venda, data_entrada, criado_por, criado_em, atualizado_em, observacoes) VALUES ('c5799f7b-cb9a-4997-858e-552c62d36f09', 'Apple', 'IPHONE 16 PRO MAX 256GB DESERT SEMINOVO', '35762631919678', 5000.0, 4800.0, 19, 'seminovo', 'bom', 'vendido', '2026-06-20T14:00:00+00', '2026-06-20T14:00:00+00', '97f12885-87ad-426a-8bbb-656889d82e10', '2026-06-20T14:00:00+00', '2026-06-20T14:00:00+00', 'pgto forcado pix (diff nao extraida)');
INSERT INTO vendas (id, numero_venda, cliente_id, loja_id, vendedor_id, status, tipo, valor_total, valor_pago, saldo_devedor, criado_em, finalizado_em, finalizado_por) VALUES ('cb2571df-7472-4f17-96bb-01d549c9fc54', 11630, current_setting('importacao.cliente_id')::uuid, 19, '97f12885-87ad-426a-8bbb-656889d82e10', 'concluida', 'normal', 5000.0, 5000.0, 0.0, '2026-06-20T14:00:00+00', '2026-06-20T14:00:00+00', '97f12885-87ad-426a-8bbb-656889d82e10');
UPDATE aparelhos SET venda_id = 'cb2571df-7472-4f17-96bb-01d549c9fc54' WHERE id = 'c5799f7b-cb9a-4997-858e-552c62d36f09';
INSERT INTO pagamentos_venda (id, venda_id, tipo_pagamento, valor, data_pagamento, criado_por, parcelas, criado_em) VALUES ('43bdb7d4-b1ec-4f2a-999d-4297ee034284', 'cb2571df-7472-4f17-96bb-01d549c9fc54', 'pix', 5000.0, '2026-06-20', '97f12885-87ad-426a-8bbb-656889d82e10', 1, '2026-06-20T14:00:00+00');
INSERT INTO brindes_aparelhos (id, loja_id, venda_id, descricao, valor_custo, data_ocorrencia, criado_por, criado_em) VALUES ('cc259049-0cbb-41b5-af78-223c370426c7', 19, 'cb2571df-7472-4f17-96bb-01d549c9fc54', 'Brinde', 25.0, '2026-06-20', '97f12885-87ad-426a-8bbb-656889d82e10', '2026-06-20T14:00:00+00');

-- === Linha 154: IPHONE 17 PRO MAX 256GB SILVER NOVO (20/06/2026) ===
INSERT INTO aparelhos (id, marca, modelo, imei, valor_venda, valor_compra, loja_id, estado, condicao, status, data_venda, data_entrada, criado_por, criado_em, atualizado_em, observacoes) VALUES ('2e8e4b5c-2c3a-49d5-a43a-4bf6bbe9ad71', 'Apple', 'IPHONE 17 PRO MAX 256GB SILVER NOVO', '350230977615276', 7600.0, 7250.0, 19, 'novo', 'perfeito', 'vendido', '2026-06-20T14:00:00+00', '2026-06-20T14:00:00+00', '97f12885-87ad-426a-8bbb-656889d82e10', '2026-06-20T14:00:00+00', '2026-06-20T14:00:00+00', NULL);
INSERT INTO vendas (id, numero_venda, cliente_id, loja_id, vendedor_id, status, tipo, valor_total, valor_pago, saldo_devedor, criado_em, finalizado_em, finalizado_por) VALUES ('e011a3ee-be42-4b67-9b82-e05b8a8a109e', 11631, current_setting('importacao.cliente_id')::uuid, 19, '97f12885-87ad-426a-8bbb-656889d82e10', 'concluida', 'normal', 7600.0, 7600.0, 0.0, '2026-06-20T14:00:00+00', '2026-06-20T14:00:00+00', '97f12885-87ad-426a-8bbb-656889d82e10');
UPDATE aparelhos SET venda_id = 'e011a3ee-be42-4b67-9b82-e05b8a8a109e' WHERE id = '2e8e4b5c-2c3a-49d5-a43a-4bf6bbe9ad71';
INSERT INTO pagamentos_venda (id, venda_id, tipo_pagamento, valor, data_pagamento, criado_por, parcelas, criado_em) VALUES ('2d6a9872-b20b-45e9-aa44-5c57ab52c69e', 'e011a3ee-be42-4b67-9b82-e05b8a8a109e', 'cartao_credito', 5000.0, '2026-06-20', '97f12885-87ad-426a-8bbb-656889d82e10', 1, '2026-06-20T14:00:00+00');
INSERT INTO pagamentos_venda (id, venda_id, tipo_pagamento, valor, data_pagamento, criado_por, observacao, parcelas, criado_em) VALUES ('097d19ab-d1bb-4dc7-a426-520c614545d7', 'e011a3ee-be42-4b67-9b82-e05b8a8a109e', 'troca_aparelho', 2600.0, '2026-06-20', '97f12885-87ad-426a-8bbb-656889d82e10', 'Troca: IPH 13 PRO MAX', 1, '2026-06-20T14:00:00+00');
INSERT INTO brindes_aparelhos (id, loja_id, venda_id, descricao, valor_custo, data_ocorrencia, criado_por, criado_em) VALUES ('46ec3a03-f46e-4b39-b05d-5c2baa301b40', 19, 'e011a3ee-be42-4b67-9b82-e05b8a8a109e', 'Brinde', 55.0, '2026-06-20', '97f12885-87ad-426a-8bbb-656889d82e10', '2026-06-20T14:00:00+00');

-- === Linha 155: IPHONE 16 PRO MAX 512GB SEMINOVO - GARANTIA APARELHO 26.02 (20/06/2026) ===
INSERT INTO aparelhos (id, marca, modelo, imei, valor_venda, valor_compra, loja_id, estado, condicao, status, data_venda, data_entrada, criado_por, criado_em, atualizado_em, observacoes) VALUES ('6dd2aec3-c8c3-4075-8714-e9f8d3d6e1e3', 'Apple', 'IPHONE 16 PRO MAX 512GB SEMINOVO - GARANTIA APARELHO 26.02', '356864562003003', 6450.0, 5920.0, 20, 'seminovo', 'bom', 'vendido', '2026-06-20T14:00:00+00', '2026-06-20T14:00:00+00', '25e2da5b-9e76-4388-9890-7e22efd6940d', '2026-06-20T14:00:00+00', '2026-06-20T14:00:00+00', 'pgto forcado pix (diff nao extraida)');
INSERT INTO vendas (id, numero_venda, cliente_id, loja_id, vendedor_id, status, tipo, valor_total, valor_pago, saldo_devedor, criado_em, finalizado_em, finalizado_por) VALUES ('8e3249ce-2eb8-4af0-ad7b-cc2ecc26efe4', 11632, current_setting('importacao.cliente_id')::uuid, 20, '25e2da5b-9e76-4388-9890-7e22efd6940d', 'concluida', 'normal', 6450.0, 6450.0, 0.0, '2026-06-20T14:00:00+00', '2026-06-20T14:00:00+00', '25e2da5b-9e76-4388-9890-7e22efd6940d');
UPDATE aparelhos SET venda_id = '8e3249ce-2eb8-4af0-ad7b-cc2ecc26efe4' WHERE id = '6dd2aec3-c8c3-4075-8714-e9f8d3d6e1e3';
INSERT INTO pagamentos_venda (id, venda_id, tipo_pagamento, valor, data_pagamento, criado_por, parcelas, criado_em) VALUES ('1dff83fc-f281-4760-8fef-2aacdeb0f40a', '8e3249ce-2eb8-4af0-ad7b-cc2ecc26efe4', 'pix', 6450.0, '2026-06-20', '25e2da5b-9e76-4388-9890-7e22efd6940d', 1, '2026-06-20T14:00:00+00');
INSERT INTO brindes_aparelhos (id, loja_id, venda_id, descricao, valor_custo, data_ocorrencia, criado_por, criado_em) VALUES ('b84d976c-ce83-45c0-b3b0-63b7d96d0d70', 20, '8e3249ce-2eb8-4af0-ad7b-cc2ecc26efe4', 'Brinde', 25.0, '2026-06-20', '25e2da5b-9e76-4388-9890-7e22efd6940d', '2026-06-20T14:00:00+00');

-- === Linha 156: IPHONE 16 PRO MAX 256GB DESERT SEMINOVO (20/06/2026) ===
INSERT INTO aparelhos (id, marca, modelo, imei, valor_venda, valor_compra, loja_id, estado, condicao, status, data_venda, data_entrada, criado_por, criado_em, atualizado_em, observacoes) VALUES ('10dec10b-837b-4fa0-84db-9336589ddf88', 'Apple', 'IPHONE 16 PRO MAX 256GB DESERT SEMINOVO', '359518870896865', 5100.0, 4800.0, 1, 'seminovo', 'bom', 'vendido', '2026-06-20T14:00:00+00', '2026-06-20T14:00:00+00', '0dd2c938-c6dd-4f5d-aac5-ed045ee5d2fb', '2026-06-20T14:00:00+00', '2026-06-20T14:00:00+00', NULL);
INSERT INTO vendas (id, numero_venda, cliente_id, loja_id, vendedor_id, status, tipo, valor_total, valor_pago, saldo_devedor, criado_em, finalizado_em, finalizado_por) VALUES ('6065bb3f-cf12-48f9-a66e-30dcc3528617', 11633, current_setting('importacao.cliente_id')::uuid, 1, '0dd2c938-c6dd-4f5d-aac5-ed045ee5d2fb', 'concluida', 'normal', 5100.0, 5100.0, 0.0, '2026-06-20T14:00:00+00', '2026-06-20T14:00:00+00', '0dd2c938-c6dd-4f5d-aac5-ed045ee5d2fb');
UPDATE aparelhos SET venda_id = '6065bb3f-cf12-48f9-a66e-30dcc3528617' WHERE id = '10dec10b-837b-4fa0-84db-9336589ddf88';
INSERT INTO pagamentos_venda (id, venda_id, tipo_pagamento, valor, data_pagamento, criado_por, parcelas, criado_em) VALUES ('cbe4758e-740b-46e8-8a24-0ed43dd3f584', '6065bb3f-cf12-48f9-a66e-30dcc3528617', 'pix', 4700.0, '2026-06-20', '0dd2c938-c6dd-4f5d-aac5-ed045ee5d2fb', 1, '2026-06-20T14:00:00+00');
INSERT INTO pagamentos_venda (id, venda_id, tipo_pagamento, valor, data_pagamento, criado_por, observacao, parcelas, criado_em) VALUES ('68cb149b-8052-4012-9ade-98934966254a', '6065bb3f-cf12-48f9-a66e-30dcc3528617', 'troca_aparelho', 400.0, '2026-06-20', '0dd2c938-c6dd-4f5d-aac5-ed045ee5d2fb', 'Troca: IPH XR', 1, '2026-06-20T14:00:00+00');
INSERT INTO brindes_aparelhos (id, loja_id, venda_id, descricao, valor_custo, data_ocorrencia, criado_por, criado_em) VALUES ('a278b17c-8728-41c9-a9b3-fa9235b49984', 1, '6065bb3f-cf12-48f9-a66e-30dcc3528617', 'Brinde', 40.0, '2026-06-20', '0dd2c938-c6dd-4f5d-aac5-ed045ee5d2fb', '2026-06-20T14:00:00+00');

-- === Linha 157: IPHONE 14 LILAS 128GB SEMINOVO (20/06/2026) ===
INSERT INTO aparelhos (id, marca, modelo, imei, valor_venda, valor_compra, loja_id, estado, condicao, status, data_venda, data_entrada, criado_por, criado_em, atualizado_em, observacoes) VALUES ('dc4ec1d1-16f8-4cc8-abc0-61e472e70094', 'Apple', 'IPHONE 14 LILAS 128GB SEMINOVO', '355794422126853', 2100.0, 1900.0, 1, 'seminovo', 'bom', 'vendido', '2026-06-20T14:00:00+00', '2026-06-20T14:00:00+00', '85e3aa42-b9af-49b8-a72a-64e9c337aa53', '2026-06-20T14:00:00+00', '2026-06-20T14:00:00+00', NULL);
INSERT INTO vendas (id, numero_venda, cliente_id, loja_id, vendedor_id, status, tipo, valor_total, valor_pago, saldo_devedor, criado_em, finalizado_em, finalizado_por) VALUES ('002ae4cd-c15a-4745-8efc-00c5d1769735', 11634, current_setting('importacao.cliente_id')::uuid, 1, '85e3aa42-b9af-49b8-a72a-64e9c337aa53', 'concluida', 'normal', 2100.0, 2100.0, 0.0, '2026-06-20T14:00:00+00', '2026-06-20T14:00:00+00', '85e3aa42-b9af-49b8-a72a-64e9c337aa53');
UPDATE aparelhos SET venda_id = '002ae4cd-c15a-4745-8efc-00c5d1769735' WHERE id = 'dc4ec1d1-16f8-4cc8-abc0-61e472e70094';
INSERT INTO pagamentos_venda (id, venda_id, tipo_pagamento, valor, data_pagamento, criado_por, parcelas, criado_em) VALUES ('6c8b193c-0a6c-44aa-927d-1b907cd743c6', '002ae4cd-c15a-4745-8efc-00c5d1769735', 'pix', 2100.0, '2026-06-20', '85e3aa42-b9af-49b8-a72a-64e9c337aa53', 1, '2026-06-20T14:00:00+00');
INSERT INTO brindes_aparelhos (id, loja_id, venda_id, descricao, valor_custo, data_ocorrencia, criado_por, criado_em) VALUES ('ddddbd27-2c80-4066-88d9-2c7dde2523bf', 1, '002ae4cd-c15a-4745-8efc-00c5d1769735', 'Brinde', 15.0, '2026-06-20', '85e3aa42-b9af-49b8-a72a-64e9c337aa53', '2026-06-20T14:00:00+00');

-- === Linha 158: IPHONE 12 128GB PRETO SEMINOVO (20/06/2026) ===
INSERT INTO aparelhos (id, marca, modelo, imei, valor_venda, valor_compra, loja_id, estado, condicao, status, data_venda, data_entrada, criado_por, criado_em, atualizado_em, observacoes) VALUES ('7a7aeb2e-dfc5-4aaa-8840-87f165b9483d', 'Apple', 'IPHONE 12 128GB PRETO SEMINOVO', '353490929449011', 1280.0, 1160.0, 1, 'seminovo', 'bom', 'vendido', '2026-06-20T14:00:00+00', '2026-06-20T14:00:00+00', '85e3aa42-b9af-49b8-a72a-64e9c337aa53', '2026-06-20T14:00:00+00', '2026-06-20T14:00:00+00', NULL);
INSERT INTO vendas (id, numero_venda, cliente_id, loja_id, vendedor_id, status, tipo, valor_total, valor_pago, saldo_devedor, criado_em, finalizado_em, finalizado_por) VALUES ('c4460dd1-bc32-49fd-91b2-624c083d0a16', 11635, current_setting('importacao.cliente_id')::uuid, 1, '85e3aa42-b9af-49b8-a72a-64e9c337aa53', 'concluida', 'normal', 1280.0, 1280.0, 0.0, '2026-06-20T14:00:00+00', '2026-06-20T14:00:00+00', '85e3aa42-b9af-49b8-a72a-64e9c337aa53');
UPDATE aparelhos SET venda_id = 'c4460dd1-bc32-49fd-91b2-624c083d0a16' WHERE id = '7a7aeb2e-dfc5-4aaa-8840-87f165b9483d';
INSERT INTO pagamentos_venda (id, venda_id, tipo_pagamento, valor, data_pagamento, criado_por, parcelas, criado_em) VALUES ('b406606d-db6a-4c00-9860-72e56af01075', 'c4460dd1-bc32-49fd-91b2-624c083d0a16', 'pix', 1000.0, '2026-06-20', '85e3aa42-b9af-49b8-a72a-64e9c337aa53', 1, '2026-06-20T14:00:00+00');
INSERT INTO pagamentos_venda (id, venda_id, tipo_pagamento, valor, data_pagamento, criado_por, parcelas, criado_em) VALUES ('8a159263-a554-4312-8ad1-d25655f54925', 'c4460dd1-bc32-49fd-91b2-624c083d0a16', 'dinheiro', 280.0, '2026-06-20', '85e3aa42-b9af-49b8-a72a-64e9c337aa53', 1, '2026-06-20T14:00:00+00');
INSERT INTO brindes_aparelhos (id, loja_id, venda_id, descricao, valor_custo, data_ocorrencia, criado_por, criado_em) VALUES ('577d5750-7576-49e3-8cca-9446fa480b4f', 1, 'c4460dd1-bc32-49fd-91b2-624c083d0a16', 'Brinde', 10.0, '2026-06-20', '85e3aa42-b9af-49b8-a72a-64e9c337aa53', '2026-06-20T14:00:00+00');

-- === Linha 159: MACBOOK NEO 256GB AZUL NOVO (20/06/2026) ===
INSERT INTO aparelhos (id, marca, modelo, imei, valor_venda, valor_compra, loja_id, estado, condicao, status, data_venda, data_entrada, criado_por, criado_em, atualizado_em, observacoes) VALUES ('c1ce43ff-16dd-4d6d-be57-440a8de08bbc', 'Apple', 'MACBOOK NEO 256GB AZUL NOVO', NULL, 4527.0, 4350.0, 1, 'novo', 'perfeito', 'vendido', '2026-06-20T14:00:00+00', '2026-06-20T14:00:00+00', '85e3aa42-b9af-49b8-a72a-64e9c337aa53', '2026-06-20T14:00:00+00', '2026-06-20T14:00:00+00', 'Sem IMEI');
INSERT INTO vendas (id, numero_venda, cliente_id, loja_id, vendedor_id, status, tipo, valor_total, valor_pago, saldo_devedor, criado_em, finalizado_em, finalizado_por) VALUES ('e680b8a9-e3ac-46a8-9101-fff4ed37d337', 11636, current_setting('importacao.cliente_id')::uuid, 1, '85e3aa42-b9af-49b8-a72a-64e9c337aa53', 'concluida', 'normal', 4527.0, 4527.0, 0.0, '2026-06-20T14:00:00+00', '2026-06-20T14:00:00+00', '85e3aa42-b9af-49b8-a72a-64e9c337aa53');
UPDATE aparelhos SET venda_id = 'e680b8a9-e3ac-46a8-9101-fff4ed37d337' WHERE id = 'c1ce43ff-16dd-4d6d-be57-440a8de08bbc';
INSERT INTO pagamentos_venda (id, venda_id, tipo_pagamento, valor, data_pagamento, criado_por, parcelas, criado_em) VALUES ('e519d9bb-2a6b-4f57-81dc-22e60e372425', 'e680b8a9-e3ac-46a8-9101-fff4ed37d337', 'pix', 4527.0, '2026-06-20', '85e3aa42-b9af-49b8-a72a-64e9c337aa53', 1, '2026-06-20T14:00:00+00');

-- === Linha 160: IPHONE 17 PRO 256GB BRANCO NOVO (20/06/2026) ===
INSERT INTO aparelhos (id, marca, modelo, imei, valor_venda, valor_compra, loja_id, estado, condicao, status, data_venda, data_entrada, criado_por, criado_em, atualizado_em, observacoes) VALUES ('c3738f4a-b1e9-4364-8243-931f9c9e5029', 'Apple', 'IPHONE 17 PRO 256GB BRANCO NOVO', NULL, 7176.0, 6750.0, 1, 'novo', 'perfeito', 'vendido', '2026-06-20T14:00:00+00', '2026-06-20T14:00:00+00', '85e3aa42-b9af-49b8-a72a-64e9c337aa53', '2026-06-20T14:00:00+00', '2026-06-20T14:00:00+00', 'Sem IMEI');
INSERT INTO vendas (id, numero_venda, cliente_id, loja_id, vendedor_id, status, tipo, valor_total, valor_pago, saldo_devedor, criado_em, finalizado_em, finalizado_por) VALUES ('8b504a63-d71e-44f4-94f3-2755a8783238', 11637, current_setting('importacao.cliente_id')::uuid, 1, '85e3aa42-b9af-49b8-a72a-64e9c337aa53', 'concluida', 'normal', 7176.0, 7176.0, 0.0, '2026-06-20T14:00:00+00', '2026-06-20T14:00:00+00', '85e3aa42-b9af-49b8-a72a-64e9c337aa53');
UPDATE aparelhos SET venda_id = '8b504a63-d71e-44f4-94f3-2755a8783238' WHERE id = 'c3738f4a-b1e9-4364-8243-931f9c9e5029';
INSERT INTO pagamentos_venda (id, venda_id, tipo_pagamento, valor, data_pagamento, criado_por, parcelas, criado_em) VALUES ('213f38d9-d513-44b8-a72d-71220effec66', '8b504a63-d71e-44f4-94f3-2755a8783238', 'pix', 4526.0, '2026-06-20', '85e3aa42-b9af-49b8-a72a-64e9c337aa53', 1, '2026-06-20T14:00:00+00');
INSERT INTO pagamentos_venda (id, venda_id, tipo_pagamento, valor, data_pagamento, criado_por, observacao, parcelas, criado_em) VALUES ('6bd0cd1f-b614-4c14-b6bd-4b73faed9de5', '8b504a63-d71e-44f4-94f3-2755a8783238', 'troca_aparelho', 2650.0, '2026-06-20', '85e3aa42-b9af-49b8-a72a-64e9c337aa53', 'Troca: IPH 14 PRO 128GB', 1, '2026-06-20T14:00:00+00');
INSERT INTO brindes_aparelhos (id, loja_id, venda_id, descricao, valor_custo, data_ocorrencia, criado_por, criado_em) VALUES ('40949c11-bc2c-48f7-8cf8-76f46c4cd17f', 1, '8b504a63-d71e-44f4-94f3-2755a8783238', 'Brinde', 15.0, '2026-06-20', '85e3aa42-b9af-49b8-a72a-64e9c337aa53', '2026-06-20T14:00:00+00');

-- PULADO (IMEI ja existe): linha 161 - IPHONE 17 PRO MAX 256GB BRANCO SEMINOVO [358640380782129]
-- === Linha 162: IPHONE 14 PRO MAX 256GB ROXO SEMINOVO (20/06/2026) ===
INSERT INTO aparelhos (id, marca, modelo, imei, valor_venda, valor_compra, loja_id, estado, condicao, status, data_venda, data_entrada, criado_por, criado_em, atualizado_em, observacoes) VALUES ('493ab1d4-5dc7-4bf4-bf40-003257c6f962', 'Apple', 'IPHONE 14 PRO MAX 256GB ROXO SEMINOVO', '359761973185063', 3562.0, 3150.0, 20, 'seminovo', 'bom', 'vendido', '2026-06-20T14:00:00+00', '2026-06-20T14:00:00+00', '25e2da5b-9e76-4388-9890-7e22efd6940d', '2026-06-20T14:00:00+00', '2026-06-20T14:00:00+00', 'pgto forcado pix (diff nao extraida)');
INSERT INTO vendas (id, numero_venda, cliente_id, loja_id, vendedor_id, status, tipo, valor_total, valor_pago, saldo_devedor, criado_em, finalizado_em, finalizado_por) VALUES ('8965d051-095f-4e2e-9990-9ea03dac31e5', 11638, current_setting('importacao.cliente_id')::uuid, 20, '25e2da5b-9e76-4388-9890-7e22efd6940d', 'concluida', 'normal', 3562.0, 3562.0, 0.0, '2026-06-20T14:00:00+00', '2026-06-20T14:00:00+00', '25e2da5b-9e76-4388-9890-7e22efd6940d');
UPDATE aparelhos SET venda_id = '8965d051-095f-4e2e-9990-9ea03dac31e5' WHERE id = '493ab1d4-5dc7-4bf4-bf40-003257c6f962';
INSERT INTO pagamentos_venda (id, venda_id, tipo_pagamento, valor, data_pagamento, criado_por, parcelas, criado_em) VALUES ('65f5671a-f11d-4fcb-9ae9-e57119759d80', '8965d051-095f-4e2e-9990-9ea03dac31e5', 'pix', 3562.0, '2026-06-20', '25e2da5b-9e76-4388-9890-7e22efd6940d', 1, '2026-06-20T14:00:00+00');
INSERT INTO brindes_aparelhos (id, loja_id, venda_id, descricao, valor_custo, data_ocorrencia, criado_por, criado_em) VALUES ('0da55ae3-a858-498c-97a9-00fef3e49428', 20, '8965d051-095f-4e2e-9990-9ea03dac31e5', 'Brinde', 25.0, '2026-06-20', '25e2da5b-9e76-4388-9890-7e22efd6940d', '2026-06-20T14:00:00+00');

-- === Linha 163: IPHONE 15 128GB ROSA SEMINOVO - GARANTIA APARELHO 15.05 (21/06/2026) ===
INSERT INTO aparelhos (id, marca, modelo, imei, valor_venda, valor_compra, loja_id, estado, condicao, status, data_venda, data_entrada, criado_por, criado_em, atualizado_em, observacoes) VALUES ('9a807653-209a-496e-9037-2623587a0ed4', 'Apple', 'IPHONE 15 128GB ROSA SEMINOVO - GARANTIA APARELHO 15.05', '358684525276241', 2970.0, 2650.0, 1, 'seminovo', 'bom', 'vendido', '2026-06-21T14:00:00+00', '2026-06-21T14:00:00+00', 'a3626643-4749-4e56-83bc-b4a8ffd53659', '2026-06-21T14:00:00+00', '2026-06-21T14:00:00+00', 'pgto forcado pix (diff nao extraida)');
INSERT INTO vendas (id, numero_venda, cliente_id, loja_id, vendedor_id, status, tipo, valor_total, valor_pago, saldo_devedor, criado_em, finalizado_em, finalizado_por) VALUES ('0d4514d6-ae1d-445c-abb8-c424333645b5', 11639, current_setting('importacao.cliente_id')::uuid, 1, 'a3626643-4749-4e56-83bc-b4a8ffd53659', 'concluida', 'normal', 2970.0, 2970.0, 0.0, '2026-06-21T14:00:00+00', '2026-06-21T14:00:00+00', 'a3626643-4749-4e56-83bc-b4a8ffd53659');
UPDATE aparelhos SET venda_id = '0d4514d6-ae1d-445c-abb8-c424333645b5' WHERE id = '9a807653-209a-496e-9037-2623587a0ed4';
INSERT INTO pagamentos_venda (id, venda_id, tipo_pagamento, valor, data_pagamento, criado_por, parcelas, criado_em) VALUES ('70f270f6-7c7a-41fa-8325-99c7739f29de', '0d4514d6-ae1d-445c-abb8-c424333645b5', 'pix', 2970.0, '2026-06-21', 'a3626643-4749-4e56-83bc-b4a8ffd53659', 1, '2026-06-21T14:00:00+00');
INSERT INTO brindes_aparelhos (id, loja_id, venda_id, descricao, valor_custo, data_ocorrencia, criado_por, criado_em) VALUES ('198bb5db-f54e-412a-94eb-6689ca953780', 1, '0d4514d6-ae1d-445c-abb8-c424333645b5', 'Brinde', 15.0, '2026-06-21', 'a3626643-4749-4e56-83bc-b4a8ffd53659', '2026-06-21T14:00:00+00');

-- PULADO (IMEI ja existe): linha 164 - IPHONE 17 PRO MAX 256GB LARANJA NOVO [357247257803680]
-- === Linha 165: IPHONE 15 PRO MAX 256GB AZUL SEMINOVO (21/06/2026) ===
INSERT INTO aparelhos (id, marca, modelo, imei, valor_venda, valor_compra, loja_id, estado, condicao, status, data_venda, data_entrada, criado_por, criado_em, atualizado_em, observacoes) VALUES ('8faccff3-b5f6-4599-96e1-5d30f0bb6bd3', 'Apple', 'IPHONE 15 PRO MAX 256GB AZUL SEMINOVO', '356964462417806', 4170.0, 3800.0, 4, 'seminovo', 'bom', 'vendido', '2026-06-21T14:00:00+00', '2026-06-21T14:00:00+00', 'a3626643-4749-4e56-83bc-b4a8ffd53659', '2026-06-21T14:00:00+00', '2026-06-21T14:00:00+00', NULL);
INSERT INTO vendas (id, numero_venda, cliente_id, loja_id, vendedor_id, status, tipo, valor_total, valor_pago, saldo_devedor, criado_em, finalizado_em, finalizado_por) VALUES ('28a0e164-f491-4cc0-8778-1d9c813f48ef', 11640, current_setting('importacao.cliente_id')::uuid, 4, 'a3626643-4749-4e56-83bc-b4a8ffd53659', 'concluida', 'normal', 4170.0, 4170.0, 0.0, '2026-06-21T14:00:00+00', '2026-06-21T14:00:00+00', 'a3626643-4749-4e56-83bc-b4a8ffd53659');
UPDATE aparelhos SET venda_id = '28a0e164-f491-4cc0-8778-1d9c813f48ef' WHERE id = '8faccff3-b5f6-4599-96e1-5d30f0bb6bd3';
INSERT INTO pagamentos_venda (id, venda_id, tipo_pagamento, valor, data_pagamento, criado_por, parcelas, criado_em) VALUES ('a831f422-0034-424a-a9a6-cc671d64fb33', '28a0e164-f491-4cc0-8778-1d9c813f48ef', 'cartao_credito', 4170.0, '2026-06-21', 'a3626643-4749-4e56-83bc-b4a8ffd53659', 1, '2026-06-21T14:00:00+00');
INSERT INTO brindes_aparelhos (id, loja_id, venda_id, descricao, valor_custo, data_ocorrencia, criado_por, criado_em) VALUES ('ed002b9c-e41e-4a81-bdf1-8b5288bd3e3b', 4, '28a0e164-f491-4cc0-8778-1d9c813f48ef', 'Brinde', 25.0, '2026-06-21', 'a3626643-4749-4e56-83bc-b4a8ffd53659', '2026-06-21T14:00:00+00');

-- === Linha 166: IPHONE 15 PRO MAX 256GB BRANCO SEMINOVO (21/06/2026) ===
INSERT INTO aparelhos (id, marca, modelo, imei, valor_venda, valor_compra, loja_id, estado, condicao, status, data_venda, data_entrada, criado_por, criado_em, atualizado_em, observacoes) VALUES ('381a118c-5234-4ad3-9f15-ad140ffa675d', 'Apple', 'IPHONE 15 PRO MAX 256GB BRANCO SEMINOVO', '356964461952969', 4000.0, 3600.0, 19, 'seminovo', 'bom', 'vendido', '2026-06-21T14:00:00+00', '2026-06-21T14:00:00+00', '97f12885-87ad-426a-8bbb-656889d82e10', '2026-06-21T14:00:00+00', '2026-06-21T14:00:00+00', NULL);
INSERT INTO vendas (id, numero_venda, cliente_id, loja_id, vendedor_id, status, tipo, valor_total, valor_pago, saldo_devedor, criado_em, finalizado_em, finalizado_por) VALUES ('1dbd9ac5-da33-40a8-9d71-1eafba495ddd', 11641, current_setting('importacao.cliente_id')::uuid, 19, '97f12885-87ad-426a-8bbb-656889d82e10', 'concluida', 'normal', 4000.0, 4000.0, 0.0, '2026-06-21T14:00:00+00', '2026-06-21T14:00:00+00', '97f12885-87ad-426a-8bbb-656889d82e10');
UPDATE aparelhos SET venda_id = '1dbd9ac5-da33-40a8-9d71-1eafba495ddd' WHERE id = '381a118c-5234-4ad3-9f15-ad140ffa675d';
INSERT INTO pagamentos_venda (id, venda_id, tipo_pagamento, valor, data_pagamento, criado_por, parcelas, criado_em) VALUES ('4bc3f72f-23e4-48ed-8228-ebb2bfa8d50e', '1dbd9ac5-da33-40a8-9d71-1eafba495ddd', 'pix', 4000.0, '2026-06-21', '97f12885-87ad-426a-8bbb-656889d82e10', 1, '2026-06-21T14:00:00+00');
INSERT INTO brindes_aparelhos (id, loja_id, venda_id, descricao, valor_custo, data_ocorrencia, criado_por, criado_em) VALUES ('b57e5d89-c0a4-4068-9b29-67d24600a31d', 19, '1dbd9ac5-da33-40a8-9d71-1eafba495ddd', 'Brinde', 35.0, '2026-06-21', '97f12885-87ad-426a-8bbb-656889d82e10', '2026-06-21T14:00:00+00');

-- PULADO (Angel): linha 167 - IPHONE 17 PRO MAX 256GB NOVO AZUL
-- === Linha 168: IPHONE 12 128GB PRETO SEMINOVO (21/06/2026) ===
INSERT INTO aparelhos (id, marca, modelo, imei, valor_venda, valor_compra, loja_id, estado, condicao, status, data_venda, data_entrada, criado_por, criado_em, atualizado_em, observacoes) VALUES ('dbb5e198-78b3-46e4-a8ab-28b626ca682c', 'Apple', 'IPHONE 12 128GB PRETO SEMINOVO', '353361737646116', 1455.0, 1160.0, 4, 'seminovo', 'bom', 'vendido', '2026-06-21T14:00:00+00', '2026-06-21T14:00:00+00', 'a3626643-4749-4e56-83bc-b4a8ffd53659', '2026-06-21T14:00:00+00', '2026-06-21T14:00:00+00', NULL);
INSERT INTO vendas (id, numero_venda, cliente_id, loja_id, vendedor_id, status, tipo, valor_total, valor_pago, saldo_devedor, criado_em, finalizado_em, finalizado_por) VALUES ('6f47893a-d71a-4dc8-aed3-bed4f1e67e49', 11642, current_setting('importacao.cliente_id')::uuid, 4, 'a3626643-4749-4e56-83bc-b4a8ffd53659', 'concluida', 'normal', 1455.0, 1455.0, 0.0, '2026-06-21T14:00:00+00', '2026-06-21T14:00:00+00', 'a3626643-4749-4e56-83bc-b4a8ffd53659');
UPDATE aparelhos SET venda_id = '6f47893a-d71a-4dc8-aed3-bed4f1e67e49' WHERE id = 'dbb5e198-78b3-46e4-a8ab-28b626ca682c';
INSERT INTO pagamentos_venda (id, venda_id, tipo_pagamento, valor, data_pagamento, criado_por, parcelas, criado_em) VALUES ('341d3d1a-e074-4a6a-95b5-6e17498243c1', '6f47893a-d71a-4dc8-aed3-bed4f1e67e49', 'cartao_credito', 1455.0, '2026-06-21', 'a3626643-4749-4e56-83bc-b4a8ffd53659', 1, '2026-06-21T14:00:00+00');
INSERT INTO brindes_aparelhos (id, loja_id, venda_id, descricao, valor_custo, data_ocorrencia, criado_por, criado_em) VALUES ('bc06fb84-4946-49c4-88e9-0316bcab3ac7', 4, '6f47893a-d71a-4dc8-aed3-bed4f1e67e49', 'Brinde', 23.0, '2026-06-21', 'a3626643-4749-4e56-83bc-b4a8ffd53659', '2026-06-21T14:00:00+00');

-- PULADO (IMEI ja existe): linha 169 - IPHONE 15 PLUS 128GB PRETO NOVO [357977669432302]
-- PULADO (IMEI ja existe): linha 170 - IPHONE 17 PRO 256GB BRANCO NOVO [352574675400509]
-- PULADO (IMEI ja existe): linha 171 - IPHONE 17 PRO MAX 256GB BRANCO NOVO [357920795494028]
-- PULADO (IMEI ja existe): linha 172 - IPHONE 17 PRO MAX 256GB LARANJA NOVO [359178371574212]
-- PULADO (IMEI ja existe): linha 173 - FONTE ORIGINAL APPLE BRANCO NOVO [C4H61040G83Q8YQA3]
-- === Linha 174: IPHONE 17 PRO MAX 256GB LARANJA NOVO (21/06/2026) ===
INSERT INTO aparelhos (id, marca, modelo, imei, valor_venda, valor_compra, loja_id, estado, condicao, status, data_venda, data_entrada, criado_por, criado_em, atualizado_em, observacoes) VALUES ('bcdf285c-fc81-4b1f-addf-a71636d174e9', 'Apple', 'IPHONE 17 PRO MAX 256GB LARANJA NOVO', '359178371686834', 7360.0, 6900.0, 4, 'novo', 'perfeito', 'vendido', '2026-06-21T14:00:00+00', '2026-06-21T14:00:00+00', 'a3626643-4749-4e56-83bc-b4a8ffd53659', '2026-06-21T14:00:00+00', '2026-06-21T14:00:00+00', NULL);
INSERT INTO vendas (id, numero_venda, cliente_id, loja_id, vendedor_id, status, tipo, valor_total, valor_pago, saldo_devedor, criado_em, finalizado_em, finalizado_por) VALUES ('772bdc16-2794-414c-b548-ab2cfc2747b6', 11643, current_setting('importacao.cliente_id')::uuid, 4, 'a3626643-4749-4e56-83bc-b4a8ffd53659', 'concluida', 'normal', 7360.0, 7360.0, 0.0, '2026-06-21T14:00:00+00', '2026-06-21T14:00:00+00', 'a3626643-4749-4e56-83bc-b4a8ffd53659');
UPDATE aparelhos SET venda_id = '772bdc16-2794-414c-b548-ab2cfc2747b6' WHERE id = 'bcdf285c-fc81-4b1f-addf-a71636d174e9';
INSERT INTO pagamentos_venda (id, venda_id, tipo_pagamento, valor, data_pagamento, criado_por, parcelas, criado_em) VALUES ('5b935603-d5a6-4855-9926-a0dd8853f2ff', '772bdc16-2794-414c-b548-ab2cfc2747b6', 'pix', 7360.0, '2026-06-21', 'a3626643-4749-4e56-83bc-b4a8ffd53659', 1, '2026-06-21T14:00:00+00');
INSERT INTO brindes_aparelhos (id, loja_id, venda_id, descricao, valor_custo, data_ocorrencia, criado_por, criado_em) VALUES ('0082566d-7a45-490a-8077-554df0bf19d8', 4, '772bdc16-2794-414c-b548-ab2cfc2747b6', 'Brinde', 70.0, '2026-06-21', 'a3626643-4749-4e56-83bc-b4a8ffd53659', '2026-06-21T14:00:00+00');

-- === Linha 175: IPHONE 13 PRO MAX 128GB AZUL SEMINOVO (21/06/2026) ===
INSERT INTO aparelhos (id, marca, modelo, imei, valor_venda, valor_compra, loja_id, estado, condicao, status, data_venda, data_entrada, criado_por, criado_em, atualizado_em, observacoes) VALUES ('2bb53e1c-9a40-457b-a1fd-735774a66714', 'Apple', 'IPHONE 13 PRO MAX 128GB AZUL SEMINOVO', '358074296851614', 3115.0, 2550.0, 1, 'seminovo', 'bom', 'vendido', '2026-06-21T14:00:00+00', '2026-06-21T14:00:00+00', '0dd2c938-c6dd-4f5d-aac5-ed045ee5d2fb', '2026-06-21T14:00:00+00', '2026-06-21T14:00:00+00', 'pgto forcado pix (diff nao extraida)');
INSERT INTO vendas (id, numero_venda, cliente_id, loja_id, vendedor_id, status, tipo, valor_total, valor_pago, saldo_devedor, criado_em, finalizado_em, finalizado_por) VALUES ('972f61fa-a5f4-4d47-91c4-a9194bbbf4e0', 11644, current_setting('importacao.cliente_id')::uuid, 1, '0dd2c938-c6dd-4f5d-aac5-ed045ee5d2fb', 'concluida', 'normal', 3115.0, 3115.0, 0.0, '2026-06-21T14:00:00+00', '2026-06-21T14:00:00+00', '0dd2c938-c6dd-4f5d-aac5-ed045ee5d2fb');
UPDATE aparelhos SET venda_id = '972f61fa-a5f4-4d47-91c4-a9194bbbf4e0' WHERE id = '2bb53e1c-9a40-457b-a1fd-735774a66714';
INSERT INTO pagamentos_venda (id, venda_id, tipo_pagamento, valor, data_pagamento, criado_por, parcelas, criado_em) VALUES ('5c956267-9f6c-4c90-9ea4-344091af0916', '972f61fa-a5f4-4d47-91c4-a9194bbbf4e0', 'pix', 3115.0, '2026-06-21', '0dd2c938-c6dd-4f5d-aac5-ed045ee5d2fb', 1, '2026-06-21T14:00:00+00');
INSERT INTO brindes_aparelhos (id, loja_id, venda_id, descricao, valor_custo, data_ocorrencia, criado_por, criado_em) VALUES ('9b08d34e-26ec-493b-b4db-a8d16081f175', 1, '972f61fa-a5f4-4d47-91c4-a9194bbbf4e0', 'Brinde', 50.0, '2026-06-21', '0dd2c938-c6dd-4f5d-aac5-ed045ee5d2fb', '2026-06-21T14:00:00+00');

-- === Linha 176: IPHONE 14 PRO MAX 128GB BRANCO SEMINOVO (21/06/2026) ===
INSERT INTO aparelhos (id, marca, modelo, imei, valor_venda, valor_compra, loja_id, estado, condicao, status, data_venda, data_entrada, criado_por, criado_em, atualizado_em, observacoes) VALUES ('1ad6de80-eb33-49a6-b900-664fa4400c3d', 'Apple', 'IPHONE 14 PRO MAX 128GB BRANCO SEMINOVO', '353360940717383', 3660.0, 3075.0, 1, 'seminovo', 'bom', 'vendido', '2026-06-21T14:00:00+00', '2026-06-21T14:00:00+00', '0dd2c938-c6dd-4f5d-aac5-ed045ee5d2fb', '2026-06-21T14:00:00+00', '2026-06-21T14:00:00+00', NULL);
INSERT INTO vendas (id, numero_venda, cliente_id, loja_id, vendedor_id, status, tipo, valor_total, valor_pago, saldo_devedor, criado_em, finalizado_em, finalizado_por) VALUES ('f2bc7678-c066-401a-9fcb-5f2138619d09', 11645, current_setting('importacao.cliente_id')::uuid, 1, '0dd2c938-c6dd-4f5d-aac5-ed045ee5d2fb', 'concluida', 'normal', 3660.0, 3660.0, 0.0, '2026-06-21T14:00:00+00', '2026-06-21T14:00:00+00', '0dd2c938-c6dd-4f5d-aac5-ed045ee5d2fb');
UPDATE aparelhos SET venda_id = 'f2bc7678-c066-401a-9fcb-5f2138619d09' WHERE id = '1ad6de80-eb33-49a6-b900-664fa4400c3d';
INSERT INTO pagamentos_venda (id, venda_id, tipo_pagamento, valor, data_pagamento, criado_por, parcelas, criado_em) VALUES ('8070634f-f431-467f-ba34-a6b037e23b9d', 'f2bc7678-c066-401a-9fcb-5f2138619d09', 'pix', 3660.0, '2026-06-21', '0dd2c938-c6dd-4f5d-aac5-ed045ee5d2fb', 1, '2026-06-21T14:00:00+00');
INSERT INTO brindes_aparelhos (id, loja_id, venda_id, descricao, valor_custo, data_ocorrencia, criado_por, criado_em) VALUES ('762eac97-3dab-452e-a23a-16254cf8bfcd', 1, 'f2bc7678-c066-401a-9fcb-5f2138619d09', 'Brinde', 40.0, '2026-06-21', '0dd2c938-c6dd-4f5d-aac5-ed045ee5d2fb', '2026-06-21T14:00:00+00');

-- === Linha 177: IPHONE 13 PRO MAX 512GB AZUL SEMINOVO (21/06/2026) ===
INSERT INTO aparelhos (id, marca, modelo, imei, valor_venda, valor_compra, loja_id, estado, condicao, status, data_venda, data_entrada, criado_por, criado_em, atualizado_em, observacoes) VALUES ('32b9a46f-429d-4ec4-975f-1faf0315a5e8', 'Apple', 'IPHONE 13 PRO MAX 512GB AZUL SEMINOVO', '359330188973216', 3250.0, 2900.0, 1, 'seminovo', 'bom', 'vendido', '2026-06-21T14:00:00+00', '2026-06-21T14:00:00+00', '0dd2c938-c6dd-4f5d-aac5-ed045ee5d2fb', '2026-06-21T14:00:00+00', '2026-06-21T14:00:00+00', 'pgto forcado pix (diff nao extraida)');
INSERT INTO vendas (id, numero_venda, cliente_id, loja_id, vendedor_id, status, tipo, valor_total, valor_pago, saldo_devedor, criado_em, finalizado_em, finalizado_por) VALUES ('9b935b10-2daf-4a41-bfa8-1afbb6f9a360', 11646, current_setting('importacao.cliente_id')::uuid, 1, '0dd2c938-c6dd-4f5d-aac5-ed045ee5d2fb', 'concluida', 'normal', 3250.0, 3250.0, 0.0, '2026-06-21T14:00:00+00', '2026-06-21T14:00:00+00', '0dd2c938-c6dd-4f5d-aac5-ed045ee5d2fb');
UPDATE aparelhos SET venda_id = '9b935b10-2daf-4a41-bfa8-1afbb6f9a360' WHERE id = '32b9a46f-429d-4ec4-975f-1faf0315a5e8';
INSERT INTO pagamentos_venda (id, venda_id, tipo_pagamento, valor, data_pagamento, criado_por, parcelas, criado_em) VALUES ('656147d5-2dcb-4980-8765-004d6e32fd97', '9b935b10-2daf-4a41-bfa8-1afbb6f9a360', 'pix', 3250.0, '2026-06-21', '0dd2c938-c6dd-4f5d-aac5-ed045ee5d2fb', 1, '2026-06-21T14:00:00+00');
INSERT INTO brindes_aparelhos (id, loja_id, venda_id, descricao, valor_custo, data_ocorrencia, criado_por, criado_em) VALUES ('515387d8-a21d-4f70-bd06-9cfe421eab11', 1, '9b935b10-2daf-4a41-bfa8-1afbb6f9a360', 'Brinde', 25.0, '2026-06-21', '0dd2c938-c6dd-4f5d-aac5-ed045ee5d2fb', '2026-06-21T14:00:00+00');

-- === Linha 178: IPHONE 16 PRO MAX 256GB DESERT SEMINOVO (21/06/2026) ===
INSERT INTO aparelhos (id, marca, modelo, imei, valor_venda, valor_compra, loja_id, estado, condicao, status, data_venda, data_entrada, criado_por, criado_em, atualizado_em, observacoes) VALUES ('1562ee4d-8814-47a1-a095-c2fa619f1252', 'Apple', 'IPHONE 16 PRO MAX 256GB DESERT SEMINOVO', '357590875015280', 5150.0, 4800.0, 20, 'seminovo', 'bom', 'vendido', '2026-06-21T14:00:00+00', '2026-06-21T14:00:00+00', 'a50f1e24-aabb-41c1-b817-b4a4950bb1e4', '2026-06-21T14:00:00+00', '2026-06-21T14:00:00+00', NULL);
INSERT INTO vendas (id, numero_venda, cliente_id, loja_id, vendedor_id, status, tipo, valor_total, valor_pago, saldo_devedor, criado_em, finalizado_em, finalizado_por) VALUES ('867eb176-3fb6-4e13-9818-4a1bfeec6469', 11647, current_setting('importacao.cliente_id')::uuid, 20, 'a50f1e24-aabb-41c1-b817-b4a4950bb1e4', 'concluida', 'normal', 5150.0, 5150.0, 0.0, '2026-06-21T14:00:00+00', '2026-06-21T14:00:00+00', 'a50f1e24-aabb-41c1-b817-b4a4950bb1e4');
UPDATE aparelhos SET venda_id = '867eb176-3fb6-4e13-9818-4a1bfeec6469' WHERE id = '1562ee4d-8814-47a1-a095-c2fa619f1252';
INSERT INTO pagamentos_venda (id, venda_id, tipo_pagamento, valor, data_pagamento, criado_por, parcelas, criado_em) VALUES ('e06ab4ab-f2bc-4c89-9b3d-a45c046b1044', '867eb176-3fb6-4e13-9818-4a1bfeec6469', 'pix', 5150.0, '2026-06-21', 'a50f1e24-aabb-41c1-b817-b4a4950bb1e4', 1, '2026-06-21T14:00:00+00');
INSERT INTO brindes_aparelhos (id, loja_id, venda_id, descricao, valor_custo, data_ocorrencia, criado_por, criado_em) VALUES ('d31b7e51-c3ae-4229-91be-8b708a365158', 20, '867eb176-3fb6-4e13-9818-4a1bfeec6469', 'Brinde', 5.0, '2026-06-21', 'a50f1e24-aabb-41c1-b817-b4a4950bb1e4', '2026-06-21T14:00:00+00');

-- === Linha 179: IPHONE 16 PRO MAX 256GB PRETO SEMINOVO (21/06/2026) ===
INSERT INTO aparelhos (id, marca, modelo, imei, valor_venda, valor_compra, loja_id, estado, condicao, status, data_venda, data_entrada, criado_por, criado_em, atualizado_em, observacoes) VALUES ('990cef4d-d0aa-4873-a976-f7aca406ea4c', 'Apple', 'IPHONE 16 PRO MAX 256GB PRETO SEMINOVO', '350572412978086', 5100.0, 4800.0, 20, 'seminovo', 'bom', 'vendido', '2026-06-21T14:00:00+00', '2026-06-21T14:00:00+00', 'a50f1e24-aabb-41c1-b817-b4a4950bb1e4', '2026-06-21T14:00:00+00', '2026-06-21T14:00:00+00', NULL);
INSERT INTO vendas (id, numero_venda, cliente_id, loja_id, vendedor_id, status, tipo, valor_total, valor_pago, saldo_devedor, criado_em, finalizado_em, finalizado_por) VALUES ('f7c0f4d5-5aa0-48ea-bf08-89dd496b8096', 11648, current_setting('importacao.cliente_id')::uuid, 20, 'a50f1e24-aabb-41c1-b817-b4a4950bb1e4', 'concluida', 'normal', 5100.0, 5100.0, 0.0, '2026-06-21T14:00:00+00', '2026-06-21T14:00:00+00', 'a50f1e24-aabb-41c1-b817-b4a4950bb1e4');
UPDATE aparelhos SET venda_id = 'f7c0f4d5-5aa0-48ea-bf08-89dd496b8096' WHERE id = '990cef4d-d0aa-4873-a976-f7aca406ea4c';
INSERT INTO pagamentos_venda (id, venda_id, tipo_pagamento, valor, data_pagamento, criado_por, parcelas, criado_em) VALUES ('d29c5398-7072-46cb-80f3-bccd4538fe60', 'f7c0f4d5-5aa0-48ea-bf08-89dd496b8096', 'pix', 5100.0, '2026-06-21', 'a50f1e24-aabb-41c1-b817-b4a4950bb1e4', 1, '2026-06-21T14:00:00+00');
INSERT INTO brindes_aparelhos (id, loja_id, venda_id, descricao, valor_custo, data_ocorrencia, criado_por, criado_em) VALUES ('332c642e-816e-4cd4-9d77-cf6562c1394c', 20, 'f7c0f4d5-5aa0-48ea-bf08-89dd496b8096', 'Brinde', 25.0, '2026-06-21', 'a50f1e24-aabb-41c1-b817-b4a4950bb1e4', '2026-06-21T14:00:00+00');

-- === Linha 180: IPHONE 17 PRO MAX 256GB AZUL NOVO (21/06/2026) ===
INSERT INTO aparelhos (id, marca, modelo, imei, valor_venda, valor_compra, loja_id, estado, condicao, status, data_venda, data_entrada, criado_por, criado_em, atualizado_em, observacoes) VALUES ('e59b3d55-9bb1-4b4d-8597-e1f18cb8d5c6', 'Apple', 'IPHONE 17 PRO MAX 256GB AZUL NOVO', '357247257995858', 7350.0, 7000.0, 19, 'novo', 'perfeito', 'vendido', '2026-06-21T14:00:00+00', '2026-06-21T14:00:00+00', '97f12885-87ad-426a-8bbb-656889d82e10', '2026-06-21T14:00:00+00', '2026-06-21T14:00:00+00', NULL);
INSERT INTO vendas (id, numero_venda, cliente_id, loja_id, vendedor_id, status, tipo, valor_total, valor_pago, saldo_devedor, criado_em, finalizado_em, finalizado_por) VALUES ('b954b242-ed9d-45b8-a739-7ac443b5f263', 11649, current_setting('importacao.cliente_id')::uuid, 19, '97f12885-87ad-426a-8bbb-656889d82e10', 'concluida', 'normal', 7350.0, 7350.0, 0.0, '2026-06-21T14:00:00+00', '2026-06-21T14:00:00+00', '97f12885-87ad-426a-8bbb-656889d82e10');
UPDATE aparelhos SET venda_id = 'b954b242-ed9d-45b8-a739-7ac443b5f263' WHERE id = 'e59b3d55-9bb1-4b4d-8597-e1f18cb8d5c6';
INSERT INTO pagamentos_venda (id, venda_id, tipo_pagamento, valor, data_pagamento, criado_por, parcelas, criado_em) VALUES ('cf024bd9-ae51-46d9-9549-25b3da1cc91e', 'b954b242-ed9d-45b8-a739-7ac443b5f263', 'pix', 7350.0, '2026-06-21', '97f12885-87ad-426a-8bbb-656889d82e10', 1, '2026-06-21T14:00:00+00');
INSERT INTO brindes_aparelhos (id, loja_id, venda_id, descricao, valor_custo, data_ocorrencia, criado_por, criado_em) VALUES ('f00352aa-afeb-4954-a676-5ac44faa19eb', 19, 'b954b242-ed9d-45b8-a739-7ac443b5f263', 'Brinde', 20.0, '2026-06-21', '97f12885-87ad-426a-8bbb-656889d82e10', '2026-06-21T14:00:00+00');

-- === Linha 181: IPHONE 13 PRO MAX 128GB GRAFITE SEMINOVO (21/06/2026) ===
INSERT INTO aparelhos (id, marca, modelo, imei, valor_venda, valor_compra, loja_id, estado, condicao, status, data_venda, data_entrada, criado_por, criado_em, atualizado_em, observacoes) VALUES ('d6749454-b790-44d9-a856-bcf33ec946ef', 'Apple', 'IPHONE 13 PRO MAX 128GB GRAFITE SEMINOVO', '351596246648317', 2700.0, 2550.0, 19, 'seminovo', 'bom', 'vendido', '2026-06-21T14:00:00+00', '2026-06-21T14:00:00+00', '97f12885-87ad-426a-8bbb-656889d82e10', '2026-06-21T14:00:00+00', '2026-06-21T14:00:00+00', NULL);
INSERT INTO vendas (id, numero_venda, cliente_id, loja_id, vendedor_id, status, tipo, valor_total, valor_pago, saldo_devedor, criado_em, finalizado_em, finalizado_por) VALUES ('90e3afda-fd58-4a5e-922f-b5b50ae27e7e', 11650, current_setting('importacao.cliente_id')::uuid, 19, '97f12885-87ad-426a-8bbb-656889d82e10', 'concluida', 'normal', 2700.0, 2700.0, 0.0, '2026-06-21T14:00:00+00', '2026-06-21T14:00:00+00', '97f12885-87ad-426a-8bbb-656889d82e10');
UPDATE aparelhos SET venda_id = '90e3afda-fd58-4a5e-922f-b5b50ae27e7e' WHERE id = 'd6749454-b790-44d9-a856-bcf33ec946ef';
INSERT INTO pagamentos_venda (id, venda_id, tipo_pagamento, valor, data_pagamento, criado_por, parcelas, criado_em) VALUES ('b25f8980-3b43-4f98-8452-2612fd51fea4', '90e3afda-fd58-4a5e-922f-b5b50ae27e7e', 'cartao_credito', 2700.0, '2026-06-21', '97f12885-87ad-426a-8bbb-656889d82e10', 1, '2026-06-21T14:00:00+00');
INSERT INTO brindes_aparelhos (id, loja_id, venda_id, descricao, valor_custo, data_ocorrencia, criado_por, criado_em) VALUES ('a9a9053e-d8d2-4f4e-be91-999cb656cc9f', 19, '90e3afda-fd58-4a5e-922f-b5b50ae27e7e', 'Brinde', 20.0, '2026-06-21', '97f12885-87ad-426a-8bbb-656889d82e10', '2026-06-21T14:00:00+00');

-- === Linha 182: IPHONE 13 128GB ROSA SEMINOVO (21/06/2026) ===
INSERT INTO aparelhos (id, marca, modelo, imei, valor_venda, valor_compra, loja_id, estado, condicao, status, data_venda, data_entrada, criado_por, criado_em, atualizado_em, observacoes) VALUES ('335bcab5-857f-4421-a525-83caff2acaeb', 'Apple', 'IPHONE 13 128GB ROSA SEMINOVO', '355611223279998', 1850.0, 1700.0, 19, 'seminovo', 'bom', 'vendido', '2026-06-21T14:00:00+00', '2026-06-21T14:00:00+00', '97f12885-87ad-426a-8bbb-656889d82e10', '2026-06-21T14:00:00+00', '2026-06-21T14:00:00+00', NULL);
INSERT INTO vendas (id, numero_venda, cliente_id, loja_id, vendedor_id, status, tipo, valor_total, valor_pago, saldo_devedor, criado_em, finalizado_em, finalizado_por) VALUES ('96c4dcc7-7216-41d4-865b-50b5d7554eca', 11651, current_setting('importacao.cliente_id')::uuid, 19, '97f12885-87ad-426a-8bbb-656889d82e10', 'concluida', 'normal', 1850.0, 1850.0, 0.0, '2026-06-21T14:00:00+00', '2026-06-21T14:00:00+00', '97f12885-87ad-426a-8bbb-656889d82e10');
UPDATE aparelhos SET venda_id = '96c4dcc7-7216-41d4-865b-50b5d7554eca' WHERE id = '335bcab5-857f-4421-a525-83caff2acaeb';
INSERT INTO pagamentos_venda (id, venda_id, tipo_pagamento, valor, data_pagamento, criado_por, parcelas, criado_em) VALUES ('dd18603c-6f41-4e9d-b106-ed25b46b0699', '96c4dcc7-7216-41d4-865b-50b5d7554eca', 'dinheiro', 650.0, '2026-06-21', '97f12885-87ad-426a-8bbb-656889d82e10', 1, '2026-06-21T14:00:00+00');
INSERT INTO pagamentos_venda (id, venda_id, tipo_pagamento, valor, data_pagamento, criado_por, observacao, parcelas, criado_em) VALUES ('f7b379a5-02d9-4461-b2d9-3a5ba2235cc4', '96c4dcc7-7216-41d4-865b-50b5d7554eca', 'troca_aparelho', 1200.0, '2026-06-21', '97f12885-87ad-426a-8bbb-656889d82e10', 'Troca: IPH 14 128GB PRETO', 1, '2026-06-21T14:00:00+00');

-- === Linha 183: IPHONE 11 128GB LILAS SEMINOVO (21/06/2026) ===
INSERT INTO aparelhos (id, marca, modelo, imei, valor_venda, valor_compra, loja_id, estado, condicao, status, data_venda, data_entrada, criado_por, criado_em, atualizado_em, observacoes) VALUES ('dbbabb29-2384-4be9-a566-2d5e8583b9ce', 'Apple', 'IPHONE 11 128GB LILAS SEMINOVO', NULL, 800.0, 700.0, 1, 'seminovo', 'bom', 'vendido', '2026-06-21T14:00:00+00', '2026-06-21T14:00:00+00', '85e3aa42-b9af-49b8-a72a-64e9c337aa53', '2026-06-21T14:00:00+00', '2026-06-21T14:00:00+00', 'Sem IMEI');
INSERT INTO vendas (id, numero_venda, cliente_id, loja_id, vendedor_id, status, tipo, valor_total, valor_pago, saldo_devedor, criado_em, finalizado_em, finalizado_por) VALUES ('57094e0a-a1f1-467a-8b5f-74e8bf96d6e7', 11652, current_setting('importacao.cliente_id')::uuid, 1, '85e3aa42-b9af-49b8-a72a-64e9c337aa53', 'concluida', 'normal', 800.0, 800.0, 0.0, '2026-06-21T14:00:00+00', '2026-06-21T14:00:00+00', '85e3aa42-b9af-49b8-a72a-64e9c337aa53');
UPDATE aparelhos SET venda_id = '57094e0a-a1f1-467a-8b5f-74e8bf96d6e7' WHERE id = 'dbbabb29-2384-4be9-a566-2d5e8583b9ce';
INSERT INTO pagamentos_venda (id, venda_id, tipo_pagamento, valor, data_pagamento, criado_por, parcelas, criado_em) VALUES ('422b6cb2-c38a-4570-9f98-fc87f58e092d', '57094e0a-a1f1-467a-8b5f-74e8bf96d6e7', 'pix', 800.0, '2026-06-21', '85e3aa42-b9af-49b8-a72a-64e9c337aa53', 1, '2026-06-21T14:00:00+00');

-- === Linha 184: IPHONE 17 PRO MAX 256GB BRANCO SEMINOVO (21/06/2026) ===
INSERT INTO aparelhos (id, marca, modelo, imei, valor_venda, valor_compra, loja_id, estado, condicao, status, data_venda, data_entrada, criado_por, criado_em, atualizado_em, observacoes) VALUES ('0316066d-d608-4746-8cb6-36d76fdaa24e', 'Apple', 'IPHONE 17 PRO MAX 256GB BRANCO SEMINOVO', '35088986579925', 7225.0, 6600.0, 1, 'seminovo', 'bom', 'vendido', '2026-06-21T14:00:00+00', '2026-06-21T14:00:00+00', '85e3aa42-b9af-49b8-a72a-64e9c337aa53', '2026-06-21T14:00:00+00', '2026-06-21T14:00:00+00', 'pgto forcado pix (diff nao extraida)');
INSERT INTO vendas (id, numero_venda, cliente_id, loja_id, vendedor_id, status, tipo, valor_total, valor_pago, saldo_devedor, criado_em, finalizado_em, finalizado_por) VALUES ('cc67c4ce-fc87-4595-9406-6ace30581815', 11653, current_setting('importacao.cliente_id')::uuid, 1, '85e3aa42-b9af-49b8-a72a-64e9c337aa53', 'concluida', 'normal', 7225.0, 7225.0, 0.0, '2026-06-21T14:00:00+00', '2026-06-21T14:00:00+00', '85e3aa42-b9af-49b8-a72a-64e9c337aa53');
UPDATE aparelhos SET venda_id = 'cc67c4ce-fc87-4595-9406-6ace30581815' WHERE id = '0316066d-d608-4746-8cb6-36d76fdaa24e';
INSERT INTO pagamentos_venda (id, venda_id, tipo_pagamento, valor, data_pagamento, criado_por, parcelas, criado_em) VALUES ('83df7aa6-e0f4-4dc8-8908-6b7a8a031971', 'cc67c4ce-fc87-4595-9406-6ace30581815', 'pix', 7225.0, '2026-06-21', '85e3aa42-b9af-49b8-a72a-64e9c337aa53', 1, '2026-06-21T14:00:00+00');
INSERT INTO brindes_aparelhos (id, loja_id, venda_id, descricao, valor_custo, data_ocorrencia, criado_por, criado_em) VALUES ('7642adc0-612d-4168-8a1a-c5a0b233ee99', 1, 'cc67c4ce-fc87-4595-9406-6ace30581815', 'Brinde', 145.0, '2026-06-21', '85e3aa42-b9af-49b8-a72a-64e9c337aa53', '2026-06-21T14:00:00+00');

-- === Linha 185: IPHONE 17 256GB BRANCO NOVO (21/06/2026) ===
INSERT INTO aparelhos (id, marca, modelo, imei, valor_venda, valor_compra, loja_id, estado, condicao, status, data_venda, data_entrada, criado_por, criado_em, atualizado_em, observacoes) VALUES ('76fe8937-6968-4b0f-9edf-d5231ad8758b', 'Apple', 'IPHONE 17 256GB BRANCO NOVO', NULL, 5412.0, 4950.0, 1, 'novo', 'perfeito', 'vendido', '2026-06-21T14:00:00+00', '2026-06-21T14:00:00+00', '85e3aa42-b9af-49b8-a72a-64e9c337aa53', '2026-06-21T14:00:00+00', '2026-06-21T14:00:00+00', 'Sem IMEI');
INSERT INTO vendas (id, numero_venda, cliente_id, loja_id, vendedor_id, status, tipo, valor_total, valor_pago, saldo_devedor, criado_em, finalizado_em, finalizado_por) VALUES ('f95df6f3-1e21-4cba-92c8-29f48988acef', 11654, current_setting('importacao.cliente_id')::uuid, 1, '85e3aa42-b9af-49b8-a72a-64e9c337aa53', 'concluida', 'normal', 5412.0, 5412.0, 0.0, '2026-06-21T14:00:00+00', '2026-06-21T14:00:00+00', '85e3aa42-b9af-49b8-a72a-64e9c337aa53');
UPDATE aparelhos SET venda_id = 'f95df6f3-1e21-4cba-92c8-29f48988acef' WHERE id = '76fe8937-6968-4b0f-9edf-d5231ad8758b';
INSERT INTO pagamentos_venda (id, venda_id, tipo_pagamento, valor, data_pagamento, criado_por, parcelas, criado_em) VALUES ('480f236c-0a52-4715-b8f4-5a8e4cbde247', 'f95df6f3-1e21-4cba-92c8-29f48988acef', 'pix', 5412.0, '2026-06-21', '85e3aa42-b9af-49b8-a72a-64e9c337aa53', 1, '2026-06-21T14:00:00+00');
INSERT INTO brindes_aparelhos (id, loja_id, venda_id, descricao, valor_custo, data_ocorrencia, criado_por, criado_em) VALUES ('7766c3ad-e3da-428f-b99a-eefe82427fc6', 1, 'f95df6f3-1e21-4cba-92c8-29f48988acef', 'Brinde', 15.0, '2026-06-21', '85e3aa42-b9af-49b8-a72a-64e9c337aa53', '2026-06-21T14:00:00+00');

-- === Linha 186: REDMI NOTE 15 PRO 5G PRETO 512GB NOVO (21/06/2026) ===
INSERT INTO aparelhos (id, marca, modelo, imei, valor_venda, valor_compra, loja_id, estado, condicao, status, data_venda, data_entrada, criado_por, criado_em, atualizado_em, observacoes) VALUES ('0fafbb16-0d8e-4749-afa4-df44b2453242', 'Xiaomi', 'REDMI NOTE 15 PRO 5G PRETO 512GB NOVO', NULL, 1910.0, 1870.0, 1, 'novo', 'perfeito', 'vendido', '2026-06-21T14:00:00+00', '2026-06-21T14:00:00+00', '85e3aa42-b9af-49b8-a72a-64e9c337aa53', '2026-06-21T14:00:00+00', '2026-06-21T14:00:00+00', 'Sem IMEI');
INSERT INTO vendas (id, numero_venda, cliente_id, loja_id, vendedor_id, status, tipo, valor_total, valor_pago, saldo_devedor, criado_em, finalizado_em, finalizado_por) VALUES ('3232d2a3-0132-490b-b679-7d5a0f0d6610', 11655, current_setting('importacao.cliente_id')::uuid, 1, '85e3aa42-b9af-49b8-a72a-64e9c337aa53', 'concluida', 'normal', 1910.0, 1910.0, 0.0, '2026-06-21T14:00:00+00', '2026-06-21T14:00:00+00', '85e3aa42-b9af-49b8-a72a-64e9c337aa53');
UPDATE aparelhos SET venda_id = '3232d2a3-0132-490b-b679-7d5a0f0d6610' WHERE id = '0fafbb16-0d8e-4749-afa4-df44b2453242';
INSERT INTO pagamentos_venda (id, venda_id, tipo_pagamento, valor, data_pagamento, criado_por, parcelas, criado_em) VALUES ('f3638c8f-ea9f-446a-8810-9453d63d7dd5', '3232d2a3-0132-490b-b679-7d5a0f0d6610', 'pix', 1910.0, '2026-06-21', '85e3aa42-b9af-49b8-a72a-64e9c337aa53', 1, '2026-06-21T14:00:00+00');

-- === Linha 187: IPHONE 17 PRO MAX 256GB BRANCO NOVO (21/06/2026) ===
INSERT INTO aparelhos (id, marca, modelo, imei, valor_venda, valor_compra, loja_id, estado, condicao, status, data_venda, data_entrada, criado_por, criado_em, atualizado_em, observacoes) VALUES ('90920f34-d1b6-42db-b365-4da1c4d9ed90', 'Apple', 'IPHONE 17 PRO MAX 256GB BRANCO NOVO', '359652123329802', 7650.0, 7250.0, 1, 'novo', 'perfeito', 'vendido', '2026-06-21T14:00:00+00', '2026-06-21T14:00:00+00', '85e3aa42-b9af-49b8-a72a-64e9c337aa53', '2026-06-21T14:00:00+00', '2026-06-21T14:00:00+00', NULL);
INSERT INTO vendas (id, numero_venda, cliente_id, loja_id, vendedor_id, status, tipo, valor_total, valor_pago, saldo_devedor, criado_em, finalizado_em, finalizado_por) VALUES ('576a873b-84b4-4fad-aa58-c075ab05fbef', 11656, current_setting('importacao.cliente_id')::uuid, 1, '85e3aa42-b9af-49b8-a72a-64e9c337aa53', 'concluida', 'normal', 7650.0, 7650.0, 0.0, '2026-06-21T14:00:00+00', '2026-06-21T14:00:00+00', '85e3aa42-b9af-49b8-a72a-64e9c337aa53');
UPDATE aparelhos SET venda_id = '576a873b-84b4-4fad-aa58-c075ab05fbef' WHERE id = '90920f34-d1b6-42db-b365-4da1c4d9ed90';
INSERT INTO pagamentos_venda (id, venda_id, tipo_pagamento, valor, data_pagamento, criado_por, parcelas, criado_em) VALUES ('60c8b129-b5b1-46ec-8af9-969a839df746', '576a873b-84b4-4fad-aa58-c075ab05fbef', 'pix', 5450.0, '2026-06-21', '85e3aa42-b9af-49b8-a72a-64e9c337aa53', 1, '2026-06-21T14:00:00+00');
INSERT INTO pagamentos_venda (id, venda_id, tipo_pagamento, valor, data_pagamento, criado_por, observacao, parcelas, criado_em) VALUES ('68cffc8f-cac4-444b-ad33-704f905cead3', '576a873b-84b4-4fad-aa58-c075ab05fbef', 'troca_aparelho', 2200.0, '2026-06-21', '85e3aa42-b9af-49b8-a72a-64e9c337aa53', 'Troca: IPH 14 PLUS 128GB LILAS', 1, '2026-06-21T14:00:00+00');
INSERT INTO brindes_aparelhos (id, loja_id, venda_id, descricao, valor_custo, data_ocorrencia, criado_por, criado_em) VALUES ('09f97e59-aca1-4741-944a-a9416ea6eb29', 1, '576a873b-84b4-4fad-aa58-c075ab05fbef', 'Brinde', 25.0, '2026-06-21', '85e3aa42-b9af-49b8-a72a-64e9c337aa53', '2026-06-21T14:00:00+00');

-- === Linha 188: IPHONE 17 PRO MAX 1TB BRANCO NOVO (21/06/2026) ===
INSERT INTO aparelhos (id, marca, modelo, imei, valor_venda, valor_compra, loja_id, estado, condicao, status, data_venda, data_entrada, criado_por, criado_em, atualizado_em, observacoes) VALUES ('548984b3-7f8d-4afe-ab10-73194c9f376e', 'Apple', 'IPHONE 17 PRO MAX 1TB BRANCO NOVO', NULL, 10400.0, 10100.0, 1, 'novo', 'perfeito', 'vendido', '2026-06-21T14:00:00+00', '2026-06-21T14:00:00+00', '85e3aa42-b9af-49b8-a72a-64e9c337aa53', '2026-06-21T14:00:00+00', '2026-06-21T14:00:00+00', 'Sem IMEI');
INSERT INTO vendas (id, numero_venda, cliente_id, loja_id, vendedor_id, status, tipo, valor_total, valor_pago, saldo_devedor, criado_em, finalizado_em, finalizado_por) VALUES ('053cc5a5-ee69-43c0-a55c-696ce13e9578', 11657, current_setting('importacao.cliente_id')::uuid, 1, '85e3aa42-b9af-49b8-a72a-64e9c337aa53', 'concluida', 'normal', 10400.0, 10400.0, 0.0, '2026-06-21T14:00:00+00', '2026-06-21T14:00:00+00', '85e3aa42-b9af-49b8-a72a-64e9c337aa53');
UPDATE aparelhos SET venda_id = '053cc5a5-ee69-43c0-a55c-696ce13e9578' WHERE id = '548984b3-7f8d-4afe-ab10-73194c9f376e';
INSERT INTO pagamentos_venda (id, venda_id, tipo_pagamento, valor, data_pagamento, criado_por, parcelas, criado_em) VALUES ('fd3fc586-363d-4713-bbe2-c950399a8fd2', '053cc5a5-ee69-43c0-a55c-696ce13e9578', 'pix', 5200.0, '2026-06-21', '85e3aa42-b9af-49b8-a72a-64e9c337aa53', 1, '2026-06-21T14:00:00+00');
INSERT INTO pagamentos_venda (id, venda_id, tipo_pagamento, valor, data_pagamento, criado_por, observacao, parcelas, criado_em) VALUES ('b1cdaa25-6967-4070-9f8d-23926e053a6f', '053cc5a5-ee69-43c0-a55c-696ce13e9578', 'troca_aparelho', 5200.0, '2026-06-21', '85e3aa42-b9af-49b8-a72a-64e9c337aa53', 'Troca: IPH 16 PRO MAX', 1, '2026-06-21T14:00:00+00');
INSERT INTO brindes_aparelhos (id, loja_id, venda_id, descricao, valor_custo, data_ocorrencia, criado_por, criado_em) VALUES ('a6c68ff9-c45b-4d08-a72a-251e118f23d5', 1, '053cc5a5-ee69-43c0-a55c-696ce13e9578', 'Brinde', 25.0, '2026-06-21', '85e3aa42-b9af-49b8-a72a-64e9c337aa53', '2026-06-21T14:00:00+00');

-- === Linha 189: IPHONE 15 PRO MAX 256GB BRANCO SEMINOVO (21/06/2026) ===
INSERT INTO aparelhos (id, marca, modelo, imei, valor_venda, valor_compra, loja_id, estado, condicao, status, data_venda, data_entrada, criado_por, criado_em, atualizado_em, observacoes) VALUES ('dcdcdb33-d2a5-47e5-84dc-34e8bf66b67c', 'Apple', 'IPHONE 15 PRO MAX 256GB BRANCO SEMINOVO', NULL, 4100.0, 3800.0, 1, 'seminovo', 'bom', 'vendido', '2026-06-21T14:00:00+00', '2026-06-21T14:00:00+00', '85e3aa42-b9af-49b8-a72a-64e9c337aa53', '2026-06-21T14:00:00+00', '2026-06-21T14:00:00+00', 'Pagto junto (Aparelho 1/2, total grupo R$ 7,266); Sem IMEI');
INSERT INTO vendas (id, numero_venda, cliente_id, loja_id, vendedor_id, status, tipo, valor_total, valor_pago, saldo_devedor, criado_em, finalizado_em, finalizado_por) VALUES ('96deed37-3ab7-4b42-a60d-f870e8948cb9', 11658, current_setting('importacao.cliente_id')::uuid, 1, '85e3aa42-b9af-49b8-a72a-64e9c337aa53', 'concluida', 'normal', 4100.0, 4100.0, 0.0, '2026-06-21T14:00:00+00', '2026-06-21T14:00:00+00', '85e3aa42-b9af-49b8-a72a-64e9c337aa53');
UPDATE aparelhos SET venda_id = '96deed37-3ab7-4b42-a60d-f870e8948cb9' WHERE id = 'dcdcdb33-d2a5-47e5-84dc-34e8bf66b67c';
INSERT INTO pagamentos_venda (id, venda_id, tipo_pagamento, valor, data_pagamento, criado_por, parcelas, criado_em) VALUES ('23466463-af0b-4f63-a959-8da07ab1de8c', '96deed37-3ab7-4b42-a60d-f870e8948cb9', 'pix', 2350.0, '2026-06-21', '85e3aa42-b9af-49b8-a72a-64e9c337aa53', 1, '2026-06-21T14:00:00+00');
INSERT INTO pagamentos_venda (id, venda_id, tipo_pagamento, valor, data_pagamento, criado_por, observacao, parcelas, criado_em) VALUES ('492638fd-9403-431c-a6cc-cf6e2e8cd2c0', '96deed37-3ab7-4b42-a60d-f870e8948cb9', 'troca_aparelho', 1750.0, '2026-06-21', '85e3aa42-b9af-49b8-a72a-64e9c337aa53', 'Troca: IPH 14 128GB PRETA', 1, '2026-06-21T14:00:00+00');
INSERT INTO brindes_aparelhos (id, loja_id, venda_id, descricao, valor_custo, data_ocorrencia, criado_por, criado_em) VALUES ('96a0cb26-f9bc-475d-aa68-788a733b25fb', 1, '96deed37-3ab7-4b42-a60d-f870e8948cb9', 'Brinde', 65.0, '2026-06-21', '85e3aa42-b9af-49b8-a72a-64e9c337aa53', '2026-06-21T14:00:00+00');

-- === Linha 190: IPHONE 14 PRO MAX PRETO SEMINOVO (21/06/2026) ===
INSERT INTO aparelhos (id, marca, modelo, imei, valor_venda, valor_compra, loja_id, estado, condicao, status, data_venda, data_entrada, criado_por, criado_em, atualizado_em, observacoes) VALUES ('07ec2129-462c-4afb-9ac6-074de8b9cf95', 'Apple', 'IPHONE 14 PRO MAX PRETO SEMINOVO', NULL, 3166.0, 3075.0, 1, 'seminovo', 'bom', 'vendido', '2026-06-21T14:00:00+00', '2026-06-21T14:00:00+00', '85e3aa42-b9af-49b8-a72a-64e9c337aa53', '2026-06-21T14:00:00+00', '2026-06-21T14:00:00+00', 'Pagto junto (Aparelho 2/2, total grupo R$ 7,266); Sem IMEI');
INSERT INTO vendas (id, numero_venda, cliente_id, loja_id, vendedor_id, status, tipo, valor_total, valor_pago, saldo_devedor, criado_em, finalizado_em, finalizado_por) VALUES ('4adab0fd-6059-4a06-8823-eb0c77a4ad96', 11659, current_setting('importacao.cliente_id')::uuid, 1, '85e3aa42-b9af-49b8-a72a-64e9c337aa53', 'concluida', 'normal', 3166.0, 3166.0, 0.0, '2026-06-21T14:00:00+00', '2026-06-21T14:00:00+00', '85e3aa42-b9af-49b8-a72a-64e9c337aa53');
UPDATE aparelhos SET venda_id = '4adab0fd-6059-4a06-8823-eb0c77a4ad96' WHERE id = '07ec2129-462c-4afb-9ac6-074de8b9cf95';
INSERT INTO pagamentos_venda (id, venda_id, tipo_pagamento, valor, data_pagamento, criado_por, parcelas, criado_em) VALUES ('bdb4bacd-2d70-4ebd-97fc-d286cecd2166', '4adab0fd-6059-4a06-8823-eb0c77a4ad96', 'pix', 3166.0, '2026-06-21', '85e3aa42-b9af-49b8-a72a-64e9c337aa53', 1, '2026-06-21T14:00:00+00');
INSERT INTO brindes_aparelhos (id, loja_id, venda_id, descricao, valor_custo, data_ocorrencia, criado_por, criado_em) VALUES ('a7749de5-212c-4831-a517-04f6ef4e1d63', 1, '4adab0fd-6059-4a06-8823-eb0c77a4ad96', 'Brinde', 15.0, '2026-06-21', '85e3aa42-b9af-49b8-a72a-64e9c337aa53', '2026-06-21T14:00:00+00');

-- === Linha 191: IPHONE 17 PRO MAX 256GB SILVER SEMINOVO (21/06/2026) ===
INSERT INTO aparelhos (id, marca, modelo, imei, valor_venda, valor_compra, loja_id, estado, condicao, status, data_venda, data_entrada, criado_por, criado_em, atualizado_em, observacoes) VALUES ('30fb6308-8c4e-4ef3-ad39-835cd535a677', 'Apple', 'IPHONE 17 PRO MAX 256GB SILVER SEMINOVO', '358206130759880', 6850.0, 6600.0, 19, 'seminovo', 'bom', 'vendido', '2026-06-21T14:00:00+00', '2026-06-21T14:00:00+00', '85743f3e-1b32-49c0-9d9e-c16afd690f7d', '2026-06-21T14:00:00+00', '2026-06-21T14:00:00+00', 'pgto forcado pix (diff nao extraida)');
INSERT INTO vendas (id, numero_venda, cliente_id, loja_id, vendedor_id, status, tipo, valor_total, valor_pago, saldo_devedor, criado_em, finalizado_em, finalizado_por) VALUES ('fa352e2b-5684-4291-8787-56a7d2e513ce', 11660, current_setting('importacao.cliente_id')::uuid, 19, '85743f3e-1b32-49c0-9d9e-c16afd690f7d', 'concluida', 'normal', 6850.0, 6850.0, 0.0, '2026-06-21T14:00:00+00', '2026-06-21T14:00:00+00', '85743f3e-1b32-49c0-9d9e-c16afd690f7d');
UPDATE aparelhos SET venda_id = 'fa352e2b-5684-4291-8787-56a7d2e513ce' WHERE id = '30fb6308-8c4e-4ef3-ad39-835cd535a677';
INSERT INTO pagamentos_venda (id, venda_id, tipo_pagamento, valor, data_pagamento, criado_por, parcelas, criado_em) VALUES ('c0a56fea-7ab8-4d40-bb9c-d93f119b205c', 'fa352e2b-5684-4291-8787-56a7d2e513ce', 'pix', 6850.0, '2026-06-21', '85743f3e-1b32-49c0-9d9e-c16afd690f7d', 1, '2026-06-21T14:00:00+00');

-- === Linha 192: IPHONE 17 PRO MAX 256GB AZUL NOVO (21/06/2026) ===
INSERT INTO aparelhos (id, marca, modelo, imei, valor_venda, valor_compra, loja_id, estado, condicao, status, data_venda, data_entrada, criado_por, criado_em, atualizado_em, observacoes) VALUES ('f0ddaecd-298a-4bcb-9784-286e28eaf120', 'Apple', 'IPHONE 17 PRO MAX 256GB AZUL NOVO', 'MFXJ4LL/A', 7300.0, 7000.0, 20, 'novo', 'perfeito', 'vendido', '2026-06-21T14:00:00+00', '2026-06-21T14:00:00+00', '25e2da5b-9e76-4388-9890-7e22efd6940d', '2026-06-21T14:00:00+00', '2026-06-21T14:00:00+00', NULL);
INSERT INTO vendas (id, numero_venda, cliente_id, loja_id, vendedor_id, status, tipo, valor_total, valor_pago, saldo_devedor, criado_em, finalizado_em, finalizado_por) VALUES ('a52b7f8a-e04d-4d51-b76c-370a31760f7f', 11661, current_setting('importacao.cliente_id')::uuid, 20, '25e2da5b-9e76-4388-9890-7e22efd6940d', 'concluida', 'normal', 7300.0, 7300.0, 0.0, '2026-06-21T14:00:00+00', '2026-06-21T14:00:00+00', '25e2da5b-9e76-4388-9890-7e22efd6940d');
UPDATE aparelhos SET venda_id = 'a52b7f8a-e04d-4d51-b76c-370a31760f7f' WHERE id = 'f0ddaecd-298a-4bcb-9784-286e28eaf120';
INSERT INTO pagamentos_venda (id, venda_id, tipo_pagamento, valor, data_pagamento, criado_por, parcelas, criado_em) VALUES ('b8145d9e-3586-4ba2-a637-ab7e1904b25f', 'a52b7f8a-e04d-4d51-b76c-370a31760f7f', 'pix', 5700.0, '2026-06-21', '25e2da5b-9e76-4388-9890-7e22efd6940d', 1, '2026-06-21T14:00:00+00');
INSERT INTO pagamentos_venda (id, venda_id, tipo_pagamento, valor, data_pagamento, criado_por, observacao, parcelas, criado_em) VALUES ('ac243f45-4067-4a39-9470-fa9967870c25', 'a52b7f8a-e04d-4d51-b76c-370a31760f7f', 'troca_aparelho', 1600.0, '2026-06-21', '25e2da5b-9e76-4388-9890-7e22efd6940d', 'Troca: ENTRANDO 13 128GB VERDE A', 1, '2026-06-21T14:00:00+00');
INSERT INTO brindes_aparelhos (id, loja_id, venda_id, descricao, valor_custo, data_ocorrencia, criado_por, criado_em) VALUES ('c39ebc1c-33ee-4bd1-b6af-a827897e058e', 20, 'a52b7f8a-e04d-4d51-b76c-370a31760f7f', 'Brinde', 20.0, '2026-06-21', '25e2da5b-9e76-4388-9890-7e22efd6940d', '2026-06-21T14:00:00+00');

-- PULADO (IMEI ja existe): linha 193 - IPHONE 17 PRO MAX 256GB AZUL NOVO [357247257710968]
-- PULADO (IMEI ja existe): linha 194 - FONTE APPLE ORIGINAL BRANCO [C4H6123284GQ8YQAZ]
-- PULADO (IMEI ja existe): linha 195 - IPHONE 17 PRO MAX 256GB LARANJA NOVO [355101477277286]
-- === Linha 196: IPHONE 17 PRO MAX 256GB LARANJA NOVO (23/06/2026) ===
INSERT INTO aparelhos (id, marca, modelo, imei, valor_venda, valor_compra, loja_id, estado, condicao, status, data_venda, data_entrada, criado_por, criado_em, atualizado_em, observacoes) VALUES ('cf69597d-15a9-4eef-a96e-e7d0744ca128', 'Apple', 'IPHONE 17 PRO MAX 256GB LARANJA NOVO', '359652126214217', 7345.0, 6900.0, 4, 'novo', 'perfeito', 'vendido', '2026-06-23T14:00:00+00', '2026-06-23T14:00:00+00', 'a3626643-4749-4e56-83bc-b4a8ffd53659', '2026-06-23T14:00:00+00', '2026-06-23T14:00:00+00', NULL);
INSERT INTO vendas (id, numero_venda, cliente_id, loja_id, vendedor_id, status, tipo, valor_total, valor_pago, saldo_devedor, criado_em, finalizado_em, finalizado_por) VALUES ('33b141ac-f0d5-450d-9599-0eeaea8ee5b4', 11662, current_setting('importacao.cliente_id')::uuid, 4, 'a3626643-4749-4e56-83bc-b4a8ffd53659', 'concluida', 'normal', 7345.0, 7345.0, 0.0, '2026-06-23T14:00:00+00', '2026-06-23T14:00:00+00', 'a3626643-4749-4e56-83bc-b4a8ffd53659');
UPDATE aparelhos SET venda_id = '33b141ac-f0d5-450d-9599-0eeaea8ee5b4' WHERE id = 'cf69597d-15a9-4eef-a96e-e7d0744ca128';
INSERT INTO pagamentos_venda (id, venda_id, tipo_pagamento, valor, data_pagamento, criado_por, parcelas, criado_em) VALUES ('21091917-bee8-48b9-ad08-bc32f2da0fbc', '33b141ac-f0d5-450d-9599-0eeaea8ee5b4', 'cartao_credito', 2545.0, '2026-06-23', 'a3626643-4749-4e56-83bc-b4a8ffd53659', 1, '2026-06-23T14:00:00+00');
INSERT INTO pagamentos_venda (id, venda_id, tipo_pagamento, valor, data_pagamento, criado_por, observacao, parcelas, criado_em) VALUES ('449f3e84-7517-4343-9967-68236a1c0c24', '33b141ac-f0d5-450d-9599-0eeaea8ee5b4', 'troca_aparelho', 4800.0, '2026-06-23', 'a3626643-4749-4e56-83bc-b4a8ffd53659', 'Troca: ENTROU UM 16 PRO MAX 256 SEMINOVO POR', 1, '2026-06-23T14:00:00+00');
INSERT INTO brindes_aparelhos (id, loja_id, venda_id, descricao, valor_custo, data_ocorrencia, criado_por, criado_em) VALUES ('87cc1327-7d2a-4e06-b4cb-0aa625460e9c', 4, '33b141ac-f0d5-450d-9599-0eeaea8ee5b4', 'Brinde', 45.0, '2026-06-23', 'a3626643-4749-4e56-83bc-b4a8ffd53659', '2026-06-23T14:00:00+00');

-- === Linha 197: IPHONE 17 PRO MAX 256GB SILVER LACRADO (23/06/2026) ===
INSERT INTO aparelhos (id, marca, modelo, imei, valor_venda, valor_compra, loja_id, estado, condicao, status, data_venda, data_entrada, criado_por, criado_em, atualizado_em, observacoes) VALUES ('c710e039-b7ce-4aa1-ba91-1c44825f1d70', 'Apple', 'IPHONE 17 PRO MAX 256GB SILVER LACRADO', '359372359613163', 8372.0, 7250.0, 1, 'novo', 'perfeito', 'vendido', '2026-06-23T14:00:00+00', '2026-06-23T14:00:00+00', '0dd2c938-c6dd-4f5d-aac5-ed045ee5d2fb', '2026-06-23T14:00:00+00', '2026-06-23T14:00:00+00', 'pgto forcado pix (diff nao extraida)');
INSERT INTO vendas (id, numero_venda, cliente_id, loja_id, vendedor_id, status, tipo, valor_total, valor_pago, saldo_devedor, criado_em, finalizado_em, finalizado_por) VALUES ('447a9608-84d7-4cb2-8e0f-4c90882c06d0', 11663, current_setting('importacao.cliente_id')::uuid, 1, '0dd2c938-c6dd-4f5d-aac5-ed045ee5d2fb', 'concluida', 'normal', 8372.0, 8372.0, 0.0, '2026-06-23T14:00:00+00', '2026-06-23T14:00:00+00', '0dd2c938-c6dd-4f5d-aac5-ed045ee5d2fb');
UPDATE aparelhos SET venda_id = '447a9608-84d7-4cb2-8e0f-4c90882c06d0' WHERE id = 'c710e039-b7ce-4aa1-ba91-1c44825f1d70';
INSERT INTO pagamentos_venda (id, venda_id, tipo_pagamento, valor, data_pagamento, criado_por, parcelas, criado_em) VALUES ('edc2a644-1dab-4bbe-8ea9-3fadb15889d3', '447a9608-84d7-4cb2-8e0f-4c90882c06d0', 'pix', 8372.0, '2026-06-23', '0dd2c938-c6dd-4f5d-aac5-ed045ee5d2fb', 1, '2026-06-23T14:00:00+00');
INSERT INTO brindes_aparelhos (id, loja_id, venda_id, descricao, valor_custo, data_ocorrencia, criado_por, criado_em) VALUES ('d785e4d1-fdf3-4783-ab1c-1d62e02ac1c4', 1, '447a9608-84d7-4cb2-8e0f-4c90882c06d0', 'Brinde', 40.0, '2026-06-23', '0dd2c938-c6dd-4f5d-aac5-ed045ee5d2fb', '2026-06-23T14:00:00+00');

-- === Linha 198: IPHONE 16 PRO MAX 1TB NATURAL SEMINOVO (23/06/2026) ===
INSERT INTO aparelhos (id, marca, modelo, imei, valor_venda, valor_compra, loja_id, estado, condicao, status, data_venda, data_entrada, criado_por, criado_em, atualizado_em, observacoes) VALUES ('22d1e84c-b859-41e9-96f7-f9fca9ad1837', 'Apple', 'IPHONE 16 PRO MAX 1TB NATURAL SEMINOVO', '359222380475605', 5566.0, 5200.0, 1, 'seminovo', 'bom', 'vendido', '2026-06-23T14:00:00+00', '2026-06-23T14:00:00+00', '85e3aa42-b9af-49b8-a72a-64e9c337aa53', '2026-06-23T14:00:00+00', '2026-06-23T14:00:00+00', NULL);
INSERT INTO vendas (id, numero_venda, cliente_id, loja_id, vendedor_id, status, tipo, valor_total, valor_pago, saldo_devedor, criado_em, finalizado_em, finalizado_por) VALUES ('c994ca44-c0cd-4454-ba19-7fcd2666f28f', 11664, current_setting('importacao.cliente_id')::uuid, 1, '85e3aa42-b9af-49b8-a72a-64e9c337aa53', 'concluida', 'normal', 5566.0, 5566.0, 0.0, '2026-06-23T14:00:00+00', '2026-06-23T14:00:00+00', '85e3aa42-b9af-49b8-a72a-64e9c337aa53');
UPDATE aparelhos SET venda_id = 'c994ca44-c0cd-4454-ba19-7fcd2666f28f' WHERE id = '22d1e84c-b859-41e9-96f7-f9fca9ad1837';
INSERT INTO pagamentos_venda (id, venda_id, tipo_pagamento, valor, data_pagamento, criado_por, parcelas, criado_em) VALUES ('ab6bf06e-2faa-488f-b4ef-7f8a27f606cb', 'c994ca44-c0cd-4454-ba19-7fcd2666f28f', 'pix', 5566.0, '2026-06-23', '85e3aa42-b9af-49b8-a72a-64e9c337aa53', 1, '2026-06-23T14:00:00+00');

-- PULADO (IMEI ja existe): linha 199 - IPHONE 17 PRO MAX 256GB AZUL SEMINOVO [359285691157691]
-- === Linha 200: IPHONE 17 PRO MAX 256GB BRANCO NOVO (23/06/2026) ===
INSERT INTO aparelhos (id, marca, modelo, imei, valor_venda, valor_compra, loja_id, estado, condicao, status, data_venda, data_entrada, criado_por, criado_em, atualizado_em, observacoes) VALUES ('ff41219a-4a4f-4f61-a556-799d36af03fb', 'Apple', 'IPHONE 17 PRO MAX 256GB BRANCO NOVO', '359372358367985', 7750.0, 7250.0, 1, 'novo', 'perfeito', 'vendido', '2026-06-23T14:00:00+00', '2026-06-23T14:00:00+00', '85e3aa42-b9af-49b8-a72a-64e9c337aa53', '2026-06-23T14:00:00+00', '2026-06-23T14:00:00+00', NULL);
INSERT INTO vendas (id, numero_venda, cliente_id, loja_id, vendedor_id, status, tipo, valor_total, valor_pago, saldo_devedor, criado_em, finalizado_em, finalizado_por) VALUES ('b68e394e-c60c-4ca4-b45f-dbae995b2c7a', 11665, current_setting('importacao.cliente_id')::uuid, 1, '85e3aa42-b9af-49b8-a72a-64e9c337aa53', 'concluida', 'normal', 7750.0, 7750.0, 0.0, '2026-06-23T14:00:00+00', '2026-06-23T14:00:00+00', '85e3aa42-b9af-49b8-a72a-64e9c337aa53');
UPDATE aparelhos SET venda_id = 'b68e394e-c60c-4ca4-b45f-dbae995b2c7a' WHERE id = 'ff41219a-4a4f-4f61-a556-799d36af03fb';
INSERT INTO pagamentos_venda (id, venda_id, tipo_pagamento, valor, data_pagamento, criado_por, parcelas, criado_em) VALUES ('343e3a88-c270-40b9-9aa2-7553b57acdc3', 'b68e394e-c60c-4ca4-b45f-dbae995b2c7a', 'pix', 5100.0, '2026-06-23', '85e3aa42-b9af-49b8-a72a-64e9c337aa53', 1, '2026-06-23T14:00:00+00');
INSERT INTO pagamentos_venda (id, venda_id, tipo_pagamento, valor, data_pagamento, criado_por, observacao, parcelas, criado_em) VALUES ('c6d0d10c-21f9-4138-b6af-f58dd5b46ac4', 'b68e394e-c60c-4ca4-b45f-dbae995b2c7a', 'troca_aparelho', 2650.0, '2026-06-23', '85e3aa42-b9af-49b8-a72a-64e9c337aa53', 'Troca: IPH 15 128GB PRETO', 1, '2026-06-23T14:00:00+00');
INSERT INTO brindes_aparelhos (id, loja_id, venda_id, descricao, valor_custo, data_ocorrencia, criado_por, criado_em) VALUES ('bec56ff6-2862-4b0a-95f2-baa74b3cfc9b', 1, 'b68e394e-c60c-4ca4-b45f-dbae995b2c7a', 'Brinde', 145.0, '2026-06-23', '85e3aa42-b9af-49b8-a72a-64e9c337aa53', '2026-06-23T14:00:00+00');

-- === Linha 201: IPHONE 17 PRO MAX 256GB AZUL SEMINOVO (23/06/2026) ===
INSERT INTO aparelhos (id, marca, modelo, imei, valor_venda, valor_compra, loja_id, estado, condicao, status, data_venda, data_entrada, criado_por, criado_em, atualizado_em, observacoes) VALUES ('202d1781-354c-4d25-a2da-18494d906cb5', 'Apple', 'IPHONE 17 PRO MAX 256GB AZUL SEMINOVO', '35928569296526', 6950.0, 6600.0, 1, 'seminovo', 'bom', 'vendido', '2026-06-23T14:00:00+00', '2026-06-23T14:00:00+00', '85e3aa42-b9af-49b8-a72a-64e9c337aa53', '2026-06-23T14:00:00+00', '2026-06-23T14:00:00+00', 'Pagto junto (Aparelho 1/2, total grupo R$ 14,700)');
INSERT INTO vendas (id, numero_venda, cliente_id, loja_id, vendedor_id, status, tipo, valor_total, valor_pago, saldo_devedor, criado_em, finalizado_em, finalizado_por) VALUES ('f135fab9-0eee-4155-a8e7-68c34d0ab261', 11666, current_setting('importacao.cliente_id')::uuid, 1, '85e3aa42-b9af-49b8-a72a-64e9c337aa53', 'concluida', 'normal', 6950.0, 6950.0, 0.0, '2026-06-23T14:00:00+00', '2026-06-23T14:00:00+00', '85e3aa42-b9af-49b8-a72a-64e9c337aa53');
UPDATE aparelhos SET venda_id = 'f135fab9-0eee-4155-a8e7-68c34d0ab261' WHERE id = '202d1781-354c-4d25-a2da-18494d906cb5';
INSERT INTO pagamentos_venda (id, venda_id, tipo_pagamento, valor, data_pagamento, criado_por, parcelas, criado_em) VALUES ('d2299f6c-a3e8-4a3a-a8c9-8f6ac33ddfca', 'f135fab9-0eee-4155-a8e7-68c34d0ab261', 'pix', 3150.0, '2026-06-23', '85e3aa42-b9af-49b8-a72a-64e9c337aa53', 1, '2026-06-23T14:00:00+00');
INSERT INTO pagamentos_venda (id, venda_id, tipo_pagamento, valor, data_pagamento, criado_por, observacao, parcelas, criado_em) VALUES ('2b80604a-3ae7-4617-810e-5cf63414f0b0', 'f135fab9-0eee-4155-a8e7-68c34d0ab261', 'troca_aparelho', 3800.0, '2026-06-23', '85e3aa42-b9af-49b8-a72a-64e9c337aa53', 'Troca: IPH 14 256GB PRETO; IPH 13 128GB', 1, '2026-06-23T14:00:00+00');
INSERT INTO brindes_aparelhos (id, loja_id, venda_id, descricao, valor_custo, data_ocorrencia, criado_por, criado_em) VALUES ('be96ba2f-f2fe-4f55-8be7-479ac1eb0c87', 1, 'f135fab9-0eee-4155-a8e7-68c34d0ab261', 'Brinde', 10.0, '2026-06-23', '85e3aa42-b9af-49b8-a72a-64e9c337aa53', '2026-06-23T14:00:00+00');

-- PULADO (IMEI ja existe): linha 202 - IPHONE 17 PRO MAX BRANCO NOVO [353763617375619]
-- === Linha 203: APPLE WATCH S11 46 MM SPACE GRAY NOVO (23/06/2026) ===
INSERT INTO aparelhos (id, marca, modelo, imei, valor_venda, valor_compra, loja_id, estado, condicao, status, data_venda, data_entrada, criado_por, criado_em, atualizado_em, observacoes) VALUES ('9b3a7f17-b95b-4347-a037-2713106fa4f1', 'Apple', 'APPLE WATCH S11 46 MM SPACE GRAY NOVO', 'mwyy9c3fq5', 2450.0, 2750.0, 20, 'novo', 'perfeito', 'vendido', '2026-06-23T14:00:00+00', '2026-06-23T14:00:00+00', '25e2da5b-9e76-4388-9890-7e22efd6940d', '2026-06-23T14:00:00+00', '2026-06-23T14:00:00+00', NULL);
INSERT INTO vendas (id, numero_venda, cliente_id, loja_id, vendedor_id, status, tipo, valor_total, valor_pago, saldo_devedor, criado_em, finalizado_em, finalizado_por) VALUES ('edee37da-0759-43d2-8a31-5907bbdee5de', 11667, current_setting('importacao.cliente_id')::uuid, 20, '25e2da5b-9e76-4388-9890-7e22efd6940d', 'concluida', 'normal', 2450.0, 2450.0, 0.0, '2026-06-23T14:00:00+00', '2026-06-23T14:00:00+00', '25e2da5b-9e76-4388-9890-7e22efd6940d');
UPDATE aparelhos SET venda_id = 'edee37da-0759-43d2-8a31-5907bbdee5de' WHERE id = '9b3a7f17-b95b-4347-a037-2713106fa4f1';
INSERT INTO pagamentos_venda (id, venda_id, tipo_pagamento, valor, data_pagamento, criado_por, parcelas, criado_em) VALUES ('7a5647a2-72a0-4b79-82b5-5888f8b46d48', 'edee37da-0759-43d2-8a31-5907bbdee5de', 'pix', 2450.0, '2026-06-23', '25e2da5b-9e76-4388-9890-7e22efd6940d', 1, '2026-06-23T14:00:00+00');
INSERT INTO brindes_aparelhos (id, loja_id, venda_id, descricao, valor_custo, data_ocorrencia, criado_por, criado_em) VALUES ('034f935b-7d25-4557-afe4-6f017520e079', 20, 'edee37da-0759-43d2-8a31-5907bbdee5de', 'Brinde', 5.0, '2026-06-23', '25e2da5b-9e76-4388-9890-7e22efd6940d', '2026-06-23T14:00:00+00');

-- === Linha 204: IPHONE 17 PRO MAX 256GB LARANJA NOVO (24/06/2026) ===
INSERT INTO aparelhos (id, marca, modelo, imei, valor_venda, valor_compra, loja_id, estado, condicao, status, data_venda, data_entrada, criado_por, criado_em, atualizado_em, observacoes) VALUES ('ee9410a9-16b6-4853-bfd9-14bec378c7d0', 'Apple', 'IPHONE 17 PRO MAX 256GB LARANJA NOVO', '357247258909189', 7150.0, 6900.0, 4, 'novo', 'perfeito', 'vendido', '2026-06-24T14:00:00+00', '2026-06-24T14:00:00+00', 'a3626643-4749-4e56-83bc-b4a8ffd53659', '2026-06-24T14:00:00+00', '2026-06-24T14:00:00+00', 'Pagto junto (Aparelho 1/2, total grupo R$ 7,300)');
INSERT INTO vendas (id, numero_venda, cliente_id, loja_id, vendedor_id, status, tipo, valor_total, valor_pago, saldo_devedor, criado_em, finalizado_em, finalizado_por) VALUES ('c3bbf592-d570-4db7-a82a-f9b2a67b1ebc', 11668, current_setting('importacao.cliente_id')::uuid, 4, 'a3626643-4749-4e56-83bc-b4a8ffd53659', 'concluida', 'normal', 7150.0, 7150.0, 0.0, '2026-06-24T14:00:00+00', '2026-06-24T14:00:00+00', 'a3626643-4749-4e56-83bc-b4a8ffd53659');
UPDATE aparelhos SET venda_id = 'c3bbf592-d570-4db7-a82a-f9b2a67b1ebc' WHERE id = 'ee9410a9-16b6-4853-bfd9-14bec378c7d0';
INSERT INTO pagamentos_venda (id, venda_id, tipo_pagamento, valor, data_pagamento, criado_por, parcelas, criado_em) VALUES ('0ba6ca9a-241e-4b35-9f31-b727a5730cb0', 'c3bbf592-d570-4db7-a82a-f9b2a67b1ebc', 'pix', 7150.0, '2026-06-24', 'a3626643-4749-4e56-83bc-b4a8ffd53659', 1, '2026-06-24T14:00:00+00');
INSERT INTO brindes_aparelhos (id, loja_id, venda_id, descricao, valor_custo, data_ocorrencia, criado_por, criado_em) VALUES ('526239d5-9246-49af-bfa6-d330453277d5', 4, 'c3bbf592-d570-4db7-a82a-f9b2a67b1ebc', 'Brinde', 15.0, '2026-06-24', 'a3626643-4749-4e56-83bc-b4a8ffd53659', '2026-06-24T14:00:00+00');

-- === Linha 205: FONTE APPLE ORIGINAL (24/06/2026) ===
INSERT INTO aparelhos (id, marca, modelo, imei, valor_venda, valor_compra, loja_id, estado, condicao, status, data_venda, data_entrada, criado_por, criado_em, atualizado_em, observacoes) VALUES ('fcea1675-444d-4b36-b72f-aacf09281181', 'Apple', 'FONTE APPLE ORIGINAL', 'C4H610305UYQ8YQAU', 150.0, 125.0, 4, 'seminovo', 'bom', 'vendido', '2026-06-24T14:00:00+00', '2026-06-24T14:00:00+00', 'a3626643-4749-4e56-83bc-b4a8ffd53659', '2026-06-24T14:00:00+00', '2026-06-24T14:00:00+00', 'Pagto junto (Aparelho 2/2, total grupo R$ 7,300)');
INSERT INTO vendas (id, numero_venda, cliente_id, loja_id, vendedor_id, status, tipo, valor_total, valor_pago, saldo_devedor, criado_em, finalizado_em, finalizado_por) VALUES ('25fba10c-17be-45a4-ab1b-c3a1403cfdc5', 11669, current_setting('importacao.cliente_id')::uuid, 4, 'a3626643-4749-4e56-83bc-b4a8ffd53659', 'concluida', 'normal', 150.0, 150.0, 0.0, '2026-06-24T14:00:00+00', '2026-06-24T14:00:00+00', 'a3626643-4749-4e56-83bc-b4a8ffd53659');
UPDATE aparelhos SET venda_id = '25fba10c-17be-45a4-ab1b-c3a1403cfdc5' WHERE id = 'fcea1675-444d-4b36-b72f-aacf09281181';
INSERT INTO pagamentos_venda (id, venda_id, tipo_pagamento, valor, data_pagamento, criado_por, parcelas, criado_em) VALUES ('df91c1ee-1eb3-4331-9808-b231eedef197', '25fba10c-17be-45a4-ab1b-c3a1403cfdc5', 'pix', 150.0, '2026-06-24', 'a3626643-4749-4e56-83bc-b4a8ffd53659', 1, '2026-06-24T14:00:00+00');

-- === Linha 206: IPHONE 17 PRO MAX 256GB AZUL NOVO (24/06/2026) ===
INSERT INTO aparelhos (id, marca, modelo, imei, valor_venda, valor_compra, loja_id, estado, condicao, status, data_venda, data_entrada, criado_por, criado_em, atualizado_em, observacoes) VALUES ('04080d57-bafa-4c70-a6e7-cb4c7322b0a6', 'Apple', 'IPHONE 17 PRO MAX 256GB AZUL NOVO', '357247258811823', 7500.0, 7000.0, 19, 'novo', 'perfeito', 'vendido', '2026-06-24T14:00:00+00', '2026-06-24T14:00:00+00', '85743f3e-1b32-49c0-9d9e-c16afd690f7d', '2026-06-24T14:00:00+00', '2026-06-24T14:00:00+00', 'pgto forcado pix (diff nao extraida)');
INSERT INTO vendas (id, numero_venda, cliente_id, loja_id, vendedor_id, status, tipo, valor_total, valor_pago, saldo_devedor, criado_em, finalizado_em, finalizado_por) VALUES ('59fe156c-40a8-4ae6-8272-a87211140d26', 11670, current_setting('importacao.cliente_id')::uuid, 19, '85743f3e-1b32-49c0-9d9e-c16afd690f7d', 'concluida', 'normal', 7500.0, 7500.0, 0.0, '2026-06-24T14:00:00+00', '2026-06-24T14:00:00+00', '85743f3e-1b32-49c0-9d9e-c16afd690f7d');
UPDATE aparelhos SET venda_id = '59fe156c-40a8-4ae6-8272-a87211140d26' WHERE id = '04080d57-bafa-4c70-a6e7-cb4c7322b0a6';
INSERT INTO pagamentos_venda (id, venda_id, tipo_pagamento, valor, data_pagamento, criado_por, parcelas, criado_em) VALUES ('8f9687b2-9f84-4e05-b028-2ddda604d533', '59fe156c-40a8-4ae6-8272-a87211140d26', 'pix', 7500.0, '2026-06-24', '85743f3e-1b32-49c0-9d9e-c16afd690f7d', 1, '2026-06-24T14:00:00+00');
INSERT INTO brindes_aparelhos (id, loja_id, venda_id, descricao, valor_custo, data_ocorrencia, criado_por, criado_em) VALUES ('f5aeb51e-2131-438b-9238-6ad6d6035f82', 19, '59fe156c-40a8-4ae6-8272-a87211140d26', 'Brinde', 35.0, '2026-06-24', '85743f3e-1b32-49c0-9d9e-c16afd690f7d', '2026-06-24T14:00:00+00');

-- === Linha 207: IPHONE 16 PRO MAX 256GB NATURAL SEMINOVO (24/06/2026) ===
INSERT INTO aparelhos (id, marca, modelo, imei, valor_venda, valor_compra, loja_id, estado, condicao, status, data_venda, data_entrada, criado_por, criado_em, atualizado_em, observacoes) VALUES ('76e33db3-8c2b-4307-b349-5e03a0197340', 'Apple', 'IPHONE 16 PRO MAX 256GB NATURAL SEMINOVO', '355445520114743', 5000.0, 4800.0, 19, 'seminovo', 'bom', 'vendido', '2026-06-24T14:00:00+00', '2026-06-24T14:00:00+00', '97f12885-87ad-426a-8bbb-656889d82e10', '2026-06-24T14:00:00+00', '2026-06-24T14:00:00+00', NULL);
INSERT INTO vendas (id, numero_venda, cliente_id, loja_id, vendedor_id, status, tipo, valor_total, valor_pago, saldo_devedor, criado_em, finalizado_em, finalizado_por) VALUES ('d218d3fb-082d-4d9a-896d-88414a37e0d9', 11671, current_setting('importacao.cliente_id')::uuid, 19, '97f12885-87ad-426a-8bbb-656889d82e10', 'concluida', 'normal', 5000.0, 5000.0, 0.0, '2026-06-24T14:00:00+00', '2026-06-24T14:00:00+00', '97f12885-87ad-426a-8bbb-656889d82e10');
UPDATE aparelhos SET venda_id = 'd218d3fb-082d-4d9a-896d-88414a37e0d9' WHERE id = '76e33db3-8c2b-4307-b349-5e03a0197340';
INSERT INTO pagamentos_venda (id, venda_id, tipo_pagamento, valor, data_pagamento, criado_por, parcelas, criado_em) VALUES ('c01301ef-b08d-4fb8-a641-70587401f552', 'd218d3fb-082d-4d9a-896d-88414a37e0d9', 'pix', 2200.0, '2026-06-24', '97f12885-87ad-426a-8bbb-656889d82e10', 1, '2026-06-24T14:00:00+00');
INSERT INTO pagamentos_venda (id, venda_id, tipo_pagamento, valor, data_pagamento, criado_por, observacao, parcelas, criado_em) VALUES ('2e75e059-3040-4d5d-8f2f-36e01bf9a9a3', 'd218d3fb-082d-4d9a-896d-88414a37e0d9', 'troca_aparelho', 2800.0, '2026-06-24', '97f12885-87ad-426a-8bbb-656889d82e10', 'Troca: IPH 14 PRO MAX ROXO 256GB', 1, '2026-06-24T14:00:00+00');
INSERT INTO brindes_aparelhos (id, loja_id, venda_id, descricao, valor_custo, data_ocorrencia, criado_por, criado_em) VALUES ('c7fb7882-53a0-48f7-8589-b8a412c227ff', 19, 'd218d3fb-082d-4d9a-896d-88414a37e0d9', 'Brinde', 20.0, '2026-06-24', '97f12885-87ad-426a-8bbb-656889d82e10', '2026-06-24T14:00:00+00');

-- === Linha 208: IPAD 11 128GB SILVER NOVO (24/06/2026) ===
INSERT INTO aparelhos (id, marca, modelo, imei, valor_venda, valor_compra, loja_id, estado, condicao, status, data_venda, data_entrada, criado_por, criado_em, atualizado_em, observacoes) VALUES ('f458d98d-80e6-4fa4-8162-4123e9f8d2f8', 'Apple', 'IPAD 11 128GB SILVER NOVO', 'J9JJP7WP9G', 2410.0, 2230.0, 19, 'novo', 'perfeito', 'vendido', '2026-06-24T14:00:00+00', '2026-06-24T14:00:00+00', '97f12885-87ad-426a-8bbb-656889d82e10', '2026-06-24T14:00:00+00', '2026-06-24T14:00:00+00', NULL);
INSERT INTO vendas (id, numero_venda, cliente_id, loja_id, vendedor_id, status, tipo, valor_total, valor_pago, saldo_devedor, criado_em, finalizado_em, finalizado_por) VALUES ('d558ac4d-5782-4978-91e2-c70438745358', 11672, current_setting('importacao.cliente_id')::uuid, 19, '97f12885-87ad-426a-8bbb-656889d82e10', 'concluida', 'normal', 2410.0, 2410.0, 0.0, '2026-06-24T14:00:00+00', '2026-06-24T14:00:00+00', '97f12885-87ad-426a-8bbb-656889d82e10');
UPDATE aparelhos SET venda_id = 'd558ac4d-5782-4978-91e2-c70438745358' WHERE id = 'f458d98d-80e6-4fa4-8162-4123e9f8d2f8';
INSERT INTO pagamentos_venda (id, venda_id, tipo_pagamento, valor, data_pagamento, criado_por, parcelas, criado_em) VALUES ('9dee6fc3-bf2e-468c-b311-e0e3ebb8ec1b', 'd558ac4d-5782-4978-91e2-c70438745358', 'pix', 1560.0, '2026-06-24', '97f12885-87ad-426a-8bbb-656889d82e10', 1, '2026-06-24T14:00:00+00');
INSERT INTO pagamentos_venda (id, venda_id, tipo_pagamento, valor, data_pagamento, criado_por, parcelas, criado_em) VALUES ('1b0ac632-67b9-496e-9645-9b67e779a6a6', 'd558ac4d-5782-4978-91e2-c70438745358', 'cartao_credito', 850.0, '2026-06-24', '97f12885-87ad-426a-8bbb-656889d82e10', 1, '2026-06-24T14:00:00+00');
INSERT INTO brindes_aparelhos (id, loja_id, venda_id, descricao, valor_custo, data_ocorrencia, criado_por, criado_em) VALUES ('9b18d1da-25f3-479a-8a43-8abb85c4f8db', 19, 'd558ac4d-5782-4978-91e2-c70438745358', 'Brinde', 20.0, '2026-06-24', '97f12885-87ad-426a-8bbb-656889d82e10', '2026-06-24T14:00:00+00');

-- === Linha 209: IPHONE 16 PRO MAX 256GB BRANCO SEMINOVO (24/06/2026) ===
INSERT INTO aparelhos (id, marca, modelo, imei, valor_venda, valor_compra, loja_id, estado, condicao, status, data_venda, data_entrada, criado_por, criado_em, atualizado_em, observacoes) VALUES ('d174ea08-ecfe-49f4-a466-45fe1f53bdee', 'Apple', 'IPHONE 16 PRO MAX 256GB BRANCO SEMINOVO', NULL, 5122.0, 4800.0, 19, 'seminovo', 'bom', 'vendido', '2026-06-24T14:00:00+00', '2026-06-24T14:00:00+00', '85743f3e-1b32-49c0-9d9e-c16afd690f7d', '2026-06-24T14:00:00+00', '2026-06-24T14:00:00+00', 'Sem IMEI');
INSERT INTO vendas (id, numero_venda, cliente_id, loja_id, vendedor_id, status, tipo, valor_total, valor_pago, saldo_devedor, criado_em, finalizado_em, finalizado_por) VALUES ('a45469f3-1f67-4b36-a6bb-3504c20fd080', 11673, current_setting('importacao.cliente_id')::uuid, 19, '85743f3e-1b32-49c0-9d9e-c16afd690f7d', 'concluida', 'normal', 5122.0, 5122.0, 0.0, '2026-06-24T14:00:00+00', '2026-06-24T14:00:00+00', '85743f3e-1b32-49c0-9d9e-c16afd690f7d');
UPDATE aparelhos SET venda_id = 'a45469f3-1f67-4b36-a6bb-3504c20fd080' WHERE id = 'd174ea08-ecfe-49f4-a466-45fe1f53bdee';
INSERT INTO pagamentos_venda (id, venda_id, tipo_pagamento, valor, data_pagamento, criado_por, parcelas, criado_em) VALUES ('40594115-89b0-4599-8747-ec9a1e455abf', 'a45469f3-1f67-4b36-a6bb-3504c20fd080', 'pix', 5122.0, '2026-06-24', '85743f3e-1b32-49c0-9d9e-c16afd690f7d', 1, '2026-06-24T14:00:00+00');
INSERT INTO brindes_aparelhos (id, loja_id, venda_id, descricao, valor_custo, data_ocorrencia, criado_por, criado_em) VALUES ('edf89acd-14b5-4b5d-bf71-4570232bf3ff', 19, 'a45469f3-1f67-4b36-a6bb-3504c20fd080', 'Brinde', 25.0, '2026-06-24', '85743f3e-1b32-49c0-9d9e-c16afd690f7d', '2026-06-24T14:00:00+00');

-- === Linha 210: IPHONE 17 PRO MAX 256GB LARANJA NOVO (24/06/2026) ===
INSERT INTO aparelhos (id, marca, modelo, imei, valor_venda, valor_compra, loja_id, estado, condicao, status, data_venda, data_entrada, criado_por, criado_em, atualizado_em, observacoes) VALUES ('9024c04b-946a-4063-97df-cc02db43a242', 'Apple', 'IPHONE 17 PRO MAX 256GB LARANJA NOVO', '359178370047483', 7200.0, 6900.0, 1, 'novo', 'perfeito', 'vendido', '2026-06-24T14:00:00+00', '2026-06-24T14:00:00+00', '85e3aa42-b9af-49b8-a72a-64e9c337aa53', '2026-06-24T14:00:00+00', '2026-06-24T14:00:00+00', NULL);
INSERT INTO vendas (id, numero_venda, cliente_id, loja_id, vendedor_id, status, tipo, valor_total, valor_pago, saldo_devedor, criado_em, finalizado_em, finalizado_por) VALUES ('43b5fc82-c039-476b-96d5-308a74e4a3b6', 11674, current_setting('importacao.cliente_id')::uuid, 1, '85e3aa42-b9af-49b8-a72a-64e9c337aa53', 'concluida', 'normal', 7200.0, 7200.0, 0.0, '2026-06-24T14:00:00+00', '2026-06-24T14:00:00+00', '85e3aa42-b9af-49b8-a72a-64e9c337aa53');
UPDATE aparelhos SET venda_id = '43b5fc82-c039-476b-96d5-308a74e4a3b6' WHERE id = '9024c04b-946a-4063-97df-cc02db43a242';
INSERT INTO pagamentos_venda (id, venda_id, tipo_pagamento, valor, data_pagamento, criado_por, parcelas, criado_em) VALUES ('3e3a64bc-5320-4cc3-ad80-a6dc16778ca8', '43b5fc82-c039-476b-96d5-308a74e4a3b6', 'pix', 7200.0, '2026-06-24', '85e3aa42-b9af-49b8-a72a-64e9c337aa53', 1, '2026-06-24T14:00:00+00');
INSERT INTO brindes_aparelhos (id, loja_id, venda_id, descricao, valor_custo, data_ocorrencia, criado_por, criado_em) VALUES ('4dbe713f-7938-4f99-998d-163fce2da893', 1, '43b5fc82-c039-476b-96d5-308a74e4a3b6', 'Brinde', 15.0, '2026-06-24', '85e3aa42-b9af-49b8-a72a-64e9c337aa53', '2026-06-24T14:00:00+00');

-- === Linha 211: IPHONE 17 PRO MAX 256GB LARANJA NOVO (24/06/2026) ===
INSERT INTO aparelhos (id, marca, modelo, imei, valor_venda, valor_compra, loja_id, estado, condicao, status, data_venda, data_entrada, criado_por, criado_em, atualizado_em, observacoes) VALUES ('72f9b743-8618-40e0-bddf-ba48d1277556', 'Apple', 'IPHONE 17 PRO MAX 256GB LARANJA NOVO', '351205748943701', 7000.0, 6900.0, 1, 'novo', 'perfeito', 'vendido', '2026-06-24T14:00:00+00', '2026-06-24T14:00:00+00', '85e3aa42-b9af-49b8-a72a-64e9c337aa53', '2026-06-24T14:00:00+00', '2026-06-24T14:00:00+00', NULL);
INSERT INTO vendas (id, numero_venda, cliente_id, loja_id, vendedor_id, status, tipo, valor_total, valor_pago, saldo_devedor, criado_em, finalizado_em, finalizado_por) VALUES ('b6302456-7b77-42f7-97ed-69a01a37b6cb', 11675, current_setting('importacao.cliente_id')::uuid, 1, '85e3aa42-b9af-49b8-a72a-64e9c337aa53', 'concluida', 'normal', 7000.0, 7000.0, 0.0, '2026-06-24T14:00:00+00', '2026-06-24T14:00:00+00', '85e3aa42-b9af-49b8-a72a-64e9c337aa53');
UPDATE aparelhos SET venda_id = 'b6302456-7b77-42f7-97ed-69a01a37b6cb' WHERE id = '72f9b743-8618-40e0-bddf-ba48d1277556';
INSERT INTO pagamentos_venda (id, venda_id, tipo_pagamento, valor, data_pagamento, criado_por, parcelas, criado_em) VALUES ('97440101-d624-4316-8944-9d5c6e0c9ae2', 'b6302456-7b77-42f7-97ed-69a01a37b6cb', 'pix', 7000.0, '2026-06-24', '85e3aa42-b9af-49b8-a72a-64e9c337aa53', 1, '2026-06-24T14:00:00+00');

-- === Linha 212: IPHONE 17 PRO MAX 256GB SILVER NOVO (24/06/2026) ===
INSERT INTO aparelhos (id, marca, modelo, imei, valor_venda, valor_compra, loja_id, estado, condicao, status, data_venda, data_entrada, criado_por, criado_em, atualizado_em, observacoes) VALUES ('5dbf6bdd-d088-4eb4-80c9-37c0cc046419', 'Apple', 'IPHONE 17 PRO MAX 256GB SILVER NOVO', '350230979927422', 7450.0, 7200.0, 20, 'novo', 'perfeito', 'vendido', '2026-06-24T14:00:00+00', '2026-06-24T14:00:00+00', '25e2da5b-9e76-4388-9890-7e22efd6940d', '2026-06-24T14:00:00+00', '2026-06-24T14:00:00+00', 'Pagto junto (Aparelho 1/2, total grupo R$ 8,700)');
INSERT INTO vendas (id, numero_venda, cliente_id, loja_id, vendedor_id, status, tipo, valor_total, valor_pago, saldo_devedor, criado_em, finalizado_em, finalizado_por) VALUES ('6b6dc1e6-ab59-4452-aa1d-c72475b77b66', 11676, current_setting('importacao.cliente_id')::uuid, 20, '25e2da5b-9e76-4388-9890-7e22efd6940d', 'concluida', 'normal', 7450.0, 7450.0, 0.0, '2026-06-24T14:00:00+00', '2026-06-24T14:00:00+00', '25e2da5b-9e76-4388-9890-7e22efd6940d');
UPDATE aparelhos SET venda_id = '6b6dc1e6-ab59-4452-aa1d-c72475b77b66' WHERE id = '5dbf6bdd-d088-4eb4-80c9-37c0cc046419';
INSERT INTO pagamentos_venda (id, venda_id, tipo_pagamento, valor, data_pagamento, criado_por, parcelas, criado_em) VALUES ('ca863cc7-b7d6-4660-a6e8-ae879f151069', '6b6dc1e6-ab59-4452-aa1d-c72475b77b66', 'pix', 3750.0, '2026-06-24', '25e2da5b-9e76-4388-9890-7e22efd6940d', 1, '2026-06-24T14:00:00+00');
INSERT INTO pagamentos_venda (id, venda_id, tipo_pagamento, valor, data_pagamento, criado_por, observacao, parcelas, criado_em) VALUES ('17b5051c-3497-4ec1-838f-f89f45c6bc8f', '6b6dc1e6-ab59-4452-aa1d-c72475b77b66', 'troca_aparelho', 3700.0, '2026-06-24', '25e2da5b-9e76-4388-9890-7e22efd6940d', 'Troca: ENTRANDO 15 PRO MAX 256 GB A', 1, '2026-06-24T14:00:00+00');
INSERT INTO brindes_aparelhos (id, loja_id, venda_id, descricao, valor_custo, data_ocorrencia, criado_por, criado_em) VALUES ('c1997d3b-4760-493b-8991-9714b3b70f3e', 20, '6b6dc1e6-ab59-4452-aa1d-c72475b77b66', 'Brinde', 25.0, '2026-06-24', '25e2da5b-9e76-4388-9890-7e22efd6940d', '2026-06-24T14:00:00+00');

-- === Linha 213: IPHONE 11 PRO 256GB PRETO SEMINOVO (24/06/2026) ===
INSERT INTO aparelhos (id, marca, modelo, imei, valor_venda, valor_compra, loja_id, estado, condicao, status, data_venda, data_entrada, criado_por, criado_em, atualizado_em, observacoes) VALUES ('eedd338d-7950-4c0e-a580-023804958027', 'Apple', 'IPHONE 11 PRO 256GB PRETO SEMINOVO', '353237102003044', 1250.0, 1000.0, 20, 'seminovo', 'bom', 'vendido', '2026-06-24T14:00:00+00', '2026-06-24T14:00:00+00', '25e2da5b-9e76-4388-9890-7e22efd6940d', '2026-06-24T14:00:00+00', '2026-06-24T14:00:00+00', 'Pagto junto (Aparelho 2/2, total grupo R$ 8,700)');
INSERT INTO vendas (id, numero_venda, cliente_id, loja_id, vendedor_id, status, tipo, valor_total, valor_pago, saldo_devedor, criado_em, finalizado_em, finalizado_por) VALUES ('e0dbaf4b-a4da-4a45-83bd-13e7ae26e5c7', 11677, current_setting('importacao.cliente_id')::uuid, 20, '25e2da5b-9e76-4388-9890-7e22efd6940d', 'concluida', 'normal', 1250.0, 1250.0, 0.0, '2026-06-24T14:00:00+00', '2026-06-24T14:00:00+00', '25e2da5b-9e76-4388-9890-7e22efd6940d');
UPDATE aparelhos SET venda_id = 'e0dbaf4b-a4da-4a45-83bd-13e7ae26e5c7' WHERE id = 'eedd338d-7950-4c0e-a580-023804958027';
INSERT INTO pagamentos_venda (id, venda_id, tipo_pagamento, valor, data_pagamento, criado_por, parcelas, criado_em) VALUES ('0e3948ee-496c-42d0-bbc4-1ae493b6efac', 'e0dbaf4b-a4da-4a45-83bd-13e7ae26e5c7', 'pix', 1250.0, '2026-06-24', '25e2da5b-9e76-4388-9890-7e22efd6940d', 1, '2026-06-24T14:00:00+00');
INSERT INTO brindes_aparelhos (id, loja_id, venda_id, descricao, valor_custo, data_ocorrencia, criado_por, criado_em) VALUES ('656809af-a69c-43d6-8acd-80a52dbbc506', 20, 'e0dbaf4b-a4da-4a45-83bd-13e7ae26e5c7', 'Brinde', 25.0, '2026-06-24', '25e2da5b-9e76-4388-9890-7e22efd6940d', '2026-06-24T14:00:00+00');

-- === Linha 214: IPHONE 17 PRO MAX 256GB LARANJA NOVO (25/06/2026) ===
INSERT INTO aparelhos (id, marca, modelo, imei, valor_venda, valor_compra, loja_id, estado, condicao, status, data_venda, data_entrada, criado_por, criado_em, atualizado_em, observacoes) VALUES ('bb165652-5e91-424d-bcfa-a8cdc562758e', 'Apple', 'IPHONE 17 PRO MAX 256GB LARANJA NOVO', '357247258431358', 7000.0, 6900.0, 19, 'novo', 'perfeito', 'vendido', '2026-06-25T14:00:00+00', '2026-06-25T14:00:00+00', '97f12885-87ad-426a-8bbb-656889d82e10', '2026-06-25T14:00:00+00', '2026-06-25T14:00:00+00', NULL);
INSERT INTO vendas (id, numero_venda, cliente_id, loja_id, vendedor_id, status, tipo, valor_total, valor_pago, saldo_devedor, criado_em, finalizado_em, finalizado_por) VALUES ('0f405b79-44e6-4c4e-a9aa-e33d6de8dd5e', 11678, current_setting('importacao.cliente_id')::uuid, 19, '97f12885-87ad-426a-8bbb-656889d82e10', 'concluida', 'normal', 7000.0, 7000.0, 0.0, '2026-06-25T14:00:00+00', '2026-06-25T14:00:00+00', '97f12885-87ad-426a-8bbb-656889d82e10');
UPDATE aparelhos SET venda_id = '0f405b79-44e6-4c4e-a9aa-e33d6de8dd5e' WHERE id = 'bb165652-5e91-424d-bcfa-a8cdc562758e';
INSERT INTO pagamentos_venda (id, venda_id, tipo_pagamento, valor, data_pagamento, criado_por, parcelas, criado_em) VALUES ('b114022f-04e3-4893-86ba-1ea67e478151', '0f405b79-44e6-4c4e-a9aa-e33d6de8dd5e', 'pix', 7000.0, '2026-06-25', '97f12885-87ad-426a-8bbb-656889d82e10', 1, '2026-06-25T14:00:00+00');

-- === Linha 215: IPHONE 17 PRO MAX 256GB LARANJA NOVO (25/06/2026) ===
INSERT INTO aparelhos (id, marca, modelo, imei, valor_venda, valor_compra, loja_id, estado, condicao, status, data_venda, data_entrada, criado_por, criado_em, atualizado_em, observacoes) VALUES ('3bc78d5d-a93e-4dc2-959c-4f566f3a1f03', 'Apple', 'IPHONE 17 PRO MAX 256GB LARANJA NOVO', '359178372430588', 7806.0, 6900.0, 1, 'novo', 'perfeito', 'vendido', '2026-06-25T14:00:00+00', '2026-06-25T14:00:00+00', '0dd2c938-c6dd-4f5d-aac5-ed045ee5d2fb', '2026-06-25T14:00:00+00', '2026-06-25T14:00:00+00', NULL);
INSERT INTO vendas (id, numero_venda, cliente_id, loja_id, vendedor_id, status, tipo, valor_total, valor_pago, saldo_devedor, criado_em, finalizado_em, finalizado_por) VALUES ('ff6eef07-5fd3-4bac-9790-1f8ca342d74f', 11679, current_setting('importacao.cliente_id')::uuid, 1, '0dd2c938-c6dd-4f5d-aac5-ed045ee5d2fb', 'concluida', 'normal', 7806.0, 7806.0, 0.0, '2026-06-25T14:00:00+00', '2026-06-25T14:00:00+00', '0dd2c938-c6dd-4f5d-aac5-ed045ee5d2fb');
UPDATE aparelhos SET venda_id = 'ff6eef07-5fd3-4bac-9790-1f8ca342d74f' WHERE id = '3bc78d5d-a93e-4dc2-959c-4f566f3a1f03';
INSERT INTO pagamentos_venda (id, venda_id, tipo_pagamento, valor, data_pagamento, criado_por, parcelas, criado_em) VALUES ('fd5de250-9e4b-4733-8e63-60fb5978bfa8', 'ff6eef07-5fd3-4bac-9790-1f8ca342d74f', 'pix', 2000.0, '2026-06-25', '0dd2c938-c6dd-4f5d-aac5-ed045ee5d2fb', 1, '2026-06-25T14:00:00+00');
INSERT INTO pagamentos_venda (id, venda_id, tipo_pagamento, valor, data_pagamento, criado_por, parcelas, criado_em) VALUES ('36375a3f-e998-46ee-82c9-8dc5cef18dec', 'ff6eef07-5fd3-4bac-9790-1f8ca342d74f', 'cartao_credito', 3306.0, '2026-06-25', '0dd2c938-c6dd-4f5d-aac5-ed045ee5d2fb', 1, '2026-06-25T14:00:00+00');
INSERT INTO pagamentos_venda (id, venda_id, tipo_pagamento, valor, data_pagamento, criado_por, observacao, parcelas, criado_em) VALUES ('ea481bd3-43fe-43fc-a9b0-f270813d7af4', 'ff6eef07-5fd3-4bac-9790-1f8ca342d74f', 'troca_aparelho', 2500.0, '2026-06-25', '0dd2c938-c6dd-4f5d-aac5-ed045ee5d2fb', 'Troca: IPHONE 15 PRO MAX', 1, '2026-06-25T14:00:00+00');
INSERT INTO brindes_aparelhos (id, loja_id, venda_id, descricao, valor_custo, data_ocorrencia, criado_por, criado_em) VALUES ('fadeda79-0511-41ef-9120-2b8d46c30dc1', 1, 'ff6eef07-5fd3-4bac-9790-1f8ca342d74f', 'Brinde', 10.0, '2026-06-25', '0dd2c938-c6dd-4f5d-aac5-ed045ee5d2fb', '2026-06-25T14:00:00+00');

-- === Linha 216: IPHONE 16 128GB VERDE NOVO (25/06/2026) ===
INSERT INTO aparelhos (id, marca, modelo, imei, valor_venda, valor_compra, loja_id, estado, condicao, status, data_venda, data_entrada, criado_por, criado_em, atualizado_em, observacoes) VALUES ('985ece63-d023-42e6-a63d-564939a4096c', 'Apple', 'IPHONE 16 128GB VERDE NOVO', '356342310956822', 4200.0, 4050.0, 4, 'novo', 'perfeito', 'vendido', '2026-06-25T14:00:00+00', '2026-06-25T14:00:00+00', 'a3626643-4749-4e56-83bc-b4a8ffd53659', '2026-06-25T14:00:00+00', '2026-06-25T14:00:00+00', NULL);
INSERT INTO vendas (id, numero_venda, cliente_id, loja_id, vendedor_id, status, tipo, valor_total, valor_pago, saldo_devedor, criado_em, finalizado_em, finalizado_por) VALUES ('eed54b8a-0da7-43a2-9a9d-12d8c55c96d4', 11680, current_setting('importacao.cliente_id')::uuid, 4, 'a3626643-4749-4e56-83bc-b4a8ffd53659', 'concluida', 'normal', 4200.0, 4200.0, 0.0, '2026-06-25T14:00:00+00', '2026-06-25T14:00:00+00', 'a3626643-4749-4e56-83bc-b4a8ffd53659');
UPDATE aparelhos SET venda_id = 'eed54b8a-0da7-43a2-9a9d-12d8c55c96d4' WHERE id = '985ece63-d023-42e6-a63d-564939a4096c';
INSERT INTO pagamentos_venda (id, venda_id, tipo_pagamento, valor, data_pagamento, criado_por, parcelas, criado_em) VALUES ('5bab001f-6e6d-4470-8e7f-658a4154a03c', 'eed54b8a-0da7-43a2-9a9d-12d8c55c96d4', 'pix', 2550.0, '2026-06-25', 'a3626643-4749-4e56-83bc-b4a8ffd53659', 1, '2026-06-25T14:00:00+00');
INSERT INTO pagamentos_venda (id, venda_id, tipo_pagamento, valor, data_pagamento, criado_por, observacao, parcelas, criado_em) VALUES ('65a5affb-4653-4ec7-babc-e19890e14cab', 'eed54b8a-0da7-43a2-9a9d-12d8c55c96d4', 'troca_aparelho', 1650.0, '2026-06-25', 'a3626643-4749-4e56-83bc-b4a8ffd53659', 'Troca: ENTROU UM 13 SEMINOVO POR', 1, '2026-06-25T14:00:00+00');
INSERT INTO brindes_aparelhos (id, loja_id, venda_id, descricao, valor_custo, data_ocorrencia, criado_por, criado_em) VALUES ('66de709a-ba79-484d-bd3f-c3a74e4d03e6', 4, 'eed54b8a-0da7-43a2-9a9d-12d8c55c96d4', 'Brinde', 5.0, '2026-06-25', 'a3626643-4749-4e56-83bc-b4a8ffd53659', '2026-06-25T14:00:00+00');

-- === Linha 217: IPHONE 17 PRO MAX 256GB SILVER NOVO (25/06/2026) ===
INSERT INTO aparelhos (id, marca, modelo, imei, valor_venda, valor_compra, loja_id, estado, condicao, status, data_venda, data_entrada, criado_por, criado_em, atualizado_em, observacoes) VALUES ('ef80e3f1-5a8f-429d-aa32-c3528f1a2cce', 'Apple', 'IPHONE 17 PRO MAX 256GB SILVER NOVO', '351205747937779', 7350.0, 7200.0, 4, 'novo', 'perfeito', 'vendido', '2026-06-25T14:00:00+00', '2026-06-25T14:00:00+00', 'a3626643-4749-4e56-83bc-b4a8ffd53659', '2026-06-25T14:00:00+00', '2026-06-25T14:00:00+00', NULL);
INSERT INTO vendas (id, numero_venda, cliente_id, loja_id, vendedor_id, status, tipo, valor_total, valor_pago, saldo_devedor, criado_em, finalizado_em, finalizado_por) VALUES ('27d199bf-83a7-4742-9323-8b4481aae93c', 11681, current_setting('importacao.cliente_id')::uuid, 4, 'a3626643-4749-4e56-83bc-b4a8ffd53659', 'concluida', 'normal', 7350.0, 7350.0, 0.0, '2026-06-25T14:00:00+00', '2026-06-25T14:00:00+00', 'a3626643-4749-4e56-83bc-b4a8ffd53659');
UPDATE aparelhos SET venda_id = '27d199bf-83a7-4742-9323-8b4481aae93c' WHERE id = 'ef80e3f1-5a8f-429d-aa32-c3528f1a2cce';
INSERT INTO pagamentos_venda (id, venda_id, tipo_pagamento, valor, data_pagamento, criado_por, parcelas, criado_em) VALUES ('98724bb4-215e-4b43-8e0c-31ffca273bbe', '27d199bf-83a7-4742-9323-8b4481aae93c', 'cartao_credito', 2550.0, '2026-06-25', 'a3626643-4749-4e56-83bc-b4a8ffd53659', 1, '2026-06-25T14:00:00+00');
INSERT INTO pagamentos_venda (id, venda_id, tipo_pagamento, valor, data_pagamento, criado_por, observacao, parcelas, criado_em) VALUES ('5f57e220-30a9-4c1a-b879-55119f2b2225', '27d199bf-83a7-4742-9323-8b4481aae93c', 'troca_aparelho', 4800.0, '2026-06-25', 'a3626643-4749-4e56-83bc-b4a8ffd53659', 'Troca: ENTROU UM 16 PRO MAX SEMINOVO POR', 1, '2026-06-25T14:00:00+00');
INSERT INTO brindes_aparelhos (id, loja_id, venda_id, descricao, valor_custo, data_ocorrencia, criado_por, criado_em) VALUES ('b1be6850-8436-4cc9-9b20-7b7f886d4405', 4, '27d199bf-83a7-4742-9323-8b4481aae93c', 'Brinde', 5.0, '2026-06-25', 'a3626643-4749-4e56-83bc-b4a8ffd53659', '2026-06-25T14:00:00+00');

-- === Linha 218: IPHONE 17 PRO MAX 256GB AZUL NOVO (25/06/2026) ===
INSERT INTO aparelhos (id, marca, modelo, imei, valor_venda, valor_compra, loja_id, estado, condicao, status, data_venda, data_entrada, criado_por, criado_em, atualizado_em, observacoes) VALUES ('8310c0fb-6303-42fc-a09d-e4bf50b66ddc', 'Apple', 'IPHONE 17 PRO MAX 256GB AZUL NOVO', '351668147569627', 7205.0, 7000.0, 4, 'novo', 'perfeito', 'vendido', '2026-06-25T14:00:00+00', '2026-06-25T14:00:00+00', 'a3626643-4749-4e56-83bc-b4a8ffd53659', '2026-06-25T14:00:00+00', '2026-06-25T14:00:00+00', NULL);
INSERT INTO vendas (id, numero_venda, cliente_id, loja_id, vendedor_id, status, tipo, valor_total, valor_pago, saldo_devedor, criado_em, finalizado_em, finalizado_por) VALUES ('cf2c771d-cdde-4f3d-9086-6f3eb1f3a3ac', 11682, current_setting('importacao.cliente_id')::uuid, 4, 'a3626643-4749-4e56-83bc-b4a8ffd53659', 'concluida', 'normal', 7205.0, 7205.0, 0.0, '2026-06-25T14:00:00+00', '2026-06-25T14:00:00+00', 'a3626643-4749-4e56-83bc-b4a8ffd53659');
UPDATE aparelhos SET venda_id = 'cf2c771d-cdde-4f3d-9086-6f3eb1f3a3ac' WHERE id = '8310c0fb-6303-42fc-a09d-e4bf50b66ddc';
INSERT INTO pagamentos_venda (id, venda_id, tipo_pagamento, valor, data_pagamento, criado_por, parcelas, criado_em) VALUES ('9b7a1fcf-f8a1-4016-996b-e94ee1cb9514', 'cf2c771d-cdde-4f3d-9086-6f3eb1f3a3ac', 'cartao_credito', 2405.0, '2026-06-25', 'a3626643-4749-4e56-83bc-b4a8ffd53659', 1, '2026-06-25T14:00:00+00');
INSERT INTO pagamentos_venda (id, venda_id, tipo_pagamento, valor, data_pagamento, criado_por, observacao, parcelas, criado_em) VALUES ('3a4d5c51-d7ab-430b-8cac-4954d1f9ed85', 'cf2c771d-cdde-4f3d-9086-6f3eb1f3a3ac', 'troca_aparelho', 4800.0, '2026-06-25', 'a3626643-4749-4e56-83bc-b4a8ffd53659', 'Troca: ENTROU UM 16 PRO MAX SEMINOVO POR', 1, '2026-06-25T14:00:00+00');
INSERT INTO brindes_aparelhos (id, loja_id, venda_id, descricao, valor_custo, data_ocorrencia, criado_por, criado_em) VALUES ('ec9ff7d5-b463-4014-a6c1-7fac30cda016', 4, 'cf2c771d-cdde-4f3d-9086-6f3eb1f3a3ac', 'Brinde', 15.0, '2026-06-25', 'a3626643-4749-4e56-83bc-b4a8ffd53659', '2026-06-25T14:00:00+00');

-- === Linha 219: IPHONE 15 256GB PRETA SEMINOVO (25/06/2026) ===
INSERT INTO aparelhos (id, marca, modelo, imei, valor_venda, valor_compra, loja_id, estado, condicao, status, data_venda, data_entrada, criado_por, criado_em, atualizado_em, observacoes) VALUES ('7a4475b5-acb9-472d-ab59-cef18633c9d7', 'Apple', 'IPHONE 15 256GB PRETA SEMINOVO', '354278704607005', 3400.0, 2900.0, 4, 'seminovo', 'bom', 'vendido', '2026-06-25T14:00:00+00', '2026-06-25T14:00:00+00', 'a3626643-4749-4e56-83bc-b4a8ffd53659', '2026-06-25T14:00:00+00', '2026-06-25T14:00:00+00', NULL);
INSERT INTO vendas (id, numero_venda, cliente_id, loja_id, vendedor_id, status, tipo, valor_total, valor_pago, saldo_devedor, criado_em, finalizado_em, finalizado_por) VALUES ('def63bec-4b1b-408e-b4f8-2200de5839cf', 11683, current_setting('importacao.cliente_id')::uuid, 4, 'a3626643-4749-4e56-83bc-b4a8ffd53659', 'concluida', 'normal', 3400.0, 3400.0, 0.0, '2026-06-25T14:00:00+00', '2026-06-25T14:00:00+00', 'a3626643-4749-4e56-83bc-b4a8ffd53659');
UPDATE aparelhos SET venda_id = 'def63bec-4b1b-408e-b4f8-2200de5839cf' WHERE id = '7a4475b5-acb9-472d-ab59-cef18633c9d7';
INSERT INTO pagamentos_venda (id, venda_id, tipo_pagamento, valor, data_pagamento, criado_por, parcelas, criado_em) VALUES ('64c8cf84-d6fe-4a85-a3e4-841fdea5d53a', 'def63bec-4b1b-408e-b4f8-2200de5839cf', 'cartao_credito', 3100.0, '2026-06-25', 'a3626643-4749-4e56-83bc-b4a8ffd53659', 1, '2026-06-25T14:00:00+00');
INSERT INTO pagamentos_venda (id, venda_id, tipo_pagamento, valor, data_pagamento, criado_por, observacao, parcelas, criado_em) VALUES ('01442b8f-f594-47c9-be38-6dd6578af8c2', 'def63bec-4b1b-408e-b4f8-2200de5839cf', 'troca_aparelho', 300.0, '2026-06-25', 'a3626643-4749-4e56-83bc-b4a8ffd53659', 'Troca: ENTROU UM 11 SEMINOVO POR', 1, '2026-06-25T14:00:00+00');
INSERT INTO brindes_aparelhos (id, loja_id, venda_id, descricao, valor_custo, data_ocorrencia, criado_por, criado_em) VALUES ('4cacca20-db0a-401e-a99a-f120dc73a697', 4, 'def63bec-4b1b-408e-b4f8-2200de5839cf', 'Brinde', 25.0, '2026-06-25', 'a3626643-4749-4e56-83bc-b4a8ffd53659', '2026-06-25T14:00:00+00');

-- === Linha 220: IPHONE 14 128GB BRANCO SEMINOVO (25/06/2026) ===
INSERT INTO aparelhos (id, marca, modelo, imei, valor_venda, valor_compra, loja_id, estado, condicao, status, data_venda, data_entrada, criado_por, criado_em, atualizado_em, observacoes) VALUES ('7568e56a-8241-49c6-87a4-d116301d5c7c', 'Apple', 'IPHONE 14 128GB BRANCO SEMINOVO', '354248589657888', 2200.0, 1900.0, 4, 'seminovo', 'bom', 'vendido', '2026-06-25T14:00:00+00', '2026-06-25T14:00:00+00', 'a3626643-4749-4e56-83bc-b4a8ffd53659', '2026-06-25T14:00:00+00', '2026-06-25T14:00:00+00', 'pgto forcado pix (diff nao extraida)');
INSERT INTO vendas (id, numero_venda, cliente_id, loja_id, vendedor_id, status, tipo, valor_total, valor_pago, saldo_devedor, criado_em, finalizado_em, finalizado_por) VALUES ('411c2c30-f29a-40f6-bfe8-386c8af5e8b1', 11684, current_setting('importacao.cliente_id')::uuid, 4, 'a3626643-4749-4e56-83bc-b4a8ffd53659', 'concluida', 'normal', 2200.0, 2200.0, 0.0, '2026-06-25T14:00:00+00', '2026-06-25T14:00:00+00', 'a3626643-4749-4e56-83bc-b4a8ffd53659');
UPDATE aparelhos SET venda_id = '411c2c30-f29a-40f6-bfe8-386c8af5e8b1' WHERE id = '7568e56a-8241-49c6-87a4-d116301d5c7c';
INSERT INTO pagamentos_venda (id, venda_id, tipo_pagamento, valor, data_pagamento, criado_por, parcelas, criado_em) VALUES ('4bf4ecd8-aa2b-444a-96b5-d1621700aeff', '411c2c30-f29a-40f6-bfe8-386c8af5e8b1', 'pix', 2200.0, '2026-06-25', 'a3626643-4749-4e56-83bc-b4a8ffd53659', 1, '2026-06-25T14:00:00+00');
INSERT INTO brindes_aparelhos (id, loja_id, venda_id, descricao, valor_custo, data_ocorrencia, criado_por, criado_em) VALUES ('3d210b46-93e3-4df9-8bb5-6c0575868ab1', 4, '411c2c30-f29a-40f6-bfe8-386c8af5e8b1', 'Brinde', 20.0, '2026-06-25', 'a3626643-4749-4e56-83bc-b4a8ffd53659', '2026-06-25T14:00:00+00');

-- === Linha 221: IPHONE 15 PRO MAX 512GB PRETO SEMINOVO (25/06/2026) ===
INSERT INTO aparelhos (id, marca, modelo, imei, valor_venda, valor_compra, loja_id, estado, condicao, status, data_venda, data_entrada, criado_por, criado_em, atualizado_em, observacoes) VALUES ('9ab11d13-bc46-4279-ac32-1b8a6c0f10ac', 'Apple', 'IPHONE 15 PRO MAX 512GB PRETO SEMINOVO', '354570359750878', 4300.0, 4100.0, 19, 'seminovo', 'bom', 'vendido', '2026-06-25T14:00:00+00', '2026-06-25T14:00:00+00', '97f12885-87ad-426a-8bbb-656889d82e10', '2026-06-25T14:00:00+00', '2026-06-25T14:00:00+00', 'pgto forcado pix (diff nao extraida)');
INSERT INTO vendas (id, numero_venda, cliente_id, loja_id, vendedor_id, status, tipo, valor_total, valor_pago, saldo_devedor, criado_em, finalizado_em, finalizado_por) VALUES ('96694081-b0d8-4778-99db-e62164941f42', 11685, current_setting('importacao.cliente_id')::uuid, 19, '97f12885-87ad-426a-8bbb-656889d82e10', 'concluida', 'normal', 4300.0, 4300.0, 0.0, '2026-06-25T14:00:00+00', '2026-06-25T14:00:00+00', '97f12885-87ad-426a-8bbb-656889d82e10');
UPDATE aparelhos SET venda_id = '96694081-b0d8-4778-99db-e62164941f42' WHERE id = '9ab11d13-bc46-4279-ac32-1b8a6c0f10ac';
INSERT INTO pagamentos_venda (id, venda_id, tipo_pagamento, valor, data_pagamento, criado_por, parcelas, criado_em) VALUES ('2f260ee7-fc7a-46f9-a4a2-818d2b2ad702', '96694081-b0d8-4778-99db-e62164941f42', 'pix', 4300.0, '2026-06-25', '97f12885-87ad-426a-8bbb-656889d82e10', 1, '2026-06-25T14:00:00+00');

-- === Linha 222: IPHONE 17 PRO MAX 256GB AZUL NOVO (25/06/2026) ===
INSERT INTO aparelhos (id, marca, modelo, imei, valor_venda, valor_compra, loja_id, estado, condicao, status, data_venda, data_entrada, criado_por, criado_em, atualizado_em, observacoes) VALUES ('bc58d6af-d3ae-4adc-831d-475ce681e6e2', 'Apple', 'IPHONE 17 PRO MAX 256GB AZUL NOVO', '357247257477469', 7300.0, 7000.0, 4, 'novo', 'perfeito', 'vendido', '2026-06-25T14:00:00+00', '2026-06-25T14:00:00+00', 'a3626643-4749-4e56-83bc-b4a8ffd53659', '2026-06-25T14:00:00+00', '2026-06-25T14:00:00+00', NULL);
INSERT INTO vendas (id, numero_venda, cliente_id, loja_id, vendedor_id, status, tipo, valor_total, valor_pago, saldo_devedor, criado_em, finalizado_em, finalizado_por) VALUES ('6369abca-0958-4358-b1f9-35109ccdb1f9', 11686, current_setting('importacao.cliente_id')::uuid, 4, 'a3626643-4749-4e56-83bc-b4a8ffd53659', 'concluida', 'normal', 7300.0, 7300.0, 0.0, '2026-06-25T14:00:00+00', '2026-06-25T14:00:00+00', 'a3626643-4749-4e56-83bc-b4a8ffd53659');
UPDATE aparelhos SET venda_id = '6369abca-0958-4358-b1f9-35109ccdb1f9' WHERE id = 'bc58d6af-d3ae-4adc-831d-475ce681e6e2';
INSERT INTO pagamentos_venda (id, venda_id, tipo_pagamento, valor, data_pagamento, criado_por, parcelas, criado_em) VALUES ('331e6b97-e2a3-4f41-8610-2c9892ac29bd', '6369abca-0958-4358-b1f9-35109ccdb1f9', 'pix', 3500.0, '2026-06-25', 'a3626643-4749-4e56-83bc-b4a8ffd53659', 1, '2026-06-25T14:00:00+00');
INSERT INTO pagamentos_venda (id, venda_id, tipo_pagamento, valor, data_pagamento, criado_por, observacao, parcelas, criado_em) VALUES ('387d2d05-f7ac-4cc4-849c-f7682cd57b3a', '6369abca-0958-4358-b1f9-35109ccdb1f9', 'troca_aparelho', 3800.0, '2026-06-25', 'a3626643-4749-4e56-83bc-b4a8ffd53659', 'Troca: ENTROU UM 15 PRO MAX SEMINOVO POR', 1, '2026-06-25T14:00:00+00');
INSERT INTO brindes_aparelhos (id, loja_id, venda_id, descricao, valor_custo, data_ocorrencia, criado_por, criado_em) VALUES ('f6630b31-ff9f-4d71-94a1-d9f59c2b2a36', 4, '6369abca-0958-4358-b1f9-35109ccdb1f9', 'Brinde', 15.0, '2026-06-25', 'a3626643-4749-4e56-83bc-b4a8ffd53659', '2026-06-25T14:00:00+00');

-- === Linha 223: IPHONE 15 PRO MAX 256GB PRETO SEMINOVO (25/06/2026) ===
INSERT INTO aparelhos (id, marca, modelo, imei, valor_venda, valor_compra, loja_id, estado, condicao, status, data_venda, data_entrada, criado_por, criado_em, atualizado_em, observacoes) VALUES ('f25c4184-a82d-4b30-ab79-ba7ee4e6ca1f', 'Apple', 'IPHONE 15 PRO MAX 256GB PRETO SEMINOVO', '358862620187345', 4000.0, 3800.0, 1, 'seminovo', 'bom', 'vendido', '2026-06-25T14:00:00+00', '2026-06-25T14:00:00+00', '0dd2c938-c6dd-4f5d-aac5-ed045ee5d2fb', '2026-06-25T14:00:00+00', '2026-06-25T14:00:00+00', NULL);
INSERT INTO vendas (id, numero_venda, cliente_id, loja_id, vendedor_id, status, tipo, valor_total, valor_pago, saldo_devedor, criado_em, finalizado_em, finalizado_por) VALUES ('2d654990-92a5-42d9-bf8b-bce5aa17dbe6', 11687, current_setting('importacao.cliente_id')::uuid, 1, '0dd2c938-c6dd-4f5d-aac5-ed045ee5d2fb', 'concluida', 'normal', 4000.0, 4000.0, 0.0, '2026-06-25T14:00:00+00', '2026-06-25T14:00:00+00', '0dd2c938-c6dd-4f5d-aac5-ed045ee5d2fb');
UPDATE aparelhos SET venda_id = '2d654990-92a5-42d9-bf8b-bce5aa17dbe6' WHERE id = 'f25c4184-a82d-4b30-ab79-ba7ee4e6ca1f';
INSERT INTO pagamentos_venda (id, venda_id, tipo_pagamento, valor, data_pagamento, criado_por, parcelas, criado_em) VALUES ('0a4c20fe-2b64-469d-b878-cb11b97f102d', '2d654990-92a5-42d9-bf8b-bce5aa17dbe6', 'pix', 1000.0, '2026-06-25', '0dd2c938-c6dd-4f5d-aac5-ed045ee5d2fb', 1, '2026-06-25T14:00:00+00');
INSERT INTO pagamentos_venda (id, venda_id, tipo_pagamento, valor, data_pagamento, criado_por, parcelas, criado_em) VALUES ('080f37a0-58f2-4c45-9651-d21d51bd5387', '2d654990-92a5-42d9-bf8b-bce5aa17dbe6', 'dinheiro', 3000.0, '2026-06-25', '0dd2c938-c6dd-4f5d-aac5-ed045ee5d2fb', 1, '2026-06-25T14:00:00+00');
INSERT INTO brindes_aparelhos (id, loja_id, venda_id, descricao, valor_custo, data_ocorrencia, criado_por, criado_em) VALUES ('24514074-9f2d-4c4e-94ec-a0eb8ede667e', 1, '2d654990-92a5-42d9-bf8b-bce5aa17dbe6', 'Brinde', 25.0, '2026-06-25', '0dd2c938-c6dd-4f5d-aac5-ed045ee5d2fb', '2026-06-25T14:00:00+00');

-- === Linha 224: IPHONE 17 PRO MAX 256GB LARANJA NOVO (25/06/2026) ===
INSERT INTO aparelhos (id, marca, modelo, imei, valor_venda, valor_compra, loja_id, estado, condicao, status, data_venda, data_entrada, criado_por, criado_em, atualizado_em, observacoes) VALUES ('5c32f448-cee9-4df9-9a5e-3ddcfb026580', 'Apple', 'IPHONE 17 PRO MAX 256GB LARANJA NOVO', NULL, 7200.0, 6900.0, 1, 'novo', 'perfeito', 'vendido', '2026-06-25T14:00:00+00', '2026-06-25T14:00:00+00', '9451cd9f-6770-4e32-aae8-c75fa675e818', '2026-06-25T14:00:00+00', '2026-06-25T14:00:00+00', 'Sem IMEI');
INSERT INTO vendas (id, numero_venda, cliente_id, loja_id, vendedor_id, status, tipo, valor_total, valor_pago, saldo_devedor, criado_em, finalizado_em, finalizado_por) VALUES ('0a9d79d9-72ed-457e-a488-2b0e4f052c01', 11688, current_setting('importacao.cliente_id')::uuid, 1, '9451cd9f-6770-4e32-aae8-c75fa675e818', 'concluida', 'normal', 7200.0, 7200.0, 0.0, '2026-06-25T14:00:00+00', '2026-06-25T14:00:00+00', '9451cd9f-6770-4e32-aae8-c75fa675e818');
UPDATE aparelhos SET venda_id = '0a9d79d9-72ed-457e-a488-2b0e4f052c01' WHERE id = '5c32f448-cee9-4df9-9a5e-3ddcfb026580';
INSERT INTO pagamentos_venda (id, venda_id, tipo_pagamento, valor, data_pagamento, criado_por, parcelas, criado_em) VALUES ('2422bee3-0d69-4525-b37e-53c385256120', '0a9d79d9-72ed-457e-a488-2b0e4f052c01', 'pix', 4300.0, '2026-06-25', '9451cd9f-6770-4e32-aae8-c75fa675e818', 1, '2026-06-25T14:00:00+00');
INSERT INTO pagamentos_venda (id, venda_id, tipo_pagamento, valor, data_pagamento, criado_por, observacao, parcelas, criado_em) VALUES ('cf81b05a-242b-4c99-acf3-8cc647943fd0', '0a9d79d9-72ed-457e-a488-2b0e4f052c01', 'troca_aparelho', 2900.0, '2026-06-25', '9451cd9f-6770-4e32-aae8-c75fa675e818', 'Troca: 14 PRO MAX 128GB', 1, '2026-06-25T14:00:00+00');
INSERT INTO brindes_aparelhos (id, loja_id, venda_id, descricao, valor_custo, data_ocorrencia, criado_por, criado_em) VALUES ('1a24e999-4683-4eae-82be-5c7c78604c6d', 1, '0a9d79d9-72ed-457e-a488-2b0e4f052c01', 'Brinde', 35.0, '2026-06-25', '9451cd9f-6770-4e32-aae8-c75fa675e818', '2026-06-25T14:00:00+00');

-- PULADO (IMEI ja existe): linha 225 - REDMI PAD 2 128GB GRAFIT NOVO [65520/W5Z501219]
COMMIT;

-- ============================================================
-- RESUMO
-- Importados:          192
-- Pulados Angel:       4
-- Pulados IMEI dup:    28
-- Sem IMEI (NULL):     17
-- Pix forcado:         27
-- Brindes:             134
-- Trocas:              40
-- Ultimo numero_venda: 11688
-- ============================================================