BEGIN;
DO $body$
DECLARE v_cliente_id UUID;
BEGIN
    SELECT id INTO v_cliente_id FROM clientes WHERE nome = 'Cliente Balcao' LIMIT 1;
    IF v_cliente_id IS NULL THEN
        INSERT INTO clientes (id, nome, id_loja, criado_em, atualizado_em) VALUES (gen_random_uuid(), 'Cliente Balcao', 1, NOW(), NOW()) RETURNING id INTO v_cliente_id;
    END IF;
    PERFORM set_config('importacao.cliente_id', v_cliente_id::text, true);
END;
$body$;

-- Linha 3: IPAD 11 128GB SILVER NOVO (03/06/2026)
INSERT INTO aparelhos (id, marca, modelo, imei, valor_venda, valor_compra, loja_id, estado, condicao, status, data_venda, data_entrada, criado_por, criado_em, atualizado_em, observacoes) VALUES ('1f39d24b-dd70-45f2-b1e0-fc0f9757d29d', 'Apple', 'IPAD 11 128GB SILVER NOVO', 'J9T7D3RTHM', 2480.0, 2250.0, 1, 'novo', 'perfeito', 'vendido', '2026-06-03T14:00:00+00', '2026-06-03T14:00:00+00', '85e3aa42-b9af-49b8-a72a-64e9c337aa53', '2026-06-03T14:00:00+00', '2026-06-03T14:00:00+00', NULL);
INSERT INTO vendas (id, numero_venda, cliente_id, loja_id, vendedor_id, status, tipo, valor_total, valor_pago, saldo_devedor, criado_em, finalizado_em, finalizado_por) VALUES ('24de8cfb-7d70-4a3a-877d-a769ead54996', 12579, current_setting('importacao.cliente_id')::uuid, 1, '85e3aa42-b9af-49b8-a72a-64e9c337aa53', 'concluida', 'normal', 2480.0, 2480.0, 0, '2026-06-03T14:00:00+00', '2026-06-03T14:00:00+00', '85e3aa42-b9af-49b8-a72a-64e9c337aa53');
UPDATE aparelhos SET venda_id = '24de8cfb-7d70-4a3a-877d-a769ead54996' WHERE id = '1f39d24b-dd70-45f2-b1e0-fc0f9757d29d';
INSERT INTO pagamentos_venda (id, venda_id, tipo_pagamento, valor, data_pagamento, criado_por, parcelas, criado_em) VALUES ('80f29593-5576-4e2a-9f26-79a9a1a4d1d6', '24de8cfb-7d70-4a3a-877d-a769ead54996', 'pix', 2480.0, '2026-06-03', '85e3aa42-b9af-49b8-a72a-64e9c337aa53', 1, '2026-06-03T14:00:00+00');

-- Linha 4: IPHONE 17 PRO MAX 256GB LARANJA NOVO (26/06/2026)
INSERT INTO aparelhos (id, marca, modelo, imei, valor_venda, valor_compra, loja_id, estado, condicao, status, data_venda, data_entrada, criado_por, criado_em, atualizado_em, observacoes) VALUES ('d0dbca01-e446-4efe-9795-a88c06e42c7b', 'Apple', 'IPHONE 17 PRO MAX 256GB LARANJA NOVO', '357247259485338', 7160.0, 6900.0, 4, 'novo', 'perfeito', 'vendido', '2026-06-26T14:00:00+00', '2026-06-26T14:00:00+00', 'a3626643-4749-4e56-83bc-b4a8ffd53659', '2026-06-26T14:00:00+00', '2026-06-26T14:00:00+00', NULL);
INSERT INTO vendas (id, numero_venda, cliente_id, loja_id, vendedor_id, status, tipo, valor_total, valor_pago, saldo_devedor, criado_em, finalizado_em, finalizado_por) VALUES ('1dd4b8eb-cb94-43a7-9bb9-9d444d0b6f9f', 12580, current_setting('importacao.cliente_id')::uuid, 4, 'a3626643-4749-4e56-83bc-b4a8ffd53659', 'concluida', 'normal', 7160.0, 7160.0, 0, '2026-06-26T14:00:00+00', '2026-06-26T14:00:00+00', 'a3626643-4749-4e56-83bc-b4a8ffd53659');
UPDATE aparelhos SET venda_id = '1dd4b8eb-cb94-43a7-9bb9-9d444d0b6f9f' WHERE id = 'd0dbca01-e446-4efe-9795-a88c06e42c7b';
INSERT INTO pagamentos_venda (id, venda_id, tipo_pagamento, valor, data_pagamento, criado_por, parcelas, criado_em) VALUES ('0f8dd95d-3dea-4847-9270-2d1692d49c4f', '1dd4b8eb-cb94-43a7-9bb9-9d444d0b6f9f', 'pix', 7160.0, '2026-06-26', 'a3626643-4749-4e56-83bc-b4a8ffd53659', 1, '2026-06-26T14:00:00+00');
INSERT INTO brindes_aparelhos (id, loja_id, venda_id, descricao, valor_custo, data_ocorrencia, criado_por, criado_em) VALUES ('dab16670-7a43-4af4-ad3c-f3ba4bd1833f', 4, '1dd4b8eb-cb94-43a7-9bb9-9d444d0b6f9f', 'Brinde', 55.0, '2026-06-26', 'a3626643-4749-4e56-83bc-b4a8ffd53659', '2026-06-26T14:00:00+00');

-- Linha 5: IPHONE 17 PRO MAX 256GB AZUL LACRADO (26/06/2026)
INSERT INTO aparelhos (id, marca, modelo, imei, valor_venda, valor_compra, loja_id, estado, condicao, status, data_venda, data_entrada, criado_por, criado_em, atualizado_em, observacoes) VALUES ('e07a92cd-de4a-40cf-8def-e1af7620de54', 'Apple', 'IPHONE 17 PRO MAX 256GB AZUL LACRADO', '35.724725.785420-4', 7275.0, 7000.0, 1, 'novo', 'perfeito', 'vendido', '2026-06-26T14:00:00+00', '2026-06-26T14:00:00+00', '9451cd9f-6770-4e32-aae8-c75fa675e818', '2026-06-26T14:00:00+00', '2026-06-26T14:00:00+00', NULL);
INSERT INTO vendas (id, numero_venda, cliente_id, loja_id, vendedor_id, status, tipo, valor_total, valor_pago, saldo_devedor, criado_em, finalizado_em, finalizado_por) VALUES ('9ca153b6-4705-4441-a17d-aee3fd28cb02', 12581, current_setting('importacao.cliente_id')::uuid, 1, '9451cd9f-6770-4e32-aae8-c75fa675e818', 'concluida', 'normal', 7275.0, 7275.0, 0, '2026-06-26T14:00:00+00', '2026-06-26T14:00:00+00', '9451cd9f-6770-4e32-aae8-c75fa675e818');
UPDATE aparelhos SET venda_id = '9ca153b6-4705-4441-a17d-aee3fd28cb02' WHERE id = 'e07a92cd-de4a-40cf-8def-e1af7620de54';
INSERT INTO pagamentos_venda (id, venda_id, tipo_pagamento, valor, data_pagamento, criado_por, parcelas, criado_em) VALUES ('7fe22a07-0afd-45b0-b901-60ada269a741', '9ca153b6-4705-4441-a17d-aee3fd28cb02', 'pix', 7275.0, '2026-06-26', '9451cd9f-6770-4e32-aae8-c75fa675e818', 1, '2026-06-26T14:00:00+00');
INSERT INTO brindes_aparelhos (id, loja_id, venda_id, descricao, valor_custo, data_ocorrencia, criado_por, criado_em) VALUES ('901e3786-4d4e-4bc4-8060-bc755a10188d', 1, '9ca153b6-4705-4441-a17d-aee3fd28cb02', 'Brinde', 20.0, '2026-06-26', '9451cd9f-6770-4e32-aae8-c75fa675e818', '2026-06-26T14:00:00+00');

-- Linha 6: IPHONE 16 PRO MAX 1TB DESERT SEMINOVO (26/06/2026)
INSERT INTO aparelhos (id, marca, modelo, imei, valor_venda, valor_compra, loja_id, estado, condicao, status, data_venda, data_entrada, criado_por, criado_em, atualizado_em, observacoes) VALUES ('41e761d3-ad7a-4e47-9901-9a9d9a0b1174', 'Apple', 'IPHONE 16 PRO MAX 1TB DESERT SEMINOVO', '359222389367712', 5930.0, 5200.0, 4, 'seminovo', 'bom', 'vendido', '2026-06-26T14:00:00+00', '2026-06-26T14:00:00+00', 'a3626643-4749-4e56-83bc-b4a8ffd53659', '2026-06-26T14:00:00+00', '2026-06-26T14:00:00+00', 'Pagto junto (Aparelho 1/1, total grupo R$ 5,930)');
INSERT INTO vendas (id, numero_venda, cliente_id, loja_id, vendedor_id, status, tipo, valor_total, valor_pago, saldo_devedor, criado_em, finalizado_em, finalizado_por) VALUES ('669f3c43-19b3-4881-bc79-b7bd6dc93958', 12582, current_setting('importacao.cliente_id')::uuid, 4, 'a3626643-4749-4e56-83bc-b4a8ffd53659', 'concluida', 'normal', 5930.0, 5930.0, 0, '2026-06-26T14:00:00+00', '2026-06-26T14:00:00+00', 'a3626643-4749-4e56-83bc-b4a8ffd53659');
UPDATE aparelhos SET venda_id = '669f3c43-19b3-4881-bc79-b7bd6dc93958' WHERE id = '41e761d3-ad7a-4e47-9901-9a9d9a0b1174';
INSERT INTO pagamentos_venda (id, venda_id, tipo_pagamento, valor, data_pagamento, criado_por, parcelas, criado_em) VALUES ('2cfec4a5-b49a-4208-a304-f607f2de0dc6', '669f3c43-19b3-4881-bc79-b7bd6dc93958', 'pix', 4130.0, '2026-06-26', 'a3626643-4749-4e56-83bc-b4a8ffd53659', 1, '2026-06-26T14:00:00+00');
INSERT INTO pagamentos_venda (id, venda_id, tipo_pagamento, valor, data_pagamento, criado_por, observacao, parcelas, criado_em) VALUES ('a7c76a4f-92ef-4901-b0f7-43c4d84011f9', '669f3c43-19b3-4881-bc79-b7bd6dc93958', 'troca_aparelho', 1800.0, '2026-06-26', 'a3626643-4749-4e56-83bc-b4a8ffd53659', 'Troca: ENTROU UM 12 PRO MAX SEMINOVO', 1, '2026-06-26T14:00:00+00');
INSERT INTO brindes_aparelhos (id, loja_id, venda_id, descricao, valor_custo, data_ocorrencia, criado_por, criado_em) VALUES ('fb8431e3-f8ed-4c73-aef2-af39631a0e72', 4, '669f3c43-19b3-4881-bc79-b7bd6dc93958', 'Brinde', 120.0, '2026-06-26', 'a3626643-4749-4e56-83bc-b4a8ffd53659', '2026-06-26T14:00:00+00');

-- Linha 7: IPAD 11 128GB 128GB AZUL NOVO (27/06/2026)
INSERT INTO aparelhos (id, marca, modelo, imei, valor_venda, valor_compra, loja_id, estado, condicao, status, data_venda, data_entrada, criado_por, criado_em, atualizado_em, observacoes) VALUES ('cce74b8f-4217-431e-9926-c45da87c8514', 'Apple', 'IPAD 11 128GB 128GB AZUL NOVO', 'D17XQX74L9', 2717.0, 2600.0, 19, 'novo', 'perfeito', 'vendido', '2026-06-27T14:00:00+00', '2026-06-27T14:00:00+00', '97f12885-87ad-426a-8bbb-656889d82e10', '2026-06-27T14:00:00+00', '2026-06-27T14:00:00+00', NULL);
INSERT INTO vendas (id, numero_venda, cliente_id, loja_id, vendedor_id, status, tipo, valor_total, valor_pago, saldo_devedor, criado_em, finalizado_em, finalizado_por) VALUES ('5dec37bf-d7be-4951-9a6c-2efc71c232d2', 12583, current_setting('importacao.cliente_id')::uuid, 19, '97f12885-87ad-426a-8bbb-656889d82e10', 'concluida', 'normal', 2717.0, 2717.0, 0, '2026-06-27T14:00:00+00', '2026-06-27T14:00:00+00', '97f12885-87ad-426a-8bbb-656889d82e10');
UPDATE aparelhos SET venda_id = '5dec37bf-d7be-4951-9a6c-2efc71c232d2' WHERE id = 'cce74b8f-4217-431e-9926-c45da87c8514';
INSERT INTO pagamentos_venda (id, venda_id, tipo_pagamento, valor, data_pagamento, criado_por, parcelas, criado_em) VALUES ('9c70a4c3-9750-4694-8ae2-aa3eb88d2cc6', '5dec37bf-d7be-4951-9a6c-2efc71c232d2', 'cartao_credito', 2717.0, '2026-06-27', '97f12885-87ad-426a-8bbb-656889d82e10', 1, '2026-06-27T14:00:00+00');

-- Linha 8: IPAD 11 128GB SILVER LACRADO (27/06/2026)
INSERT INTO aparelhos (id, marca, modelo, imei, valor_venda, valor_compra, loja_id, estado, condicao, status, data_venda, data_entrada, criado_por, criado_em, atualizado_em, observacoes) VALUES ('fb5cfa4f-2ce9-4862-8567-4d969b309466', 'Apple', 'IPAD 11 128GB SILVER LACRADO', 'JXJGT43XNN', 2800.0, 2600.0, 1, 'novo', 'perfeito', 'vendido', '2026-06-27T14:00:00+00', '2026-06-27T14:00:00+00', '0dd2c938-c6dd-4f5d-aac5-ed045ee5d2fb', '2026-06-27T14:00:00+00', '2026-06-27T14:00:00+00', NULL);
INSERT INTO vendas (id, numero_venda, cliente_id, loja_id, vendedor_id, status, tipo, valor_total, valor_pago, saldo_devedor, criado_em, finalizado_em, finalizado_por) VALUES ('7a51d77d-d234-4d66-9adc-c657b7d8d958', 12584, current_setting('importacao.cliente_id')::uuid, 1, '0dd2c938-c6dd-4f5d-aac5-ed045ee5d2fb', 'concluida', 'normal', 2800.0, 2800.0, 0, '2026-06-27T14:00:00+00', '2026-06-27T14:00:00+00', '0dd2c938-c6dd-4f5d-aac5-ed045ee5d2fb');
UPDATE aparelhos SET venda_id = '7a51d77d-d234-4d66-9adc-c657b7d8d958' WHERE id = 'fb5cfa4f-2ce9-4862-8567-4d969b309466';
INSERT INTO pagamentos_venda (id, venda_id, tipo_pagamento, valor, data_pagamento, criado_por, parcelas, criado_em) VALUES ('e11d7e86-009f-46e4-8bf1-d846f92485b1', '7a51d77d-d234-4d66-9adc-c657b7d8d958', 'pix', 2800.0, '2026-06-27', '0dd2c938-c6dd-4f5d-aac5-ed045ee5d2fb', 1, '2026-06-27T14:00:00+00');
INSERT INTO brindes_aparelhos (id, loja_id, venda_id, descricao, valor_custo, data_ocorrencia, criado_por, criado_em) VALUES ('15bf2ca0-51a2-4c22-b569-4881c9ac1a4e', 1, '7a51d77d-d234-4d66-9adc-c657b7d8d958', 'Brinde', 70.0, '2026-06-27', '0dd2c938-c6dd-4f5d-aac5-ed045ee5d2fb', '2026-06-27T14:00:00+00');

-- Linha 9: IPHONE 14 256GB PRETO SEMINOVO (28/06/2026)
INSERT INTO aparelhos (id, marca, modelo, imei, valor_venda, valor_compra, loja_id, estado, condicao, status, data_venda, data_entrada, criado_por, criado_em, atualizado_em, observacoes) VALUES ('309e1e34-c74d-4d06-b41a-0d5bd3253a06', 'Apple', 'IPHONE 14 256GB PRETO SEMINOVO', '350887743051654', 2373.0, 2150.0, 4, 'seminovo', 'bom', 'vendido', '2026-06-28T14:00:00+00', '2026-06-28T14:00:00+00', 'a3626643-4749-4e56-83bc-b4a8ffd53659', '2026-06-28T14:00:00+00', '2026-06-28T14:00:00+00', NULL);
INSERT INTO vendas (id, numero_venda, cliente_id, loja_id, vendedor_id, status, tipo, valor_total, valor_pago, saldo_devedor, criado_em, finalizado_em, finalizado_por) VALUES ('b0b67793-7085-40ac-9f8c-87855605d9f4', 12585, current_setting('importacao.cliente_id')::uuid, 4, 'a3626643-4749-4e56-83bc-b4a8ffd53659', 'concluida', 'normal', 2373.0, 2373.0, 0, '2026-06-28T14:00:00+00', '2026-06-28T14:00:00+00', 'a3626643-4749-4e56-83bc-b4a8ffd53659');
UPDATE aparelhos SET venda_id = 'b0b67793-7085-40ac-9f8c-87855605d9f4' WHERE id = '309e1e34-c74d-4d06-b41a-0d5bd3253a06';
INSERT INTO pagamentos_venda (id, venda_id, tipo_pagamento, valor, data_pagamento, criado_por, parcelas, criado_em) VALUES ('0cf5c788-abe0-4838-9268-73da5dd121c3', 'b0b67793-7085-40ac-9f8c-87855605d9f4', 'cartao_credito', 2373.0, '2026-06-28', 'a3626643-4749-4e56-83bc-b4a8ffd53659', 1, '2026-06-28T14:00:00+00');
INSERT INTO brindes_aparelhos (id, loja_id, venda_id, descricao, valor_custo, data_ocorrencia, criado_por, criado_em) VALUES ('d2b4f877-89d9-41f7-b4f1-4bf22fbc0cd3', 4, 'b0b67793-7085-40ac-9f8c-87855605d9f4', 'Brinde', 25.0, '2026-06-28', 'a3626643-4749-4e56-83bc-b4a8ffd53659', '2026-06-28T14:00:00+00');

-- Linha 10: REDMI PAD 2 256GB CINZA NOVO (28/06/2026)
INSERT INTO aparelhos (id, marca, modelo, imei, valor_venda, valor_compra, loja_id, estado, condicao, status, data_venda, data_entrada, criado_por, criado_em, atualizado_em, observacoes) VALUES ('900f855e-f035-437b-8793-e3780711bdf5', 'Xiaomi', 'REDMI PAD 2 256GB CINZA NOVO', '65554/W6QT01423', 1450.0, 1210.0, 19, 'novo', 'perfeito', 'vendido', '2026-06-28T14:00:00+00', '2026-06-28T14:00:00+00', '97f12885-87ad-426a-8bbb-656889d82e10', '2026-06-28T14:00:00+00', '2026-06-28T14:00:00+00', NULL);
INSERT INTO vendas (id, numero_venda, cliente_id, loja_id, vendedor_id, status, tipo, valor_total, valor_pago, saldo_devedor, criado_em, finalizado_em, finalizado_por) VALUES ('e43704a4-e76f-4937-869f-be6f8813f7b1', 12586, current_setting('importacao.cliente_id')::uuid, 19, '97f12885-87ad-426a-8bbb-656889d82e10', 'concluida', 'normal', 1450.0, 1450.0, 0, '2026-06-28T14:00:00+00', '2026-06-28T14:00:00+00', '97f12885-87ad-426a-8bbb-656889d82e10');
UPDATE aparelhos SET venda_id = 'e43704a4-e76f-4937-869f-be6f8813f7b1' WHERE id = '900f855e-f035-437b-8793-e3780711bdf5';
INSERT INTO pagamentos_venda (id, venda_id, tipo_pagamento, valor, data_pagamento, criado_por, parcelas, criado_em) VALUES ('0855cdac-e1c5-4d6d-9a8e-97b8b190b34d', 'e43704a4-e76f-4937-869f-be6f8813f7b1', 'pix', 1450.0, '2026-06-28', '97f12885-87ad-426a-8bbb-656889d82e10', 1, '2026-06-28T14:00:00+00');

-- Linha 11: APPLE PENCIL PRO BRANCA NOVA (28/06/2026)
INSERT INTO aparelhos (id, marca, modelo, imei, valor_venda, valor_compra, loja_id, estado, condicao, status, data_venda, data_entrada, criado_por, criado_em, atualizado_em, observacoes) VALUES ('4822430a-0367-4ac4-9bc0-d00c6d08936f', 'Apple', 'APPLE PENCIL PRO BRANCA NOVA', 'LYPH7KH547', 850.0, 720.0, 4, 'seminovo', 'bom', 'vendido', '2026-06-28T14:00:00+00', '2026-06-28T14:00:00+00', 'a3626643-4749-4e56-83bc-b4a8ffd53659', '2026-06-28T14:00:00+00', '2026-06-28T14:00:00+00', NULL);
INSERT INTO vendas (id, numero_venda, cliente_id, loja_id, vendedor_id, status, tipo, valor_total, valor_pago, saldo_devedor, criado_em, finalizado_em, finalizado_por) VALUES ('7706aba8-297d-4099-aebd-eb3c78740db8', 12587, current_setting('importacao.cliente_id')::uuid, 4, 'a3626643-4749-4e56-83bc-b4a8ffd53659', 'concluida', 'normal', 850.0, 850.0, 0, '2026-06-28T14:00:00+00', '2026-06-28T14:00:00+00', 'a3626643-4749-4e56-83bc-b4a8ffd53659');
UPDATE aparelhos SET venda_id = '7706aba8-297d-4099-aebd-eb3c78740db8' WHERE id = '4822430a-0367-4ac4-9bc0-d00c6d08936f';
INSERT INTO pagamentos_venda (id, venda_id, tipo_pagamento, valor, data_pagamento, criado_por, parcelas, criado_em) VALUES ('37376b69-8685-4aef-9e6e-8fcc7e1be5ab', '7706aba8-297d-4099-aebd-eb3c78740db8', 'pix', 850.0, '2026-06-28', 'a3626643-4749-4e56-83bc-b4a8ffd53659', 1, '2026-06-28T14:00:00+00');

-- Linha 12: FONTE APPLE ORIGINAL NOVO (30/06/2026)
INSERT INTO aparelhos (id, marca, modelo, imei, valor_venda, valor_compra, loja_id, estado, condicao, status, data_venda, data_entrada, criado_por, criado_em, atualizado_em, observacoes) VALUES ('444735ad-4f68-4249-ad59-cf6c9f2c07f2', 'Apple', 'FONTE APPLE ORIGINAL NOVO', 'C4H617100HUQ8YQAH', 200.0, 125.0, 4, 'novo', 'perfeito', 'vendido', '2026-06-30T14:00:00+00', '2026-06-30T14:00:00+00', 'a3626643-4749-4e56-83bc-b4a8ffd53659', '2026-06-30T14:00:00+00', '2026-06-30T14:00:00+00', 'pgto forcado pix');
INSERT INTO vendas (id, numero_venda, cliente_id, loja_id, vendedor_id, status, tipo, valor_total, valor_pago, saldo_devedor, criado_em, finalizado_em, finalizado_por) VALUES ('8fe428f0-6a85-4adf-aad3-a7e2ed015347', 12588, current_setting('importacao.cliente_id')::uuid, 4, 'a3626643-4749-4e56-83bc-b4a8ffd53659', 'concluida', 'normal', 200.0, 200.0, 0, '2026-06-30T14:00:00+00', '2026-06-30T14:00:00+00', 'a3626643-4749-4e56-83bc-b4a8ffd53659');
UPDATE aparelhos SET venda_id = '8fe428f0-6a85-4adf-aad3-a7e2ed015347' WHERE id = '444735ad-4f68-4249-ad59-cf6c9f2c07f2';
INSERT INTO pagamentos_venda (id, venda_id, tipo_pagamento, valor, data_pagamento, criado_por, parcelas, criado_em) VALUES ('eead7b51-fd44-41f6-8e95-5e43d73be6b8', '8fe428f0-6a85-4adf-aad3-a7e2ed015347', 'pix', 200.0, '2026-06-30', 'a3626643-4749-4e56-83bc-b4a8ffd53659', 1, '2026-06-30T14:00:00+00');

-- Linha 13: IPAD 11 128GB SILVER NOVO (30/06/2026)
INSERT INTO aparelhos (id, marca, modelo, imei, valor_venda, valor_compra, loja_id, estado, condicao, status, data_venda, data_entrada, criado_por, criado_em, atualizado_em, observacoes) VALUES ('17595503-6509-40b9-8d71-cf7034aecc36', 'Apple', 'IPAD 11 128GB SILVER NOVO', 'HGGXOXCQXF', 2952.0, 2650.0, 4, 'novo', 'perfeito', 'vendido', '2026-06-30T14:00:00+00', '2026-06-30T14:00:00+00', 'a3626643-4749-4e56-83bc-b4a8ffd53659', '2026-06-30T14:00:00+00', '2026-06-30T14:00:00+00', NULL);
INSERT INTO vendas (id, numero_venda, cliente_id, loja_id, vendedor_id, status, tipo, valor_total, valor_pago, saldo_devedor, criado_em, finalizado_em, finalizado_por) VALUES ('1836fb8d-29c4-496a-9c6e-9709f3210cf2', 12589, current_setting('importacao.cliente_id')::uuid, 4, 'a3626643-4749-4e56-83bc-b4a8ffd53659', 'concluida', 'normal', 2952.0, 2952.0, 0, '2026-06-30T14:00:00+00', '2026-06-30T14:00:00+00', 'a3626643-4749-4e56-83bc-b4a8ffd53659');
UPDATE aparelhos SET venda_id = '1836fb8d-29c4-496a-9c6e-9709f3210cf2' WHERE id = '17595503-6509-40b9-8d71-cf7034aecc36';
INSERT INTO pagamentos_venda (id, venda_id, tipo_pagamento, valor, data_pagamento, criado_por, parcelas, criado_em) VALUES ('823fa371-04f6-4c8a-9a90-e51d032e2285', '1836fb8d-29c4-496a-9c6e-9709f3210cf2', 'pix', 2600.0, '2026-06-30', 'a3626643-4749-4e56-83bc-b4a8ffd53659', 1, '2026-06-30T14:00:00+00');
INSERT INTO pagamentos_venda (id, venda_id, tipo_pagamento, valor, data_pagamento, criado_por, parcelas, criado_em) VALUES ('a66d111b-f64e-47d2-a6d2-2ca7ed2ea61e', '1836fb8d-29c4-496a-9c6e-9709f3210cf2', 'cartao_credito', 352.0, '2026-06-30', 'a3626643-4749-4e56-83bc-b4a8ffd53659', 1, '2026-06-30T14:00:00+00');
INSERT INTO brindes_aparelhos (id, loja_id, venda_id, descricao, valor_custo, data_ocorrencia, criado_por, criado_em) VALUES ('3fa690dd-ea9a-4e57-ad69-b7cefbd1af63', 4, '1836fb8d-29c4-496a-9c6e-9709f3210cf2', 'Brinde', 170.0, '2026-06-30', 'a3626643-4749-4e56-83bc-b4a8ffd53659', '2026-06-30T14:00:00+00');

-- Linha 14: IPHONE 16 PRO PRETO 256GB SEMINOVO (30/06/2026)
INSERT INTO aparelhos (id, marca, modelo, imei, valor_venda, valor_compra, loja_id, estado, condicao, status, data_venda, data_entrada, criado_por, criado_em, atualizado_em, observacoes) VALUES ('3eedc739-135d-47f1-b8bc-114582fa0545', 'Apple', 'IPHONE 16 PRO PRETO 256GB SEMINOVO', 'I358564741281409', 4600.0, 4400.0, 4, 'seminovo', 'bom', 'vendido', '2026-06-30T14:00:00+00', '2026-06-30T14:00:00+00', 'a3626643-4749-4e56-83bc-b4a8ffd53659', '2026-06-30T14:00:00+00', '2026-06-30T14:00:00+00', NULL);
INSERT INTO vendas (id, numero_venda, cliente_id, loja_id, vendedor_id, status, tipo, valor_total, valor_pago, saldo_devedor, criado_em, finalizado_em, finalizado_por) VALUES ('a4a5fb7b-ae9f-4289-91ee-dc872b6e18dd', 12590, current_setting('importacao.cliente_id')::uuid, 4, 'a3626643-4749-4e56-83bc-b4a8ffd53659', 'concluida', 'normal', 4600.0, 4600.0, 0, '2026-06-30T14:00:00+00', '2026-06-30T14:00:00+00', 'a3626643-4749-4e56-83bc-b4a8ffd53659');
UPDATE aparelhos SET venda_id = 'a4a5fb7b-ae9f-4289-91ee-dc872b6e18dd' WHERE id = '3eedc739-135d-47f1-b8bc-114582fa0545';
INSERT INTO pagamentos_venda (id, venda_id, tipo_pagamento, valor, data_pagamento, criado_por, parcelas, criado_em) VALUES ('9f16efbf-5d68-4ff7-a250-21cc017e64e0', 'a4a5fb7b-ae9f-4289-91ee-dc872b6e18dd', 'pix', 4600.0, '2026-06-30', 'a3626643-4749-4e56-83bc-b4a8ffd53659', 1, '2026-06-30T14:00:00+00');
INSERT INTO brindes_aparelhos (id, loja_id, venda_id, descricao, valor_custo, data_ocorrencia, criado_por, criado_em) VALUES ('82291d5c-3600-456d-b7b2-96a4f85bb0b2', 4, 'a4a5fb7b-ae9f-4289-91ee-dc872b6e18dd', 'Brinde', 25.0, '2026-06-30', 'a3626643-4749-4e56-83bc-b4a8ffd53659', '2026-06-30T14:00:00+00');

-- Linha 15: REDMI PAD 2 256GB CINZA NOVO (30/06/2026)
INSERT INTO aparelhos (id, marca, modelo, imei, valor_venda, valor_compra, loja_id, estado, condicao, status, data_venda, data_entrada, criado_por, criado_em, atualizado_em, observacoes) VALUES ('81e0e02e-f29b-4843-a0fe-1e0e8f7f45c3', 'Xiaomi', 'REDMI PAD 2 256GB CINZA NOVO', '65554/V6QT00717', 1410.0, 1230.0, 19, 'novo', 'perfeito', 'vendido', '2026-06-30T14:00:00+00', '2026-06-30T14:00:00+00', '97f12885-87ad-426a-8bbb-656889d82e10', '2026-06-30T14:00:00+00', '2026-06-30T14:00:00+00', NULL);
INSERT INTO vendas (id, numero_venda, cliente_id, loja_id, vendedor_id, status, tipo, valor_total, valor_pago, saldo_devedor, criado_em, finalizado_em, finalizado_por) VALUES ('0ab44c11-5dd5-4193-8be3-93ee149ef32a', 12591, current_setting('importacao.cliente_id')::uuid, 19, '97f12885-87ad-426a-8bbb-656889d82e10', 'concluida', 'normal', 1410.0, 1410.0, 0, '2026-06-30T14:00:00+00', '2026-06-30T14:00:00+00', '97f12885-87ad-426a-8bbb-656889d82e10');
UPDATE aparelhos SET venda_id = '0ab44c11-5dd5-4193-8be3-93ee149ef32a' WHERE id = '81e0e02e-f29b-4843-a0fe-1e0e8f7f45c3';
INSERT INTO pagamentos_venda (id, venda_id, tipo_pagamento, valor, data_pagamento, criado_por, parcelas, criado_em) VALUES ('494a437e-34f0-490e-b273-b370f1b8a59c', '0ab44c11-5dd5-4193-8be3-93ee149ef32a', 'cartao_credito', 1410.0, '2026-06-30', '97f12885-87ad-426a-8bbb-656889d82e10', 1, '2026-06-30T14:00:00+00');
INSERT INTO brindes_aparelhos (id, loja_id, venda_id, descricao, valor_custo, data_ocorrencia, criado_por, criado_em) VALUES ('a9a4ec7d-67b9-43c1-8c8b-79722464f763', 19, '0ab44c11-5dd5-4193-8be3-93ee149ef32a', 'Brinde', 60.0, '2026-06-30', '97f12885-87ad-426a-8bbb-656889d82e10', '2026-06-30T14:00:00+00');

-- Linha 16: SAMSUNG TAB A11+ 256GB SILVER NOVO (02/07/2026)
INSERT INTO aparelhos (id, marca, modelo, imei, valor_venda, valor_compra, loja_id, estado, condicao, status, data_venda, data_entrada, criado_por, criado_em, atualizado_em, observacoes) VALUES ('a87b3ddb-8a5b-4787-b969-1eb19b29735c', 'Samsung', 'SAMSUNG TAB A11+ 256GB SILVER NOVO', 'R5GL10471AN', 2000.0, 1690.0, 19, 'novo', 'perfeito', 'vendido', '2026-07-02T14:00:00+00', '2026-07-02T14:00:00+00', '97f12885-87ad-426a-8bbb-656889d82e10', '2026-07-02T14:00:00+00', '2026-07-02T14:00:00+00', NULL);
INSERT INTO vendas (id, numero_venda, cliente_id, loja_id, vendedor_id, status, tipo, valor_total, valor_pago, saldo_devedor, criado_em, finalizado_em, finalizado_por) VALUES ('f184a071-5ad3-4a04-92d9-a8f11281279c', 12592, current_setting('importacao.cliente_id')::uuid, 19, '97f12885-87ad-426a-8bbb-656889d82e10', 'concluida', 'normal', 2000.0, 2000.0, 0, '2026-07-02T14:00:00+00', '2026-07-02T14:00:00+00', '97f12885-87ad-426a-8bbb-656889d82e10');
UPDATE aparelhos SET venda_id = 'f184a071-5ad3-4a04-92d9-a8f11281279c' WHERE id = 'a87b3ddb-8a5b-4787-b969-1eb19b29735c';
INSERT INTO pagamentos_venda (id, venda_id, tipo_pagamento, valor, data_pagamento, criado_por, parcelas, criado_em) VALUES ('4103ed2f-3f6b-463a-bad4-3822fc36ad79', 'f184a071-5ad3-4a04-92d9-a8f11281279c', 'pix', 2000.0, '2026-07-02', '97f12885-87ad-426a-8bbb-656889d82e10', 1, '2026-07-02T14:00:00+00');
INSERT INTO brindes_aparelhos (id, loja_id, venda_id, descricao, valor_custo, data_ocorrencia, criado_por, criado_em) VALUES ('160e7604-3b2a-49b4-8174-c84a453916dd', 19, 'f184a071-5ad3-4a04-92d9-a8f11281279c', 'Brinde', 60.0, '2026-07-02', '97f12885-87ad-426a-8bbb-656889d82e10', '2026-07-02T14:00:00+00');

-- Linha 18: IPHONE 14 128GB PRETO SEMINOVO (02/07/2026)
INSERT INTO aparelhos (id, marca, modelo, imei, valor_venda, valor_compra, loja_id, estado, condicao, status, data_venda, data_entrada, criado_por, criado_em, atualizado_em, observacoes) VALUES ('57ab9f11-9779-4d1f-a18f-727234ff9ddf', 'Apple', 'IPHONE 14 128GB PRETO SEMINOVO', '3582504963025', 2200.0, 1900.0, 1, 'seminovo', 'bom', 'vendido', '2026-07-02T14:00:00+00', '2026-07-02T14:00:00+00', '0dd2c938-c6dd-4f5d-aac5-ed045ee5d2fb', '2026-07-02T14:00:00+00', '2026-07-02T14:00:00+00', NULL);
INSERT INTO vendas (id, numero_venda, cliente_id, loja_id, vendedor_id, status, tipo, valor_total, valor_pago, saldo_devedor, criado_em, finalizado_em, finalizado_por) VALUES ('4c60754a-e95a-4e62-b5b9-e3d230c5ef9d', 12593, current_setting('importacao.cliente_id')::uuid, 1, '0dd2c938-c6dd-4f5d-aac5-ed045ee5d2fb', 'concluida', 'normal', 2200.0, 2200.0, 0, '2026-07-02T14:00:00+00', '2026-07-02T14:00:00+00', '0dd2c938-c6dd-4f5d-aac5-ed045ee5d2fb');
UPDATE aparelhos SET venda_id = '4c60754a-e95a-4e62-b5b9-e3d230c5ef9d' WHERE id = '57ab9f11-9779-4d1f-a18f-727234ff9ddf';
INSERT INTO pagamentos_venda (id, venda_id, tipo_pagamento, valor, data_pagamento, criado_por, parcelas, criado_em) VALUES ('0d956e10-a6b8-4ec8-bf13-20f15905b913', '4c60754a-e95a-4e62-b5b9-e3d230c5ef9d', 'pix', 1250.0, '2026-07-02', '0dd2c938-c6dd-4f5d-aac5-ed045ee5d2fb', 1, '2026-07-02T14:00:00+00');
INSERT INTO pagamentos_venda (id, venda_id, tipo_pagamento, valor, data_pagamento, criado_por, observacao, parcelas, criado_em) VALUES ('36ae8de1-07cc-4b22-8383-6d96a24182dd', '4c60754a-e95a-4e62-b5b9-e3d230c5ef9d', 'troca_aparelho', 950.0, '2026-07-02', '0dd2c938-c6dd-4f5d-aac5-ed045ee5d2fb', 'Troca: IPH 12', 1, '2026-07-02T14:00:00+00');

-- Linha 19: FONTE APPLE NOVA (02/07/2026)
INSERT INTO aparelhos (id, marca, modelo, imei, valor_venda, valor_compra, loja_id, estado, condicao, status, data_venda, data_entrada, criado_por, criado_em, atualizado_em, observacoes) VALUES ('8f5c0f90-8912-4d36-93b1-46bfd298395d', 'Apple', 'FONTE APPLE NOVA', 'C4H0T/TUIPSQOYQAP', 180.0, 125.0, 1, 'seminovo', 'bom', 'vendido', '2026-07-02T14:00:00+00', '2026-07-02T14:00:00+00', '0dd2c938-c6dd-4f5d-aac5-ed045ee5d2fb', '2026-07-02T14:00:00+00', '2026-07-02T14:00:00+00', NULL);
INSERT INTO vendas (id, numero_venda, cliente_id, loja_id, vendedor_id, status, tipo, valor_total, valor_pago, saldo_devedor, criado_em, finalizado_em, finalizado_por) VALUES ('844ade33-eec4-42c6-b987-9818beeb2b0d', 12594, current_setting('importacao.cliente_id')::uuid, 1, '0dd2c938-c6dd-4f5d-aac5-ed045ee5d2fb', 'concluida', 'normal', 180.0, 180.0, 0, '2026-07-02T14:00:00+00', '2026-07-02T14:00:00+00', '0dd2c938-c6dd-4f5d-aac5-ed045ee5d2fb');
UPDATE aparelhos SET venda_id = '844ade33-eec4-42c6-b987-9818beeb2b0d' WHERE id = '8f5c0f90-8912-4d36-93b1-46bfd298395d';
INSERT INTO pagamentos_venda (id, venda_id, tipo_pagamento, valor, data_pagamento, criado_por, parcelas, criado_em) VALUES ('e613d102-b3d0-4ba2-aac5-8f93899eb8d9', '844ade33-eec4-42c6-b987-9818beeb2b0d', 'pix', 180.0, '2026-07-02', '0dd2c938-c6dd-4f5d-aac5-ed045ee5d2fb', 1, '2026-07-02T14:00:00+00');

-- Linha 20: IPHONE 16 PRO NATURAL 256GB SEMINOVO (03/07/2026)
INSERT INTO aparelhos (id, marca, modelo, imei, valor_venda, valor_compra, loja_id, estado, condicao, status, data_venda, data_entrada, criado_por, criado_em, atualizado_em, observacoes) VALUES ('fbdc6b98-dc96-4fe0-805c-0dad991a87c1', 'Apple', 'IPHONE 16 PRO NATURAL 256GB SEMINOVO', '356727493382996', 4917.0, 4350.0, 1, 'seminovo', 'bom', 'vendido', '2026-07-03T14:00:00+00', '2026-07-03T14:00:00+00', '85e3aa42-b9af-49b8-a72a-64e9c337aa53', '2026-07-03T14:00:00+00', '2026-07-03T14:00:00+00', NULL);
INSERT INTO vendas (id, numero_venda, cliente_id, loja_id, vendedor_id, status, tipo, valor_total, valor_pago, saldo_devedor, criado_em, finalizado_em, finalizado_por) VALUES ('82a30655-12cd-40a9-9802-2f3719d7ccfb', 12595, current_setting('importacao.cliente_id')::uuid, 1, '85e3aa42-b9af-49b8-a72a-64e9c337aa53', 'concluida', 'normal', 4917.0, 4917.0, 0, '2026-07-03T14:00:00+00', '2026-07-03T14:00:00+00', '85e3aa42-b9af-49b8-a72a-64e9c337aa53');
UPDATE aparelhos SET venda_id = '82a30655-12cd-40a9-9802-2f3719d7ccfb' WHERE id = 'fbdc6b98-dc96-4fe0-805c-0dad991a87c1';
INSERT INTO pagamentos_venda (id, venda_id, tipo_pagamento, valor, data_pagamento, criado_por, parcelas, criado_em) VALUES ('b8bcb5c3-78c1-454f-b5ca-99ec339dd385', '82a30655-12cd-40a9-9802-2f3719d7ccfb', 'pix', 3067.0, '2026-07-03', '85e3aa42-b9af-49b8-a72a-64e9c337aa53', 1, '2026-07-03T14:00:00+00');
INSERT INTO pagamentos_venda (id, venda_id, tipo_pagamento, valor, data_pagamento, criado_por, observacao, parcelas, criado_em) VALUES ('9ff6f69c-839c-46a3-b023-011341248e92', '82a30655-12cd-40a9-9802-2f3719d7ccfb', 'troca_aparelho', 1850.0, '2026-07-03', '85e3aa42-b9af-49b8-a72a-64e9c337aa53', 'Troca: IPH 14 256GB BRANCO', 1, '2026-07-03T14:00:00+00');
INSERT INTO brindes_aparelhos (id, loja_id, venda_id, descricao, valor_custo, data_ocorrencia, criado_por, criado_em) VALUES ('0e7d00e9-7a93-460b-adde-e55ec19214c6', 1, '82a30655-12cd-40a9-9802-2f3719d7ccfb', 'Brinde', 15.0, '2026-07-03', '85e3aa42-b9af-49b8-a72a-64e9c337aa53', '2026-07-03T14:00:00+00');

-- Linha 21: IPHONE 15 PRO MAX 256GB BRANCO SEMINOVO (03/07/2026)
INSERT INTO aparelhos (id, marca, modelo, imei, valor_venda, valor_compra, loja_id, estado, condicao, status, data_venda, data_entrada, criado_por, criado_em, atualizado_em, observacoes) VALUES ('8ae8d90b-2a04-41f5-89f5-479a7505dc83', 'Apple', 'IPHONE 15 PRO MAX 256GB BRANCO SEMINOVO', '355496932150197', 4000.0, 3800.0, 19, 'seminovo', 'bom', 'vendido', '2026-07-03T14:00:00+00', '2026-07-03T14:00:00+00', '97f12885-87ad-426a-8bbb-656889d82e10', '2026-07-03T14:00:00+00', '2026-07-03T14:00:00+00', NULL);
INSERT INTO vendas (id, numero_venda, cliente_id, loja_id, vendedor_id, status, tipo, valor_total, valor_pago, saldo_devedor, criado_em, finalizado_em, finalizado_por) VALUES ('f103725d-3d58-4150-8d9f-e2cc8c40af44', 12596, current_setting('importacao.cliente_id')::uuid, 19, '97f12885-87ad-426a-8bbb-656889d82e10', 'concluida', 'normal', 4000.0, 4000.0, 0, '2026-07-03T14:00:00+00', '2026-07-03T14:00:00+00', '97f12885-87ad-426a-8bbb-656889d82e10');
UPDATE aparelhos SET venda_id = 'f103725d-3d58-4150-8d9f-e2cc8c40af44' WHERE id = '8ae8d90b-2a04-41f5-89f5-479a7505dc83';
INSERT INTO pagamentos_venda (id, venda_id, tipo_pagamento, valor, data_pagamento, criado_por, parcelas, criado_em) VALUES ('30980935-2055-4681-97d1-300c745baf17', 'f103725d-3d58-4150-8d9f-e2cc8c40af44', 'pix', 4000.0, '2026-07-03', '97f12885-87ad-426a-8bbb-656889d82e10', 1, '2026-07-03T14:00:00+00');

-- Linha 22: IPHONE 13 256GB ROSA SEMINOVO (03/07/2026)
INSERT INTO aparelhos (id, marca, modelo, imei, valor_venda, valor_compra, loja_id, estado, condicao, status, data_venda, data_entrada, criado_por, criado_em, atualizado_em, observacoes) VALUES ('36f1cbf7-afe2-41bc-b280-91eb2f2d809d', 'Apple', 'IPHONE 13 256GB ROSA SEMINOVO', NULL, 2185.0, 1950.0, 4, 'seminovo', 'bom', 'vendido', '2026-07-03T14:00:00+00', '2026-07-03T14:00:00+00', 'a3626643-4749-4e56-83bc-b4a8ffd53659', '2026-07-03T14:00:00+00', '2026-07-03T14:00:00+00', 'IMEI 35376386292597 dup no CSV');
INSERT INTO vendas (id, numero_venda, cliente_id, loja_id, vendedor_id, status, tipo, valor_total, valor_pago, saldo_devedor, criado_em, finalizado_em, finalizado_por) VALUES ('dc64b18a-225c-48e3-8c27-559e9d3ea1dd', 12597, current_setting('importacao.cliente_id')::uuid, 4, 'a3626643-4749-4e56-83bc-b4a8ffd53659', 'concluida', 'normal', 2185.0, 2185.0, 0, '2026-07-03T14:00:00+00', '2026-07-03T14:00:00+00', 'a3626643-4749-4e56-83bc-b4a8ffd53659');
UPDATE aparelhos SET venda_id = 'dc64b18a-225c-48e3-8c27-559e9d3ea1dd' WHERE id = '36f1cbf7-afe2-41bc-b280-91eb2f2d809d';
INSERT INTO pagamentos_venda (id, venda_id, tipo_pagamento, valor, data_pagamento, criado_por, parcelas, criado_em) VALUES ('ecea5c7b-a3be-46a1-ae1b-ef0e12e4d43c', 'dc64b18a-225c-48e3-8c27-559e9d3ea1dd', 'pix', 2185.0, '2026-07-03', 'a3626643-4749-4e56-83bc-b4a8ffd53659', 1, '2026-07-03T14:00:00+00');
INSERT INTO brindes_aparelhos (id, loja_id, venda_id, descricao, valor_custo, data_ocorrencia, criado_por, criado_em) VALUES ('b7ac3ce7-26c7-406e-88f6-856fd2133b33', 4, 'dc64b18a-225c-48e3-8c27-559e9d3ea1dd', 'Brinde', 50.0, '2026-07-03', 'a3626643-4749-4e56-83bc-b4a8ffd53659', '2026-07-03T14:00:00+00');

-- Linha 23: IPHONE 17 PRO MAX 256GB PRATA NOVO (03/07/2026)
INSERT INTO aparelhos (id, marca, modelo, imei, valor_venda, valor_compra, loja_id, estado, condicao, status, data_venda, data_entrada, criado_por, criado_em, atualizado_em, observacoes) VALUES ('e4b6ab1c-3b8c-4258-9e75-9e2635299392', 'Apple', 'IPHONE 17 PRO MAX 256GB PRATA NOVO', NULL, 7500.0, 7200.0, 4, 'novo', 'perfeito', 'vendido', '2026-07-03T14:00:00+00', '2026-07-03T14:00:00+00', 'a3626643-4749-4e56-83bc-b4a8ffd53659', '2026-07-03T14:00:00+00', '2026-07-03T14:00:00+00', 'IMEI 35376386292597 dup no CSV');
INSERT INTO vendas (id, numero_venda, cliente_id, loja_id, vendedor_id, status, tipo, valor_total, valor_pago, saldo_devedor, criado_em, finalizado_em, finalizado_por) VALUES ('7fbafbfc-e43f-490b-857b-370a9b68639b', 12598, current_setting('importacao.cliente_id')::uuid, 4, 'a3626643-4749-4e56-83bc-b4a8ffd53659', 'concluida', 'normal', 7500.0, 7500.0, 0, '2026-07-03T14:00:00+00', '2026-07-03T14:00:00+00', 'a3626643-4749-4e56-83bc-b4a8ffd53659');
UPDATE aparelhos SET venda_id = '7fbafbfc-e43f-490b-857b-370a9b68639b' WHERE id = 'e4b6ab1c-3b8c-4258-9e75-9e2635299392';
INSERT INTO pagamentos_venda (id, venda_id, tipo_pagamento, valor, data_pagamento, criado_por, parcelas, criado_em) VALUES ('38468c36-bb37-4fd9-9401-676fbbf6b15d', '7fbafbfc-e43f-490b-857b-370a9b68639b', 'pix', 6500.0, '2026-07-03', 'a3626643-4749-4e56-83bc-b4a8ffd53659', 1, '2026-07-03T14:00:00+00');
INSERT INTO pagamentos_venda (id, venda_id, tipo_pagamento, valor, data_pagamento, criado_por, parcelas, criado_em) VALUES ('9ac57416-cfe7-4cac-9a53-d3899d75004d', '7fbafbfc-e43f-490b-857b-370a9b68639b', 'cartao_credito', 1000.0, '2026-07-03', 'a3626643-4749-4e56-83bc-b4a8ffd53659', 1, '2026-07-03T14:00:00+00');
INSERT INTO brindes_aparelhos (id, loja_id, venda_id, descricao, valor_custo, data_ocorrencia, criado_por, criado_em) VALUES ('e7d1758e-b993-45cc-ac02-f94c9a8c459b', 4, '7fbafbfc-e43f-490b-857b-370a9b68639b', 'Brinde', 15.0, '2026-07-03', 'a3626643-4749-4e56-83bc-b4a8ffd53659', '2026-07-03T14:00:00+00');

-- Linha 24: IPHONE 17 PRO MAX 256GB LARANJA NOVO (03/07/2026)
INSERT INTO aparelhos (id, marca, modelo, imei, valor_venda, valor_compra, loja_id, estado, condicao, status, data_venda, data_entrada, criado_por, criado_em, atualizado_em, observacoes) VALUES ('a1709834-748a-445c-b754-6c773f41a831', 'Apple', 'IPHONE 17 PRO MAX 256GB LARANJA NOVO', '35.342733.015499-6', 7358.0, 6900.0, 4, 'novo', 'perfeito', 'vendido', '2026-07-03T14:00:00+00', '2026-07-03T14:00:00+00', 'a3626643-4749-4e56-83bc-b4a8ffd53659', '2026-07-03T14:00:00+00', '2026-07-03T14:00:00+00', 'pgto forcado pix');
INSERT INTO vendas (id, numero_venda, cliente_id, loja_id, vendedor_id, status, tipo, valor_total, valor_pago, saldo_devedor, criado_em, finalizado_em, finalizado_por) VALUES ('394967ad-aca6-4c5a-87d1-260174b896fd', 12599, current_setting('importacao.cliente_id')::uuid, 4, 'a3626643-4749-4e56-83bc-b4a8ffd53659', 'concluida', 'normal', 7358.0, 7358.0, 0, '2026-07-03T14:00:00+00', '2026-07-03T14:00:00+00', 'a3626643-4749-4e56-83bc-b4a8ffd53659');
UPDATE aparelhos SET venda_id = '394967ad-aca6-4c5a-87d1-260174b896fd' WHERE id = 'a1709834-748a-445c-b754-6c773f41a831';
INSERT INTO pagamentos_venda (id, venda_id, tipo_pagamento, valor, data_pagamento, criado_por, parcelas, criado_em) VALUES ('c912790a-ef3b-4eed-ad2b-d3d5114015bf', '394967ad-aca6-4c5a-87d1-260174b896fd', 'pix', 7358.0, '2026-07-03', 'a3626643-4749-4e56-83bc-b4a8ffd53659', 1, '2026-07-03T14:00:00+00');
INSERT INTO brindes_aparelhos (id, loja_id, venda_id, descricao, valor_custo, data_ocorrencia, criado_por, criado_em) VALUES ('e02919f8-fae6-400f-a2e7-2c8ce58e72bf', 4, '394967ad-aca6-4c5a-87d1-260174b896fd', 'Brinde', 40.0, '2026-07-03', 'a3626643-4749-4e56-83bc-b4a8ffd53659', '2026-07-03T14:00:00+00');

-- Linha 25: IPHONE 17 PRO MAX 256GB LARANJA NOVO (03/07/2026)
INSERT INTO aparelhos (id, marca, modelo, imei, valor_venda, valor_compra, loja_id, estado, condicao, status, data_venda, data_entrada, criado_por, criado_em, atualizado_em, observacoes) VALUES ('245100db-92ce-46a0-b507-a47b8229574b', 'Apple', 'IPHONE 17 PRO MAX 256GB LARANJA NOVO', '357247257791554', 7150.0, 7000.0, 4, 'novo', 'perfeito', 'vendido', '2026-07-03T14:00:00+00', '2026-07-03T14:00:00+00', 'a3626643-4749-4e56-83bc-b4a8ffd53659', '2026-07-03T14:00:00+00', '2026-07-03T14:00:00+00', NULL);
INSERT INTO vendas (id, numero_venda, cliente_id, loja_id, vendedor_id, status, tipo, valor_total, valor_pago, saldo_devedor, criado_em, finalizado_em, finalizado_por) VALUES ('551b6b99-d5bf-4780-8f44-3c27f97cd875', 12600, current_setting('importacao.cliente_id')::uuid, 4, 'a3626643-4749-4e56-83bc-b4a8ffd53659', 'concluida', 'normal', 7150.0, 7150.0, 0, '2026-07-03T14:00:00+00', '2026-07-03T14:00:00+00', 'a3626643-4749-4e56-83bc-b4a8ffd53659');
UPDATE aparelhos SET venda_id = '551b6b99-d5bf-4780-8f44-3c27f97cd875' WHERE id = '245100db-92ce-46a0-b507-a47b8229574b';
INSERT INTO pagamentos_venda (id, venda_id, tipo_pagamento, valor, data_pagamento, criado_por, parcelas, criado_em) VALUES ('54aea25a-e43a-4006-8a20-183a754921b5', '551b6b99-d5bf-4780-8f44-3c27f97cd875', 'pix', 2800.0, '2026-07-03', 'a3626643-4749-4e56-83bc-b4a8ffd53659', 1, '2026-07-03T14:00:00+00');
INSERT INTO pagamentos_venda (id, venda_id, tipo_pagamento, valor, data_pagamento, criado_por, observacao, parcelas, criado_em) VALUES ('d9fe17a1-0dad-463e-9f29-e3739e383a32', '551b6b99-d5bf-4780-8f44-3c27f97cd875', 'troca_aparelho', 4350.0, '2026-07-03', 'a3626643-4749-4e56-83bc-b4a8ffd53659', 'Troca: ENTROU UM 16 PRO MAX POR', 1, '2026-07-03T14:00:00+00');
INSERT INTO brindes_aparelhos (id, loja_id, venda_id, descricao, valor_custo, data_ocorrencia, criado_por, criado_em) VALUES ('a12a2a48-4650-4041-8baf-18575598241b', 4, '551b6b99-d5bf-4780-8f44-3c27f97cd875', 'Brinde', 15.0, '2026-07-03', 'a3626643-4749-4e56-83bc-b4a8ffd53659', '2026-07-03T14:00:00+00');

-- Linha 26: REDMI PAD 2 256GB GRAFITE NOVO (03/07/2026)
INSERT INTO aparelhos (id, marca, modelo, imei, valor_venda, valor_compra, loja_id, estado, condicao, status, data_venda, data_entrada, criado_por, criado_em, atualizado_em, observacoes) VALUES ('b0faffdb-c3f6-4ff1-ab5e-15584fcae27a', 'Xiaomi', 'REDMI PAD 2 256GB GRAFITE NOVO', '65577/W6PT02362', 1350.0, 1260.0, 20, 'novo', 'perfeito', 'vendido', '2026-07-03T14:00:00+00', '2026-07-03T14:00:00+00', 'a50f1e24-aabb-41c1-b817-b4a4950bb1e4', '2026-07-03T14:00:00+00', '2026-07-03T14:00:00+00', NULL);
INSERT INTO vendas (id, numero_venda, cliente_id, loja_id, vendedor_id, status, tipo, valor_total, valor_pago, saldo_devedor, criado_em, finalizado_em, finalizado_por) VALUES ('0cb33a53-f87a-4868-ba70-d8d5d3b4622e', 12601, current_setting('importacao.cliente_id')::uuid, 20, 'a50f1e24-aabb-41c1-b817-b4a4950bb1e4', 'concluida', 'normal', 1350.0, 1350.0, 0, '2026-07-03T14:00:00+00', '2026-07-03T14:00:00+00', 'a50f1e24-aabb-41c1-b817-b4a4950bb1e4');
UPDATE aparelhos SET venda_id = '0cb33a53-f87a-4868-ba70-d8d5d3b4622e' WHERE id = 'b0faffdb-c3f6-4ff1-ab5e-15584fcae27a';
INSERT INTO pagamentos_venda (id, venda_id, tipo_pagamento, valor, data_pagamento, criado_por, parcelas, criado_em) VALUES ('4ca82d85-63d9-4c36-839d-11fab3c7092e', '0cb33a53-f87a-4868-ba70-d8d5d3b4622e', 'pix', 1350.0, '2026-07-03', 'a50f1e24-aabb-41c1-b817-b4a4950bb1e4', 1, '2026-07-03T14:00:00+00');
INSERT INTO brindes_aparelhos (id, loja_id, venda_id, descricao, valor_custo, data_ocorrencia, criado_por, criado_em) VALUES ('a82515ab-760c-4f7b-ad0f-b31fa26bf850', 20, '0cb33a53-f87a-4868-ba70-d8d5d3b4622e', 'Brinde', 5.0, '2026-07-03', 'a50f1e24-aabb-41c1-b817-b4a4950bb1e4', '2026-07-03T14:00:00+00');

-- Linha 27: IPHONE 17 PRO 256GB AZUL NOVO (03/07/2026)
INSERT INTO aparelhos (id, marca, modelo, imei, valor_venda, valor_compra, loja_id, estado, condicao, status, data_venda, data_entrada, criado_por, criado_em, atualizado_em, observacoes) VALUES ('9b7240b5-6ba8-4c4e-8b2c-53768a69711b', 'Apple', 'IPHONE 17 PRO 256GB AZUL NOVO', '353621840570382', 6749.0, 6500.0, 20, 'novo', 'perfeito', 'vendido', '2026-07-03T14:00:00+00', '2026-07-03T14:00:00+00', '25e2da5b-9e76-4388-9890-7e22efd6940d', '2026-07-03T14:00:00+00', '2026-07-03T14:00:00+00', NULL);
INSERT INTO vendas (id, numero_venda, cliente_id, loja_id, vendedor_id, status, tipo, valor_total, valor_pago, saldo_devedor, criado_em, finalizado_em, finalizado_por) VALUES ('28b1e3b4-e07e-44cf-9c6d-7e43c174bbae', 12602, current_setting('importacao.cliente_id')::uuid, 20, '25e2da5b-9e76-4388-9890-7e22efd6940d', 'concluida', 'normal', 6749.0, 6749.0, 0, '2026-07-03T14:00:00+00', '2026-07-03T14:00:00+00', '25e2da5b-9e76-4388-9890-7e22efd6940d');
UPDATE aparelhos SET venda_id = '28b1e3b4-e07e-44cf-9c6d-7e43c174bbae' WHERE id = '9b7240b5-6ba8-4c4e-8b2c-53768a69711b';
INSERT INTO pagamentos_venda (id, venda_id, tipo_pagamento, valor, data_pagamento, criado_por, parcelas, criado_em) VALUES ('ffff09b2-eedd-4641-b059-4c80c3753abb', '28b1e3b4-e07e-44cf-9c6d-7e43c174bbae', 'pix', 4849.0, '2026-07-03', '25e2da5b-9e76-4388-9890-7e22efd6940d', 1, '2026-07-03T14:00:00+00');
INSERT INTO pagamentos_venda (id, venda_id, tipo_pagamento, valor, data_pagamento, criado_por, observacao, parcelas, criado_em) VALUES ('85ad545f-800c-4371-883a-25482a14c92b', '28b1e3b4-e07e-44cf-9c6d-7e43c174bbae', 'troca_aparelho', 1900.0, '2026-07-03', '25e2da5b-9e76-4388-9890-7e22efd6940d', 'Troca: IPH 14 128GB', 1, '2026-07-03T14:00:00+00');
INSERT INTO brindes_aparelhos (id, loja_id, venda_id, descricao, valor_custo, data_ocorrencia, criado_por, criado_em) VALUES ('a3d46b5a-3d67-4cd0-885c-a1c4ac13ff6e', 20, '28b1e3b4-e07e-44cf-9c6d-7e43c174bbae', 'Brinde', 15.0, '2026-07-03', '25e2da5b-9e76-4388-9890-7e22efd6940d', '2026-07-03T14:00:00+00');

-- Linha 28: IPHONE 17 PRO MAX 256GB LARANJA NOVO (03/07/2026)
INSERT INTO aparelhos (id, marca, modelo, imei, valor_venda, valor_compra, loja_id, estado, condicao, status, data_venda, data_entrada, criado_por, criado_em, atualizado_em, observacoes) VALUES ('92ecb093-4274-49dc-8c69-f72de6a0a32d', 'Apple', 'IPHONE 17 PRO MAX 256GB LARANJA NOVO', '353427339123893', 7150.0, 7050.0, 4, 'novo', 'perfeito', 'vendido', '2026-07-03T14:00:00+00', '2026-07-03T14:00:00+00', 'a3626643-4749-4e56-83bc-b4a8ffd53659', '2026-07-03T14:00:00+00', '2026-07-03T14:00:00+00', 'pgto forcado pix');
INSERT INTO vendas (id, numero_venda, cliente_id, loja_id, vendedor_id, status, tipo, valor_total, valor_pago, saldo_devedor, criado_em, finalizado_em, finalizado_por) VALUES ('7e262aed-339d-414b-b4cc-817b59805a52', 12603, current_setting('importacao.cliente_id')::uuid, 4, 'a3626643-4749-4e56-83bc-b4a8ffd53659', 'concluida', 'normal', 7150.0, 7150.0, 0, '2026-07-03T14:00:00+00', '2026-07-03T14:00:00+00', 'a3626643-4749-4e56-83bc-b4a8ffd53659');
UPDATE aparelhos SET venda_id = '7e262aed-339d-414b-b4cc-817b59805a52' WHERE id = '92ecb093-4274-49dc-8c69-f72de6a0a32d';
INSERT INTO pagamentos_venda (id, venda_id, tipo_pagamento, valor, data_pagamento, criado_por, parcelas, criado_em) VALUES ('40869870-d90e-4786-8bc4-f5f6229ad5e8', '7e262aed-339d-414b-b4cc-817b59805a52', 'pix', 7150.0, '2026-07-03', 'a3626643-4749-4e56-83bc-b4a8ffd53659', 1, '2026-07-03T14:00:00+00');
INSERT INTO brindes_aparelhos (id, loja_id, venda_id, descricao, valor_custo, data_ocorrencia, criado_por, criado_em) VALUES ('ed15fc7f-7dfc-4c9e-b5c4-a6589c81393e', 4, '7e262aed-339d-414b-b4cc-817b59805a52', 'Brinde', 15.0, '2026-07-03', 'a3626643-4749-4e56-83bc-b4a8ffd53659', '2026-07-03T14:00:00+00');

-- Linha 29: IPHONE 17 PRO MAX 256GB LARANJA NOVO (03/07/2026)
INSERT INTO aparelhos (id, marca, modelo, imei, valor_venda, valor_compra, loja_id, estado, condicao, status, data_venda, data_entrada, criado_por, criado_em, atualizado_em, observacoes) VALUES ('aaa74dea-72e9-47b3-acdc-dd3eaa7bc0de', 'Apple', 'IPHONE 17 PRO MAX 256GB LARANJA NOVO', '356365569584920', 7200.0, 7000.0, 4, 'novo', 'perfeito', 'vendido', '2026-07-03T14:00:00+00', '2026-07-03T14:00:00+00', 'a3626643-4749-4e56-83bc-b4a8ffd53659', '2026-07-03T14:00:00+00', '2026-07-03T14:00:00+00', NULL);
INSERT INTO vendas (id, numero_venda, cliente_id, loja_id, vendedor_id, status, tipo, valor_total, valor_pago, saldo_devedor, criado_em, finalizado_em, finalizado_por) VALUES ('2e09f412-eeb8-4727-9dd2-d4cd3360ece4', 12604, current_setting('importacao.cliente_id')::uuid, 4, 'a3626643-4749-4e56-83bc-b4a8ffd53659', 'concluida', 'normal', 7200.0, 7200.0, 0, '2026-07-03T14:00:00+00', '2026-07-03T14:00:00+00', 'a3626643-4749-4e56-83bc-b4a8ffd53659');
UPDATE aparelhos SET venda_id = '2e09f412-eeb8-4727-9dd2-d4cd3360ece4' WHERE id = 'aaa74dea-72e9-47b3-acdc-dd3eaa7bc0de';
INSERT INTO pagamentos_venda (id, venda_id, tipo_pagamento, valor, data_pagamento, criado_por, parcelas, criado_em) VALUES ('d2223af9-627a-4293-a75d-37058ba453ae', '2e09f412-eeb8-4727-9dd2-d4cd3360ece4', 'pix', 4700.0, '2026-07-03', 'a3626643-4749-4e56-83bc-b4a8ffd53659', 1, '2026-07-03T14:00:00+00');
INSERT INTO pagamentos_venda (id, venda_id, tipo_pagamento, valor, data_pagamento, criado_por, observacao, parcelas, criado_em) VALUES ('5bced82a-db09-4b49-9123-8a245cd5c1df', '2e09f412-eeb8-4727-9dd2-d4cd3360ece4', 'troca_aparelho', 2500.0, '2026-07-03', 'a3626643-4749-4e56-83bc-b4a8ffd53659', 'Troca: ENTROU 15 SEMINOVO', 1, '2026-07-03T14:00:00+00');
INSERT INTO brindes_aparelhos (id, loja_id, venda_id, descricao, valor_custo, data_ocorrencia, criado_por, criado_em) VALUES ('254984e1-4db1-444c-882c-c8582067a165', 4, '2e09f412-eeb8-4727-9dd2-d4cd3360ece4', 'Brinde', 5.0, '2026-07-03', 'a3626643-4749-4e56-83bc-b4a8ffd53659', '2026-07-03T14:00:00+00');

-- Linha 30: IPHONE 17 PRO MAX 256GB AZUL NOVO (03/07/2026)
INSERT INTO aparelhos (id, marca, modelo, imei, valor_venda, valor_compra, loja_id, estado, condicao, status, data_venda, data_entrada, criado_por, criado_em, atualizado_em, observacoes) VALUES ('b8b01554-feeb-4288-acee-a84a22cb3b20', 'Apple', 'IPHONE 17 PRO MAX 256GB AZUL NOVO', '355101478951731', 7250.0, 7000.0, 20, 'novo', 'perfeito', 'vendido', '2026-07-03T14:00:00+00', '2026-07-03T14:00:00+00', '25e2da5b-9e76-4388-9890-7e22efd6940d', '2026-07-03T14:00:00+00', '2026-07-03T14:00:00+00', 'pgto forcado pix');
INSERT INTO vendas (id, numero_venda, cliente_id, loja_id, vendedor_id, status, tipo, valor_total, valor_pago, saldo_devedor, criado_em, finalizado_em, finalizado_por) VALUES ('01e7be6c-3857-450a-91e8-1672c9cbebc0', 12605, current_setting('importacao.cliente_id')::uuid, 20, '25e2da5b-9e76-4388-9890-7e22efd6940d', 'concluida', 'normal', 7250.0, 7250.0, 0, '2026-07-03T14:00:00+00', '2026-07-03T14:00:00+00', '25e2da5b-9e76-4388-9890-7e22efd6940d');
UPDATE aparelhos SET venda_id = '01e7be6c-3857-450a-91e8-1672c9cbebc0' WHERE id = 'b8b01554-feeb-4288-acee-a84a22cb3b20';
INSERT INTO pagamentos_venda (id, venda_id, tipo_pagamento, valor, data_pagamento, criado_por, parcelas, criado_em) VALUES ('1b22aa65-6532-46b8-befd-43d7f9f2b042', '01e7be6c-3857-450a-91e8-1672c9cbebc0', 'pix', 7250.0, '2026-07-03', '25e2da5b-9e76-4388-9890-7e22efd6940d', 1, '2026-07-03T14:00:00+00');
INSERT INTO brindes_aparelhos (id, loja_id, venda_id, descricao, valor_custo, data_ocorrencia, criado_por, criado_em) VALUES ('02dbfba4-c40d-4412-be5a-227ddf030f73', 20, '01e7be6c-3857-450a-91e8-1672c9cbebc0', 'Brinde', 15.0, '2026-07-03', '25e2da5b-9e76-4388-9890-7e22efd6940d', '2026-07-03T14:00:00+00');

-- Linha 31: POCO C85 256GB VERDE NOVO (03/07/2026)
INSERT INTO aparelhos (id, marca, modelo, imei, valor_venda, valor_compra, loja_id, estado, condicao, status, data_venda, data_entrada, criado_por, criado_em, atualizado_em, observacoes) VALUES ('e47d688a-540c-455d-ad2e-3cb230b070ad', 'Xiaomi', 'POCO C85 256GB VERDE NOVO', '864280081873302', 1150.0, 950.0, 19, 'novo', 'perfeito', 'vendido', '2026-07-03T14:00:00+00', '2026-07-03T14:00:00+00', '85743f3e-1b32-49c0-9d9e-c16afd690f7d', '2026-07-03T14:00:00+00', '2026-07-03T14:00:00+00', NULL);
INSERT INTO vendas (id, numero_venda, cliente_id, loja_id, vendedor_id, status, tipo, valor_total, valor_pago, saldo_devedor, criado_em, finalizado_em, finalizado_por) VALUES ('2850e5f6-b9d0-4104-8390-5c97e357ad31', 12606, current_setting('importacao.cliente_id')::uuid, 19, '85743f3e-1b32-49c0-9d9e-c16afd690f7d', 'concluida', 'normal', 1150.0, 1150.0, 0, '2026-07-03T14:00:00+00', '2026-07-03T14:00:00+00', '85743f3e-1b32-49c0-9d9e-c16afd690f7d');
UPDATE aparelhos SET venda_id = '2850e5f6-b9d0-4104-8390-5c97e357ad31' WHERE id = 'e47d688a-540c-455d-ad2e-3cb230b070ad';
INSERT INTO pagamentos_venda (id, venda_id, tipo_pagamento, valor, data_pagamento, criado_por, parcelas, criado_em) VALUES ('9dd2d6aa-ef01-46b1-bbb9-84ed4b0d3ab8', '2850e5f6-b9d0-4104-8390-5c97e357ad31', 'pix', 1150.0, '2026-07-03', '85743f3e-1b32-49c0-9d9e-c16afd690f7d', 1, '2026-07-03T14:00:00+00');

-- Linha 32: IPHONE 15 PRO MAX 256GB NATURAL SEMINOVO (03/07/2026)
INSERT INTO aparelhos (id, marca, modelo, imei, valor_venda, valor_compra, loja_id, estado, condicao, status, data_venda, data_entrada, criado_por, criado_em, atualizado_em, observacoes) VALUES ('4b5f532b-6141-418f-9c4e-f395f3a9dd30', 'Apple', 'IPHONE 15 PRO MAX 256GB NATURAL SEMINOVO', '351661829286834', 4000.0, 3800.0, 19, 'seminovo', 'bom', 'vendido', '2026-07-03T14:00:00+00', '2026-07-03T14:00:00+00', '85743f3e-1b32-49c0-9d9e-c16afd690f7d', '2026-07-03T14:00:00+00', '2026-07-03T14:00:00+00', NULL);
INSERT INTO vendas (id, numero_venda, cliente_id, loja_id, vendedor_id, status, tipo, valor_total, valor_pago, saldo_devedor, criado_em, finalizado_em, finalizado_por) VALUES ('f0800efe-4d9e-4e1c-a1ad-78ccff841f89', 12607, current_setting('importacao.cliente_id')::uuid, 19, '85743f3e-1b32-49c0-9d9e-c16afd690f7d', 'concluida', 'normal', 4000.0, 4000.0, 0, '2026-07-03T14:00:00+00', '2026-07-03T14:00:00+00', '85743f3e-1b32-49c0-9d9e-c16afd690f7d');
UPDATE aparelhos SET venda_id = 'f0800efe-4d9e-4e1c-a1ad-78ccff841f89' WHERE id = '4b5f532b-6141-418f-9c4e-f395f3a9dd30';
INSERT INTO pagamentos_venda (id, venda_id, tipo_pagamento, valor, data_pagamento, criado_por, parcelas, criado_em) VALUES ('3689126d-def6-477b-a22a-a99fcad01cf1', 'f0800efe-4d9e-4e1c-a1ad-78ccff841f89', 'pix', 2600.0, '2026-07-03', '85743f3e-1b32-49c0-9d9e-c16afd690f7d', 1, '2026-07-03T14:00:00+00');
INSERT INTO pagamentos_venda (id, venda_id, tipo_pagamento, valor, data_pagamento, criado_por, observacao, parcelas, criado_em) VALUES ('4c5a1cd6-e68a-4212-a7a8-0d5d745e09b7', 'f0800efe-4d9e-4e1c-a1ad-78ccff841f89', 'troca_aparelho', 1400.0, '2026-07-03', '85743f3e-1b32-49c0-9d9e-c16afd690f7d', 'Troca: IPH 14 PLUS PRETO', 1, '2026-07-03T14:00:00+00');

-- Linha 34: IPHONE XR 64GB BRANCO SEMINOVO (04/07/2026)
INSERT INTO aparelhos (id, marca, modelo, imei, valor_venda, valor_compra, loja_id, estado, condicao, status, data_venda, data_entrada, criado_por, criado_em, atualizado_em, observacoes) VALUES ('f823dbb2-3042-486b-883c-b02fe59fbe23', 'Apple', 'IPHONE XR 64GB BRANCO SEMINOVO', '353056102938326', 700.0, 500.0, 20, 'seminovo', 'bom', 'vendido', '2026-07-04T14:00:00+00', '2026-07-04T14:00:00+00', 'a50f1e24-aabb-41c1-b817-b4a4950bb1e4', '2026-07-04T14:00:00+00', '2026-07-04T14:00:00+00', 'Pagto junto (Aparelho 1/3, total grupo R$ 2,930)');
INSERT INTO vendas (id, numero_venda, cliente_id, loja_id, vendedor_id, status, tipo, valor_total, valor_pago, saldo_devedor, criado_em, finalizado_em, finalizado_por) VALUES ('8a39aae0-05b2-4e5d-873f-99a5f2dcbc10', 12608, current_setting('importacao.cliente_id')::uuid, 20, 'a50f1e24-aabb-41c1-b817-b4a4950bb1e4', 'concluida', 'normal', 700.0, 700.0, 0, '2026-07-04T14:00:00+00', '2026-07-04T14:00:00+00', 'a50f1e24-aabb-41c1-b817-b4a4950bb1e4');
UPDATE aparelhos SET venda_id = '8a39aae0-05b2-4e5d-873f-99a5f2dcbc10' WHERE id = 'f823dbb2-3042-486b-883c-b02fe59fbe23';
INSERT INTO pagamentos_venda (id, venda_id, tipo_pagamento, valor, data_pagamento, criado_por, parcelas, criado_em) VALUES ('b06338ef-587e-4dbd-be0c-5cff14da4663', '8a39aae0-05b2-4e5d-873f-99a5f2dcbc10', 'pix', 700.0, '2026-07-04', 'a50f1e24-aabb-41c1-b817-b4a4950bb1e4', 1, '2026-07-04T14:00:00+00');
INSERT INTO brindes_aparelhos (id, loja_id, venda_id, descricao, valor_custo, data_ocorrencia, criado_por, criado_em) VALUES ('9eddbe15-b648-4fe0-b522-dc63f60f1a53', 20, '8a39aae0-05b2-4e5d-873f-99a5f2dcbc10', 'Brinde', 10.0, '2026-07-04', 'a50f1e24-aabb-41c1-b817-b4a4950bb1e4', '2026-07-04T14:00:00+00');

-- Linha 35: IPHONE XR 64GB PRETO SEMINOVO (04/07/2026)
INSERT INTO aparelhos (id, marca, modelo, imei, valor_venda, valor_compra, loja_id, estado, condicao, status, data_venda, data_entrada, criado_por, criado_em, atualizado_em, observacoes) VALUES ('767691e3-3c8a-4084-8507-a724045bd865', 'Apple', 'IPHONE XR 64GB PRETO SEMINOVO', '352887117702625', 750.0, 500.0, 20, 'seminovo', 'bom', 'vendido', '2026-07-04T14:00:00+00', '2026-07-04T14:00:00+00', 'a50f1e24-aabb-41c1-b817-b4a4950bb1e4', '2026-07-04T14:00:00+00', '2026-07-04T14:00:00+00', 'Pagto junto (Aparelho 2/3, total grupo R$ 2,930)');
INSERT INTO vendas (id, numero_venda, cliente_id, loja_id, vendedor_id, status, tipo, valor_total, valor_pago, saldo_devedor, criado_em, finalizado_em, finalizado_por) VALUES ('2c3f64cd-8367-43d3-b58b-32562c0bc3eb', 12609, current_setting('importacao.cliente_id')::uuid, 20, 'a50f1e24-aabb-41c1-b817-b4a4950bb1e4', 'concluida', 'normal', 750.0, 750.0, 0, '2026-07-04T14:00:00+00', '2026-07-04T14:00:00+00', 'a50f1e24-aabb-41c1-b817-b4a4950bb1e4');
UPDATE aparelhos SET venda_id = '2c3f64cd-8367-43d3-b58b-32562c0bc3eb' WHERE id = '767691e3-3c8a-4084-8507-a724045bd865';
INSERT INTO pagamentos_venda (id, venda_id, tipo_pagamento, valor, data_pagamento, criado_por, parcelas, criado_em) VALUES ('7c48e19f-15e9-4b31-b52a-2df42587616c', '2c3f64cd-8367-43d3-b58b-32562c0bc3eb', 'pix', 750.0, '2026-07-04', 'a50f1e24-aabb-41c1-b817-b4a4950bb1e4', 1, '2026-07-04T14:00:00+00');
INSERT INTO brindes_aparelhos (id, loja_id, venda_id, descricao, valor_custo, data_ocorrencia, criado_por, criado_em) VALUES ('dad4779e-c9ad-40df-931a-b3a364aca1c9', 20, '2c3f64cd-8367-43d3-b58b-32562c0bc3eb', 'Brinde', 10.0, '2026-07-04', 'a50f1e24-aabb-41c1-b817-b4a4950bb1e4', '2026-07-04T14:00:00+00');

-- Linha 36: IPHONE 12 128GB LILAS SEMINOVO (04/07/2026)
INSERT INTO aparelhos (id, marca, modelo, imei, valor_venda, valor_compra, loja_id, estado, condicao, status, data_venda, data_entrada, criado_por, criado_em, atualizado_em, observacoes) VALUES ('51d5cf16-02b1-4ab5-a6fb-5a7eb1eb8adc', 'Apple', 'IPHONE 12 128GB LILAS SEMINOVO', '351166892891288', 1480.0, 1280.0, 20, 'seminovo', 'bom', 'vendido', '2026-07-04T14:00:00+00', '2026-07-04T14:00:00+00', 'a50f1e24-aabb-41c1-b817-b4a4950bb1e4', '2026-07-04T14:00:00+00', '2026-07-04T14:00:00+00', 'Pagto junto (Aparelho 3/3, total grupo R$ 2,930)');
INSERT INTO vendas (id, numero_venda, cliente_id, loja_id, vendedor_id, status, tipo, valor_total, valor_pago, saldo_devedor, criado_em, finalizado_em, finalizado_por) VALUES ('f18730ec-4f2c-4b88-9e05-772a368776ef', 12610, current_setting('importacao.cliente_id')::uuid, 20, 'a50f1e24-aabb-41c1-b817-b4a4950bb1e4', 'concluida', 'normal', 1480.0, 1480.0, 0, '2026-07-04T14:00:00+00', '2026-07-04T14:00:00+00', 'a50f1e24-aabb-41c1-b817-b4a4950bb1e4');
UPDATE aparelhos SET venda_id = 'f18730ec-4f2c-4b88-9e05-772a368776ef' WHERE id = '51d5cf16-02b1-4ab5-a6fb-5a7eb1eb8adc';
INSERT INTO pagamentos_venda (id, venda_id, tipo_pagamento, valor, data_pagamento, criado_por, parcelas, criado_em) VALUES ('b490fe49-ed63-4c4d-836e-402f7360fa1f', 'f18730ec-4f2c-4b88-9e05-772a368776ef', 'pix', 1480.0, '2026-07-04', 'a50f1e24-aabb-41c1-b817-b4a4950bb1e4', 1, '2026-07-04T14:00:00+00');
INSERT INTO brindes_aparelhos (id, loja_id, venda_id, descricao, valor_custo, data_ocorrencia, criado_por, criado_em) VALUES ('1ade15c2-4683-4386-9126-58228004150a', 20, 'f18730ec-4f2c-4b88-9e05-772a368776ef', 'Brinde', 10.0, '2026-07-04', 'a50f1e24-aabb-41c1-b817-b4a4950bb1e4', '2026-07-04T14:00:00+00');

-- Linha 37: IPHONE 17 PRO MAX 256GB SILVER NOVO (04/07/2026)
INSERT INTO aparelhos (id, marca, modelo, imei, valor_venda, valor_compra, loja_id, estado, condicao, status, data_venda, data_entrada, criado_por, criado_em, atualizado_em, observacoes) VALUES ('7d1cad9d-bb84-4b81-ba80-babf302de9c1', 'Apple', 'IPHONE 17 PRO MAX 256GB SILVER NOVO', '359178378004163', 7600.0, 7200.0, 4, 'novo', 'perfeito', 'vendido', '2026-07-04T14:00:00+00', '2026-07-04T14:00:00+00', 'a3626643-4749-4e56-83bc-b4a8ffd53659', '2026-07-04T14:00:00+00', '2026-07-04T14:00:00+00', NULL);
INSERT INTO vendas (id, numero_venda, cliente_id, loja_id, vendedor_id, status, tipo, valor_total, valor_pago, saldo_devedor, criado_em, finalizado_em, finalizado_por) VALUES ('f3825b97-0548-4712-9bec-90d6b65e5ac2', 12611, current_setting('importacao.cliente_id')::uuid, 4, 'a3626643-4749-4e56-83bc-b4a8ffd53659', 'concluida', 'normal', 7600.0, 7600.0, 0, '2026-07-04T14:00:00+00', '2026-07-04T14:00:00+00', 'a3626643-4749-4e56-83bc-b4a8ffd53659');
UPDATE aparelhos SET venda_id = 'f3825b97-0548-4712-9bec-90d6b65e5ac2' WHERE id = '7d1cad9d-bb84-4b81-ba80-babf302de9c1';
INSERT INTO pagamentos_venda (id, venda_id, tipo_pagamento, valor, data_pagamento, criado_por, parcelas, criado_em) VALUES ('33144b4c-f50f-4517-9adb-6bf1a49540ed', 'f3825b97-0548-4712-9bec-90d6b65e5ac2', 'pix', 3000.0, '2026-07-04', 'a3626643-4749-4e56-83bc-b4a8ffd53659', 1, '2026-07-04T14:00:00+00');
INSERT INTO pagamentos_venda (id, venda_id, tipo_pagamento, valor, data_pagamento, criado_por, observacao, parcelas, criado_em) VALUES ('ee552f09-3736-46fb-88f0-510200c6f0a2', 'f3825b97-0548-4712-9bec-90d6b65e5ac2', 'troca_aparelho', 4600.0, '2026-07-04', 'a3626643-4749-4e56-83bc-b4a8ffd53659', 'Troca: PAGOU; ENTROU UM 14 PRO MAX', 1, '2026-07-04T14:00:00+00');
INSERT INTO brindes_aparelhos (id, loja_id, venda_id, descricao, valor_custo, data_ocorrencia, criado_por, criado_em) VALUES ('c1849b89-3c85-4236-8e10-6726c77f4dae', 4, 'f3825b97-0548-4712-9bec-90d6b65e5ac2', 'Brinde', 15.0, '2026-07-04', 'a3626643-4749-4e56-83bc-b4a8ffd53659', '2026-07-04T14:00:00+00');

-- Linha 38: IPAD 11 128GB SILVER NOVO (04/07/2026)
INSERT INTO aparelhos (id, marca, modelo, imei, valor_venda, valor_compra, loja_id, estado, condicao, status, data_venda, data_entrada, criado_por, criado_em, atualizado_em, observacoes) VALUES ('ee546350-891f-4465-a40d-81caa6e814ea', 'Apple', 'IPAD 11 128GB SILVER NOVO', 'D4FWC6ND77', 3000.0, 2800.0, 20, 'novo', 'perfeito', 'vendido', '2026-07-04T14:00:00+00', '2026-07-04T14:00:00+00', '25e2da5b-9e76-4388-9890-7e22efd6940d', '2026-07-04T14:00:00+00', '2026-07-04T14:00:00+00', NULL);
INSERT INTO vendas (id, numero_venda, cliente_id, loja_id, vendedor_id, status, tipo, valor_total, valor_pago, saldo_devedor, criado_em, finalizado_em, finalizado_por) VALUES ('297a4f2f-5542-4422-b295-d225f0ddc149', 12612, current_setting('importacao.cliente_id')::uuid, 20, '25e2da5b-9e76-4388-9890-7e22efd6940d', 'concluida', 'normal', 3000.0, 3000.0, 0, '2026-07-04T14:00:00+00', '2026-07-04T14:00:00+00', '25e2da5b-9e76-4388-9890-7e22efd6940d');
UPDATE aparelhos SET venda_id = '297a4f2f-5542-4422-b295-d225f0ddc149' WHERE id = 'ee546350-891f-4465-a40d-81caa6e814ea';
INSERT INTO pagamentos_venda (id, venda_id, tipo_pagamento, valor, data_pagamento, criado_por, parcelas, criado_em) VALUES ('fd6f1f3c-f35c-4416-8bbe-612391740ad6', '297a4f2f-5542-4422-b295-d225f0ddc149', 'cartao_credito', 3000.0, '2026-07-04', '25e2da5b-9e76-4388-9890-7e22efd6940d', 1, '2026-07-04T14:00:00+00');

-- PULADO (Angel): linha 39 - IPHONE 16 PRO MAX 1TB NATURAL SEMINOVO
-- Linha 40: IPHONE 17 PRO MAX 256GB SILVER NOVO (04/07/2026)
INSERT INTO aparelhos (id, marca, modelo, imei, valor_venda, valor_compra, loja_id, estado, condicao, status, data_venda, data_entrada, criado_por, criado_em, atualizado_em, observacoes) VALUES ('f6b13b1a-7a49-4850-9d89-5a281350b910', 'Apple', 'IPHONE 17 PRO MAX 256GB SILVER NOVO', '359178376345576', 7400.0, 7200.0, 4, 'novo', 'perfeito', 'vendido', '2026-07-04T14:00:00+00', '2026-07-04T14:00:00+00', 'a3626643-4749-4e56-83bc-b4a8ffd53659', '2026-07-04T14:00:00+00', '2026-07-04T14:00:00+00', 'Pagto junto (Aparelho 1/2, total grupo R$ 12,553)');
INSERT INTO vendas (id, numero_venda, cliente_id, loja_id, vendedor_id, status, tipo, valor_total, valor_pago, saldo_devedor, criado_em, finalizado_em, finalizado_por) VALUES ('588e2ea9-cc3a-489d-9c97-c2f4e34e8f83', 12613, current_setting('importacao.cliente_id')::uuid, 4, 'a3626643-4749-4e56-83bc-b4a8ffd53659', 'concluida', 'normal', 7400.0, 7400.0, 0, '2026-07-04T14:00:00+00', '2026-07-04T14:00:00+00', 'a3626643-4749-4e56-83bc-b4a8ffd53659');
UPDATE aparelhos SET venda_id = '588e2ea9-cc3a-489d-9c97-c2f4e34e8f83' WHERE id = 'f6b13b1a-7a49-4850-9d89-5a281350b910';
INSERT INTO pagamentos_venda (id, venda_id, tipo_pagamento, valor, data_pagamento, criado_por, parcelas, criado_em) VALUES ('1072d55e-c0c1-4770-9b6e-3bb3f4ed2c32', '588e2ea9-cc3a-489d-9c97-c2f4e34e8f83', 'pix', 250.0, '2026-07-04', 'a3626643-4749-4e56-83bc-b4a8ffd53659', 1, '2026-07-04T14:00:00+00');
INSERT INTO pagamentos_venda (id, venda_id, tipo_pagamento, valor, data_pagamento, criado_por, observacao, parcelas, criado_em) VALUES ('a4e04422-b729-408d-b37b-0bc004981b0f', '588e2ea9-cc3a-489d-9c97-c2f4e34e8f83', 'troca_aparelho', 7150.0, '2026-07-04', 'a3626643-4749-4e56-83bc-b4a8ffd53659', 'Troca: ENTROU 15 PRO SEMINOVO; ENTROU 16 PRO SEMINOVO', 1, '2026-07-04T14:00:00+00');
INSERT INTO brindes_aparelhos (id, loja_id, venda_id, descricao, valor_custo, data_ocorrencia, criado_por, criado_em) VALUES ('a58a74e0-6cdf-4137-bc10-724918dbf0fc', 4, '588e2ea9-cc3a-489d-9c97-c2f4e34e8f83', 'Brinde', 15.0, '2026-07-04', 'a3626643-4749-4e56-83bc-b4a8ffd53659', '2026-07-04T14:00:00+00');

-- Linha 41: IPHONE 16 PRO MAX DESERT 256GB SEMINOVO (04/07/2026)
INSERT INTO aparelhos (id, marca, modelo, imei, valor_venda, valor_compra, loja_id, estado, condicao, status, data_venda, data_entrada, criado_por, criado_em, atualizado_em, observacoes) VALUES ('ed63eea9-bc6f-4973-9846-207f77479eed', 'Apple', 'IPHONE 16 PRO MAX DESERT 256GB SEMINOVO', '356339497996019', 5153.0, 4800.0, 4, 'seminovo', 'bom', 'vendido', '2026-07-04T14:00:00+00', '2026-07-04T14:00:00+00', 'a3626643-4749-4e56-83bc-b4a8ffd53659', '2026-07-04T14:00:00+00', '2026-07-04T14:00:00+00', 'Pagto junto (Aparelho 2/2, total grupo R$ 12,553)');
INSERT INTO vendas (id, numero_venda, cliente_id, loja_id, vendedor_id, status, tipo, valor_total, valor_pago, saldo_devedor, criado_em, finalizado_em, finalizado_por) VALUES ('eed1c986-5fd7-4790-a718-55a00ef4aa7d', 12614, current_setting('importacao.cliente_id')::uuid, 4, 'a3626643-4749-4e56-83bc-b4a8ffd53659', 'concluida', 'normal', 5153.0, 5153.0, 0, '2026-07-04T14:00:00+00', '2026-07-04T14:00:00+00', 'a3626643-4749-4e56-83bc-b4a8ffd53659');
UPDATE aparelhos SET venda_id = 'eed1c986-5fd7-4790-a718-55a00ef4aa7d' WHERE id = 'ed63eea9-bc6f-4973-9846-207f77479eed';
INSERT INTO pagamentos_venda (id, venda_id, tipo_pagamento, valor, data_pagamento, criado_por, parcelas, criado_em) VALUES ('b64d510a-197f-48f8-97de-ab8cc49b6a90', 'eed1c986-5fd7-4790-a718-55a00ef4aa7d', 'pix', 5153.0, '2026-07-04', 'a3626643-4749-4e56-83bc-b4a8ffd53659', 1, '2026-07-04T14:00:00+00');
INSERT INTO brindes_aparelhos (id, loja_id, venda_id, descricao, valor_custo, data_ocorrencia, criado_por, criado_em) VALUES ('ce2424b9-1e3b-492a-bad9-929569cfd6bc', 4, 'eed1c986-5fd7-4790-a718-55a00ef4aa7d', 'Brinde', 15.0, '2026-07-04', 'a3626643-4749-4e56-83bc-b4a8ffd53659', '2026-07-04T14:00:00+00');

-- Linha 42: IPHONE 17 PRO 256GB SILVER NOVO (04/07/2026)
INSERT INTO aparelhos (id, marca, modelo, imei, valor_venda, valor_compra, loja_id, estado, condicao, status, data_venda, data_entrada, criado_por, criado_em, atualizado_em, observacoes) VALUES ('f0f1ce50-7aa9-4865-b2a4-f3af2ae9e1ca', 'Apple', 'IPHONE 17 PRO 256GB SILVER NOVO', '359917390759761', 6950.0, 6600.0, 19, 'novo', 'perfeito', 'vendido', '2026-07-04T14:00:00+00', '2026-07-04T14:00:00+00', '97f12885-87ad-426a-8bbb-656889d82e10', '2026-07-04T14:00:00+00', '2026-07-04T14:00:00+00', NULL);
INSERT INTO vendas (id, numero_venda, cliente_id, loja_id, vendedor_id, status, tipo, valor_total, valor_pago, saldo_devedor, criado_em, finalizado_em, finalizado_por) VALUES ('85361f27-1630-4557-829a-764bcec21bbc', 12615, current_setting('importacao.cliente_id')::uuid, 19, '97f12885-87ad-426a-8bbb-656889d82e10', 'concluida', 'normal', 6950.0, 6950.0, 0, '2026-07-04T14:00:00+00', '2026-07-04T14:00:00+00', '97f12885-87ad-426a-8bbb-656889d82e10');
UPDATE aparelhos SET venda_id = '85361f27-1630-4557-829a-764bcec21bbc' WHERE id = 'f0f1ce50-7aa9-4865-b2a4-f3af2ae9e1ca';
INSERT INTO pagamentos_venda (id, venda_id, tipo_pagamento, valor, data_pagamento, criado_por, parcelas, criado_em) VALUES ('b0df3513-c724-416c-a416-1a326c5cd2bc', '85361f27-1630-4557-829a-764bcec21bbc', 'pix', 6400.0, '2026-07-04', '97f12885-87ad-426a-8bbb-656889d82e10', 1, '2026-07-04T14:00:00+00');
INSERT INTO pagamentos_venda (id, venda_id, tipo_pagamento, valor, data_pagamento, criado_por, observacao, parcelas, criado_em) VALUES ('ab1d19ec-73c3-4a34-a0b2-0194e9b5a9f7', '85361f27-1630-4557-829a-764bcec21bbc', 'troca_aparelho', 550.0, '2026-07-04', '97f12885-87ad-426a-8bbb-656889d82e10', 'Troca: IPH 11 64GB', 1, '2026-07-04T14:00:00+00');
INSERT INTO brindes_aparelhos (id, loja_id, venda_id, descricao, valor_custo, data_ocorrencia, criado_por, criado_em) VALUES ('bf448a43-d6d2-4fa4-98f5-bb0b268ca685', 19, '85361f27-1630-4557-829a-764bcec21bbc', 'Brinde', 20.0, '2026-07-04', '97f12885-87ad-426a-8bbb-656889d82e10', '2026-07-04T14:00:00+00');

-- Linha 43: IPHONE 14 128GB PRETO SEMINOVO (04/07/2026)
INSERT INTO aparelhos (id, marca, modelo, imei, valor_venda, valor_compra, loja_id, estado, condicao, status, data_venda, data_entrada, criado_por, criado_em, atualizado_em, observacoes) VALUES ('48c80e08-ce99-4136-87f8-bf3681f41258', 'Apple', 'IPHONE 14 128GB PRETO SEMINOVO', '352665538717386', 2000.0, 1900.0, 19, 'seminovo', 'bom', 'vendido', '2026-07-04T14:00:00+00', '2026-07-04T14:00:00+00', '97f12885-87ad-426a-8bbb-656889d82e10', '2026-07-04T14:00:00+00', '2026-07-04T14:00:00+00', 'Pagto junto (Aparelho 1/2, total grupo R$ 4,000)');
INSERT INTO vendas (id, numero_venda, cliente_id, loja_id, vendedor_id, status, tipo, valor_total, valor_pago, saldo_devedor, criado_em, finalizado_em, finalizado_por) VALUES ('3f933df5-2bc5-4168-afe7-de2eede23d17', 12616, current_setting('importacao.cliente_id')::uuid, 19, '97f12885-87ad-426a-8bbb-656889d82e10', 'concluida', 'normal', 2000.0, 2000.0, 0, '2026-07-04T14:00:00+00', '2026-07-04T14:00:00+00', '97f12885-87ad-426a-8bbb-656889d82e10');
UPDATE aparelhos SET venda_id = '3f933df5-2bc5-4168-afe7-de2eede23d17' WHERE id = '48c80e08-ce99-4136-87f8-bf3681f41258';
INSERT INTO pagamentos_venda (id, venda_id, tipo_pagamento, valor, data_pagamento, criado_por, parcelas, criado_em) VALUES ('629057a8-789d-4728-8ca0-5ed759d3a75e', '3f933df5-2bc5-4168-afe7-de2eede23d17', 'pix', 2000.0, '2026-07-04', '97f12885-87ad-426a-8bbb-656889d82e10', 1, '2026-07-04T14:00:00+00');

-- Linha 44: IPHONE 14 128GB AZUL SEMINOVO (04/07/2026)
INSERT INTO aparelhos (id, marca, modelo, imei, valor_venda, valor_compra, loja_id, estado, condicao, status, data_venda, data_entrada, criado_por, criado_em, atualizado_em, observacoes) VALUES ('26d476e1-183d-4f55-beb7-1f3302f269b6', 'Apple', 'IPHONE 14 128GB AZUL SEMINOVO', '358821547386883', 2000.0, 1900.0, 19, 'seminovo', 'bom', 'vendido', '2026-07-04T14:00:00+00', '2026-07-04T14:00:00+00', '97f12885-87ad-426a-8bbb-656889d82e10', '2026-07-04T14:00:00+00', '2026-07-04T14:00:00+00', 'Pagto junto (Aparelho 2/2, total grupo R$ 4,000)');
INSERT INTO vendas (id, numero_venda, cliente_id, loja_id, vendedor_id, status, tipo, valor_total, valor_pago, saldo_devedor, criado_em, finalizado_em, finalizado_por) VALUES ('3c7060b8-1ed9-4521-8f73-7214acd1150c', 12617, current_setting('importacao.cliente_id')::uuid, 19, '97f12885-87ad-426a-8bbb-656889d82e10', 'concluida', 'normal', 2000.0, 2000.0, 0, '2026-07-04T14:00:00+00', '2026-07-04T14:00:00+00', '97f12885-87ad-426a-8bbb-656889d82e10');
UPDATE aparelhos SET venda_id = '3c7060b8-1ed9-4521-8f73-7214acd1150c' WHERE id = '26d476e1-183d-4f55-beb7-1f3302f269b6';
INSERT INTO pagamentos_venda (id, venda_id, tipo_pagamento, valor, data_pagamento, criado_por, parcelas, criado_em) VALUES ('5d678cdd-1590-43ba-9563-4d6cd17dd8b7', '3c7060b8-1ed9-4521-8f73-7214acd1150c', 'pix', 2000.0, '2026-07-04', '97f12885-87ad-426a-8bbb-656889d82e10', 1, '2026-07-04T14:00:00+00');

-- Linha 45: IPHONE 17 PRO 256GB SILVER LACRADO (04/07/2026)
INSERT INTO aparelhos (id, marca, modelo, imei, valor_venda, valor_compra, loja_id, estado, condicao, status, data_venda, data_entrada, criado_por, criado_em, atualizado_em, observacoes) VALUES ('d278c3ef-6aa9-43b4-9f05-d22e558fed52', 'Apple', 'IPHONE 17 PRO 256GB SILVER LACRADO', '26290620227000', 7000.0, 6750.0, 1, 'novo', 'perfeito', 'vendido', '2026-07-04T14:00:00+00', '2026-07-04T14:00:00+00', '0dd2c938-c6dd-4f5d-aac5-ed045ee5d2fb', '2026-07-04T14:00:00+00', '2026-07-04T14:00:00+00', NULL);
INSERT INTO vendas (id, numero_venda, cliente_id, loja_id, vendedor_id, status, tipo, valor_total, valor_pago, saldo_devedor, criado_em, finalizado_em, finalizado_por) VALUES ('64454693-bf28-45e3-81eb-446b25ef4d74', 12618, current_setting('importacao.cliente_id')::uuid, 1, '0dd2c938-c6dd-4f5d-aac5-ed045ee5d2fb', 'concluida', 'normal', 7000.0, 7000.0, 0, '2026-07-04T14:00:00+00', '2026-07-04T14:00:00+00', '0dd2c938-c6dd-4f5d-aac5-ed045ee5d2fb');
UPDATE aparelhos SET venda_id = '64454693-bf28-45e3-81eb-446b25ef4d74' WHERE id = 'd278c3ef-6aa9-43b4-9f05-d22e558fed52';
INSERT INTO pagamentos_venda (id, venda_id, tipo_pagamento, valor, data_pagamento, criado_por, parcelas, criado_em) VALUES ('7ff23aaa-8ec2-4c4f-81ab-806c28272ee3', '64454693-bf28-45e3-81eb-446b25ef4d74', 'pix', 3900.0, '2026-07-04', '0dd2c938-c6dd-4f5d-aac5-ed045ee5d2fb', 1, '2026-07-04T14:00:00+00');
INSERT INTO pagamentos_venda (id, venda_id, tipo_pagamento, valor, data_pagamento, criado_por, observacao, parcelas, criado_em) VALUES ('d7f5a4ba-611d-4321-bad8-5f8ec80cef94', '64454693-bf28-45e3-81eb-446b25ef4d74', 'troca_aparelho', 3100.0, '2026-07-04', '0dd2c938-c6dd-4f5d-aac5-ed045ee5d2fb', 'Troca: IPH 15 PRO 128GB', 1, '2026-07-04T14:00:00+00');
INSERT INTO brindes_aparelhos (id, loja_id, venda_id, descricao, valor_custo, data_ocorrencia, criado_por, criado_em) VALUES ('80a80c8a-ca72-45a1-95a1-7a17c05329e1', 1, '64454693-bf28-45e3-81eb-446b25ef4d74', 'Brinde', 15.0, '2026-07-04', '0dd2c938-c6dd-4f5d-aac5-ed045ee5d2fb', '2026-07-04T14:00:00+00');

-- Linha 46: IPHONE 17 256GB BRANCO LACRADO (04/07/2026)
INSERT INTO aparelhos (id, marca, modelo, imei, valor_venda, valor_compra, loja_id, estado, condicao, status, data_venda, data_entrada, criado_por, criado_em, atualizado_em, observacoes) VALUES ('85834d74-b132-49c7-84c8-776a48054a17', 'Apple', 'IPHONE 17 256GB BRANCO LACRADO', '356146774764865', 5385.0, 5250.0, 1, 'novo', 'perfeito', 'vendido', '2026-07-04T14:00:00+00', '2026-07-04T14:00:00+00', '0dd2c938-c6dd-4f5d-aac5-ed045ee5d2fb', '2026-07-04T14:00:00+00', '2026-07-04T14:00:00+00', NULL);
INSERT INTO vendas (id, numero_venda, cliente_id, loja_id, vendedor_id, status, tipo, valor_total, valor_pago, saldo_devedor, criado_em, finalizado_em, finalizado_por) VALUES ('08de0b0c-556c-45bf-8081-4731c791e36c', 12619, current_setting('importacao.cliente_id')::uuid, 1, '0dd2c938-c6dd-4f5d-aac5-ed045ee5d2fb', 'concluida', 'normal', 5385.0, 5385.0, 0, '2026-07-04T14:00:00+00', '2026-07-04T14:00:00+00', '0dd2c938-c6dd-4f5d-aac5-ed045ee5d2fb');
UPDATE aparelhos SET venda_id = '08de0b0c-556c-45bf-8081-4731c791e36c' WHERE id = '85834d74-b132-49c7-84c8-776a48054a17';
INSERT INTO pagamentos_venda (id, venda_id, tipo_pagamento, valor, data_pagamento, criado_por, parcelas, criado_em) VALUES ('4eb42aec-12ef-4043-9adc-2e6464f48d54', '08de0b0c-556c-45bf-8081-4731c791e36c', 'pix', 5385.0, '2026-07-04', '0dd2c938-c6dd-4f5d-aac5-ed045ee5d2fb', 1, '2026-07-04T14:00:00+00');
INSERT INTO brindes_aparelhos (id, loja_id, venda_id, descricao, valor_custo, data_ocorrencia, criado_por, criado_em) VALUES ('6ceac8c2-d0d2-41d2-8e08-236e4e0d76a9', 1, '08de0b0c-556c-45bf-8081-4731c791e36c', 'Brinde', 10.0, '2026-07-04', '0dd2c938-c6dd-4f5d-aac5-ed045ee5d2fb', '2026-07-04T14:00:00+00');

-- Linha 47: IPHONE 17 PRO MAX 256GB AZUL SEMINOVO (04/07/2026)
INSERT INTO aparelhos (id, marca, modelo, imei, valor_venda, valor_compra, loja_id, estado, condicao, status, data_venda, data_entrada, criado_por, criado_em, atualizado_em, observacoes) VALUES ('ceeef7d5-b4dd-4804-b05a-6b8323364dc4', 'Apple', 'IPHONE 17 PRO MAX 256GB AZUL SEMINOVO', '35362930348882664', 4000.0, 3800.0, 1, 'seminovo', 'bom', 'vendido', '2026-07-04T14:00:00+00', '2026-07-04T14:00:00+00', '0dd2c938-c6dd-4f5d-aac5-ed045ee5d2fb', '2026-07-04T14:00:00+00', '2026-07-04T14:00:00+00', NULL);
INSERT INTO vendas (id, numero_venda, cliente_id, loja_id, vendedor_id, status, tipo, valor_total, valor_pago, saldo_devedor, criado_em, finalizado_em, finalizado_por) VALUES ('25fe27a9-51a2-485f-8ddf-2e84c80dc918', 12620, current_setting('importacao.cliente_id')::uuid, 1, '0dd2c938-c6dd-4f5d-aac5-ed045ee5d2fb', 'concluida', 'normal', 4000.0, 4000.0, 0, '2026-07-04T14:00:00+00', '2026-07-04T14:00:00+00', '0dd2c938-c6dd-4f5d-aac5-ed045ee5d2fb');
UPDATE aparelhos SET venda_id = '25fe27a9-51a2-485f-8ddf-2e84c80dc918' WHERE id = 'ceeef7d5-b4dd-4804-b05a-6b8323364dc4';
INSERT INTO pagamentos_venda (id, venda_id, tipo_pagamento, valor, data_pagamento, criado_por, parcelas, criado_em) VALUES ('08cb8b35-9a34-499b-980d-313787e40e39', '25fe27a9-51a2-485f-8ddf-2e84c80dc918', 'pix', 2300.0, '2026-07-04', '0dd2c938-c6dd-4f5d-aac5-ed045ee5d2fb', 1, '2026-07-04T14:00:00+00');
INSERT INTO pagamentos_venda (id, venda_id, tipo_pagamento, valor, data_pagamento, criado_por, observacao, parcelas, criado_em) VALUES ('0e9bd47e-422c-4e9e-894f-c3aabe6b5164', '25fe27a9-51a2-485f-8ddf-2e84c80dc918', 'troca_aparelho', 1700.0, '2026-07-04', '0dd2c938-c6dd-4f5d-aac5-ed045ee5d2fb', 'Troca: IPH 12 PRO MAX', 1, '2026-07-04T14:00:00+00');
INSERT INTO brindes_aparelhos (id, loja_id, venda_id, descricao, valor_custo, data_ocorrencia, criado_por, criado_em) VALUES ('1993fe2d-87aa-4807-9066-461a90bd58e6', 1, '25fe27a9-51a2-485f-8ddf-2e84c80dc918', 'Brinde', 15.0, '2026-07-04', '0dd2c938-c6dd-4f5d-aac5-ed045ee5d2fb', '2026-07-04T14:00:00+00');

-- Linha 48: IPHONE 17 PRO MAX 26GB SILVER LACRADO (04/07/2026)
INSERT INTO aparelhos (id, marca, modelo, imei, valor_venda, valor_compra, loja_id, estado, condicao, status, data_venda, data_entrada, criado_por, criado_em, atualizado_em, observacoes) VALUES ('cb3152e9-99fe-4567-b9bb-2e672f739e38', 'Apple', 'IPHONE 17 PRO MAX 26GB SILVER LACRADO', '359178377231601', 7450.0, 7200.0, 1, 'novo', 'perfeito', 'vendido', '2026-07-04T14:00:00+00', '2026-07-04T14:00:00+00', '0dd2c938-c6dd-4f5d-aac5-ed045ee5d2fb', '2026-07-04T14:00:00+00', '2026-07-04T14:00:00+00', NULL);
INSERT INTO vendas (id, numero_venda, cliente_id, loja_id, vendedor_id, status, tipo, valor_total, valor_pago, saldo_devedor, criado_em, finalizado_em, finalizado_por) VALUES ('c72d40b6-3970-4348-92aa-dd104155b84f', 12621, current_setting('importacao.cliente_id')::uuid, 1, '0dd2c938-c6dd-4f5d-aac5-ed045ee5d2fb', 'concluida', 'normal', 7450.0, 7450.0, 0, '2026-07-04T14:00:00+00', '2026-07-04T14:00:00+00', '0dd2c938-c6dd-4f5d-aac5-ed045ee5d2fb');
UPDATE aparelhos SET venda_id = 'c72d40b6-3970-4348-92aa-dd104155b84f' WHERE id = 'cb3152e9-99fe-4567-b9bb-2e672f739e38';
INSERT INTO pagamentos_venda (id, venda_id, tipo_pagamento, valor, data_pagamento, criado_por, parcelas, criado_em) VALUES ('82cc5aea-82f2-405f-9c0c-f160d1d4a988', 'c72d40b6-3970-4348-92aa-dd104155b84f', 'pix', 4050.0, '2026-07-04', '0dd2c938-c6dd-4f5d-aac5-ed045ee5d2fb', 1, '2026-07-04T14:00:00+00');
INSERT INTO pagamentos_venda (id, venda_id, tipo_pagamento, valor, data_pagamento, criado_por, observacao, parcelas, criado_em) VALUES ('13432171-7864-4f0c-8900-3db1e7f399f2', 'c72d40b6-3970-4348-92aa-dd104155b84f', 'troca_aparelho', 3400.0, '2026-07-04', '0dd2c938-c6dd-4f5d-aac5-ed045ee5d2fb', 'Troca: IPH 16 128GB ROSA', 1, '2026-07-04T14:00:00+00');
INSERT INTO brindes_aparelhos (id, loja_id, venda_id, descricao, valor_custo, data_ocorrencia, criado_por, criado_em) VALUES ('3b7d2934-f0a8-46e1-9f99-00b015b374fd', 1, 'c72d40b6-3970-4348-92aa-dd104155b84f', 'Brinde', 15.0, '2026-07-04', '0dd2c938-c6dd-4f5d-aac5-ed045ee5d2fb', '2026-07-04T14:00:00+00');

-- Linha 49: IPHONE 13 PRETO 256GB SEMINOVO (04/07/2026)
INSERT INTO aparelhos (id, marca, modelo, imei, valor_venda, valor_compra, loja_id, estado, condicao, status, data_venda, data_entrada, criado_por, criado_em, atualizado_em, observacoes) VALUES ('b6e0f10a-084d-47a3-babb-68ddea54c49d', 'Apple', 'IPHONE 13 PRETO 256GB SEMINOVO', '347415876585729', 2050.0, 1900.0, 1, 'seminovo', 'bom', 'vendido', '2026-07-04T14:00:00+00', '2026-07-04T14:00:00+00', '1d12d555-68e9-45f8-bfc0-a35a1d8d7920', '2026-07-04T14:00:00+00', '2026-07-04T14:00:00+00', NULL);
INSERT INTO vendas (id, numero_venda, cliente_id, loja_id, vendedor_id, status, tipo, valor_total, valor_pago, saldo_devedor, criado_em, finalizado_em, finalizado_por) VALUES ('b6cbf762-3c84-4a4f-ad86-7601d7f9afc4', 12622, current_setting('importacao.cliente_id')::uuid, 1, '1d12d555-68e9-45f8-bfc0-a35a1d8d7920', 'concluida', 'normal', 2050.0, 2050.0, 0, '2026-07-04T14:00:00+00', '2026-07-04T14:00:00+00', '1d12d555-68e9-45f8-bfc0-a35a1d8d7920');
UPDATE aparelhos SET venda_id = 'b6cbf762-3c84-4a4f-ad86-7601d7f9afc4' WHERE id = 'b6e0f10a-084d-47a3-babb-68ddea54c49d';
INSERT INTO pagamentos_venda (id, venda_id, tipo_pagamento, valor, data_pagamento, criado_por, parcelas, criado_em) VALUES ('2c1f808f-84f7-438b-a3ff-ff5000c2ae7d', 'b6cbf762-3c84-4a4f-ad86-7601d7f9afc4', 'pix', 2050.0, '2026-07-04', '1d12d555-68e9-45f8-bfc0-a35a1d8d7920', 1, '2026-07-04T14:00:00+00');

-- Linha 50: AIR PODS 4 LACRADO (04/07/2026)
INSERT INTO aparelhos (id, marca, modelo, imei, valor_venda, valor_compra, loja_id, estado, condicao, status, data_venda, data_entrada, criado_por, criado_em, atualizado_em, observacoes) VALUES ('fbd51323-842e-43f2-8a6a-727997ea7b14', 'Outros', 'AIR PODS 4 LACRADO', 'GG23124FQM', 700.0, 750.0, 1, 'novo', 'perfeito', 'vendido', '2026-07-04T14:00:00+00', '2026-07-04T14:00:00+00', '1d12d555-68e9-45f8-bfc0-a35a1d8d7920', '2026-07-04T14:00:00+00', '2026-07-04T14:00:00+00', NULL);
INSERT INTO vendas (id, numero_venda, cliente_id, loja_id, vendedor_id, status, tipo, valor_total, valor_pago, saldo_devedor, criado_em, finalizado_em, finalizado_por) VALUES ('564f8c9a-1356-4cd1-8941-7fbbd305d1dc', 12623, current_setting('importacao.cliente_id')::uuid, 1, '1d12d555-68e9-45f8-bfc0-a35a1d8d7920', 'concluida', 'normal', 700.0, 700.0, 0, '2026-07-04T14:00:00+00', '2026-07-04T14:00:00+00', '1d12d555-68e9-45f8-bfc0-a35a1d8d7920');
UPDATE aparelhos SET venda_id = '564f8c9a-1356-4cd1-8941-7fbbd305d1dc' WHERE id = 'fbd51323-842e-43f2-8a6a-727997ea7b14';
INSERT INTO pagamentos_venda (id, venda_id, tipo_pagamento, valor, data_pagamento, criado_por, parcelas, criado_em) VALUES ('3330fdcb-3ee0-4a53-8c15-66f23151646f', '564f8c9a-1356-4cd1-8941-7fbbd305d1dc', 'pix', 700.0, '2026-07-04', '1d12d555-68e9-45f8-bfc0-a35a1d8d7920', 1, '2026-07-04T14:00:00+00');

-- Linha 51: IPHONE 15 128GB ROSA SEMINOVO (04/07/2026)
INSERT INTO aparelhos (id, marca, modelo, imei, valor_venda, valor_compra, loja_id, estado, condicao, status, data_venda, data_entrada, criado_por, criado_em, atualizado_em, observacoes) VALUES ('513475af-3ec7-4cdc-93c4-cd5f2871e30e', 'Apple', 'IPHONE 15 128GB ROSA SEMINOVO', '358178374964288', 2800.0, 1650.0, 19, 'seminovo', 'bom', 'vendido', '2026-07-04T14:00:00+00', '2026-07-04T14:00:00+00', '85743f3e-1b32-49c0-9d9e-c16afd690f7d', '2026-07-04T14:00:00+00', '2026-07-04T14:00:00+00', NULL);
INSERT INTO vendas (id, numero_venda, cliente_id, loja_id, vendedor_id, status, tipo, valor_total, valor_pago, saldo_devedor, criado_em, finalizado_em, finalizado_por) VALUES ('c6f58133-228f-47aa-a164-3258ecae1404', 12624, current_setting('importacao.cliente_id')::uuid, 19, '85743f3e-1b32-49c0-9d9e-c16afd690f7d', 'concluida', 'normal', 2800.0, 2800.0, 0, '2026-07-04T14:00:00+00', '2026-07-04T14:00:00+00', '85743f3e-1b32-49c0-9d9e-c16afd690f7d');
UPDATE aparelhos SET venda_id = 'c6f58133-228f-47aa-a164-3258ecae1404' WHERE id = '513475af-3ec7-4cdc-93c4-cd5f2871e30e';
INSERT INTO pagamentos_venda (id, venda_id, tipo_pagamento, valor, data_pagamento, criado_por, parcelas, criado_em) VALUES ('41c71e76-490b-4188-b912-9b2d95a5c08d', 'c6f58133-228f-47aa-a164-3258ecae1404', 'pix', 2800.0, '2026-07-04', '85743f3e-1b32-49c0-9d9e-c16afd690f7d', 1, '2026-07-04T14:00:00+00');

-- Linha 52: IPHONE 16 PRO MAX 1TB NATURAL SEMINOVO (04/07/2026)
INSERT INTO aparelhos (id, marca, modelo, imei, valor_venda, valor_compra, loja_id, estado, condicao, status, data_venda, data_entrada, criado_por, criado_em, atualizado_em, observacoes) VALUES ('dd3ef9be-98af-4b59-a2cb-122b813a7562', 'Apple', 'IPHONE 16 PRO MAX 1TB NATURAL SEMINOVO', '353393818708804', 5613.0, 5200.0, 20, 'seminovo', 'bom', 'vendido', '2026-07-04T14:00:00+00', '2026-07-04T14:00:00+00', 'a50f1e24-aabb-41c1-b817-b4a4950bb1e4', '2026-07-04T14:00:00+00', '2026-07-04T14:00:00+00', 'Pagto junto (Aparelho 1/2, total grupo R$ 10,113)');
INSERT INTO vendas (id, numero_venda, cliente_id, loja_id, vendedor_id, status, tipo, valor_total, valor_pago, saldo_devedor, criado_em, finalizado_em, finalizado_por) VALUES ('46e34464-bba5-4a52-8aea-c1c4a083a19c', 12625, current_setting('importacao.cliente_id')::uuid, 20, 'a50f1e24-aabb-41c1-b817-b4a4950bb1e4', 'concluida', 'normal', 5613.0, 5613.0, 0, '2026-07-04T14:00:00+00', '2026-07-04T14:00:00+00', 'a50f1e24-aabb-41c1-b817-b4a4950bb1e4');
UPDATE aparelhos SET venda_id = '46e34464-bba5-4a52-8aea-c1c4a083a19c' WHERE id = 'dd3ef9be-98af-4b59-a2cb-122b813a7562';
INSERT INTO pagamentos_venda (id, venda_id, tipo_pagamento, valor, data_pagamento, criado_por, parcelas, criado_em) VALUES ('13409975-ab1a-4cce-b7e3-e80140ab5e79', '46e34464-bba5-4a52-8aea-c1c4a083a19c', 'pix', 3113.0, '2026-07-04', 'a50f1e24-aabb-41c1-b817-b4a4950bb1e4', 1, '2026-07-04T14:00:00+00');
INSERT INTO pagamentos_venda (id, venda_id, tipo_pagamento, valor, data_pagamento, criado_por, observacao, parcelas, criado_em) VALUES ('ee2de9a6-ea32-428c-8c3a-a8e37c1b7a4c', '46e34464-bba5-4a52-8aea-c1c4a083a19c', 'troca_aparelho', 2500.0, '2026-07-04', 'a50f1e24-aabb-41c1-b817-b4a4950bb1e4', 'Troca: IPH 13 PM', 1, '2026-07-04T14:00:00+00');
INSERT INTO brindes_aparelhos (id, loja_id, venda_id, descricao, valor_custo, data_ocorrencia, criado_por, criado_em) VALUES ('516cdcb7-ca30-4de5-9f2d-11e29796fc68', 20, '46e34464-bba5-4a52-8aea-c1c4a083a19c', 'Brinde', 25.0, '2026-07-04', 'a50f1e24-aabb-41c1-b817-b4a4950bb1e4', '2026-07-04T14:00:00+00');

-- Linha 53: IPHONE 16 PRO 128GB DESERT SEMINOVO (04/07/2026)
INSERT INTO aparelhos (id, marca, modelo, imei, valor_venda, valor_compra, loja_id, estado, condicao, status, data_venda, data_entrada, criado_por, criado_em, atualizado_em, observacoes) VALUES ('b6faa02a-64f0-464a-ae5e-d09f8e0afc3f', 'Apple', 'IPHONE 16 PRO 128GB DESERT SEMINOVO', '355588181178950', 4500.0, 4050.0, 20, 'seminovo', 'bom', 'vendido', '2026-07-04T14:00:00+00', '2026-07-04T14:00:00+00', 'a50f1e24-aabb-41c1-b817-b4a4950bb1e4', '2026-07-04T14:00:00+00', '2026-07-04T14:00:00+00', 'Pagto junto (Aparelho 2/2, total grupo R$ 10,113)');
INSERT INTO vendas (id, numero_venda, cliente_id, loja_id, vendedor_id, status, tipo, valor_total, valor_pago, saldo_devedor, criado_em, finalizado_em, finalizado_por) VALUES ('84cba2c6-1724-4e55-b7a9-9752d5f827a6', 12626, current_setting('importacao.cliente_id')::uuid, 20, 'a50f1e24-aabb-41c1-b817-b4a4950bb1e4', 'concluida', 'normal', 4500.0, 4500.0, 0, '2026-07-04T14:00:00+00', '2026-07-04T14:00:00+00', 'a50f1e24-aabb-41c1-b817-b4a4950bb1e4');
UPDATE aparelhos SET venda_id = '84cba2c6-1724-4e55-b7a9-9752d5f827a6' WHERE id = 'b6faa02a-64f0-464a-ae5e-d09f8e0afc3f';
INSERT INTO pagamentos_venda (id, venda_id, tipo_pagamento, valor, data_pagamento, criado_por, parcelas, criado_em) VALUES ('29a46684-6293-4d6b-9fd7-d906dc2431cc', '84cba2c6-1724-4e55-b7a9-9752d5f827a6', 'pix', 2000.0, '2026-07-04', 'a50f1e24-aabb-41c1-b817-b4a4950bb1e4', 1, '2026-07-04T14:00:00+00');
INSERT INTO pagamentos_venda (id, venda_id, tipo_pagamento, valor, data_pagamento, criado_por, observacao, parcelas, criado_em) VALUES ('d98e8586-1607-4abd-a978-4c1394488e5c', '84cba2c6-1724-4e55-b7a9-9752d5f827a6', 'troca_aparelho', 2500.0, '2026-07-04', 'a50f1e24-aabb-41c1-b817-b4a4950bb1e4', 'Troca: IPH 14 PRO', 1, '2026-07-04T14:00:00+00');
INSERT INTO brindes_aparelhos (id, loja_id, venda_id, descricao, valor_custo, data_ocorrencia, criado_por, criado_em) VALUES ('2f9bb40a-06e3-4cdc-a860-baa6dcfce3a1', 20, '84cba2c6-1724-4e55-b7a9-9752d5f827a6', 'Brinde', 25.0, '2026-07-04', 'a50f1e24-aabb-41c1-b817-b4a4950bb1e4', '2026-07-04T14:00:00+00');

-- Linha 54: IPHONE 16 128GB BRANCO NOVO (04/07/2026)
INSERT INTO aparelhos (id, marca, modelo, imei, valor_venda, valor_compra, loja_id, estado, condicao, status, data_venda, data_entrada, criado_por, criado_em, atualizado_em, observacoes) VALUES ('e356af0c-2793-4a6d-b843-fb2ee7103206', 'Apple', 'IPHONE 16 128GB BRANCO NOVO', '359482938606776', 4300.0, 4100.0, 19, 'novo', 'perfeito', 'vendido', '2026-07-04T14:00:00+00', '2026-07-04T14:00:00+00', '85743f3e-1b32-49c0-9d9e-c16afd690f7d', '2026-07-04T14:00:00+00', '2026-07-04T14:00:00+00', NULL);
INSERT INTO vendas (id, numero_venda, cliente_id, loja_id, vendedor_id, status, tipo, valor_total, valor_pago, saldo_devedor, criado_em, finalizado_em, finalizado_por) VALUES ('93d77605-26f6-449c-b51a-3d9836845d07', 12627, current_setting('importacao.cliente_id')::uuid, 19, '85743f3e-1b32-49c0-9d9e-c16afd690f7d', 'concluida', 'normal', 4300.0, 4300.0, 0, '2026-07-04T14:00:00+00', '2026-07-04T14:00:00+00', '85743f3e-1b32-49c0-9d9e-c16afd690f7d');
UPDATE aparelhos SET venda_id = '93d77605-26f6-449c-b51a-3d9836845d07' WHERE id = 'e356af0c-2793-4a6d-b843-fb2ee7103206';
INSERT INTO pagamentos_venda (id, venda_id, tipo_pagamento, valor, data_pagamento, criado_por, parcelas, criado_em) VALUES ('ac664e3b-caaa-4aa0-97f2-28a1b309c30e', '93d77605-26f6-449c-b51a-3d9836845d07', 'pix', 1150.0, '2026-07-04', '85743f3e-1b32-49c0-9d9e-c16afd690f7d', 1, '2026-07-04T14:00:00+00');
INSERT INTO pagamentos_venda (id, venda_id, tipo_pagamento, valor, data_pagamento, criado_por, parcelas, criado_em) VALUES ('8ec44a3d-59f9-4f5f-9797-bb3842769436', '93d77605-26f6-449c-b51a-3d9836845d07', 'cartao_credito', 2000.0, '2026-07-04', '85743f3e-1b32-49c0-9d9e-c16afd690f7d', 1, '2026-07-04T14:00:00+00');
INSERT INTO pagamentos_venda (id, venda_id, tipo_pagamento, valor, data_pagamento, criado_por, observacao, parcelas, criado_em) VALUES ('3efcca9d-84b7-4afe-b114-dc1718f1d03e', '93d77605-26f6-449c-b51a-3d9836845d07', 'troca_aparelho', 1150.0, '2026-07-04', '85743f3e-1b32-49c0-9d9e-c16afd690f7d', 'Troca: IPH 12 128GB', 1, '2026-07-04T14:00:00+00');
INSERT INTO brindes_aparelhos (id, loja_id, venda_id, descricao, valor_custo, data_ocorrencia, criado_por, criado_em) VALUES ('20c341d9-1d55-4d28-952b-8edfe03821f7', 19, '93d77605-26f6-449c-b51a-3d9836845d07', 'Brinde', 5.0, '2026-07-04', '85743f3e-1b32-49c0-9d9e-c16afd690f7d', '2026-07-04T14:00:00+00');

-- Linha 55: IPHONE 15 PRO 128GB AZUL SEMINOVO (04/07/2026)
INSERT INTO aparelhos (id, marca, modelo, imei, valor_venda, valor_compra, loja_id, estado, condicao, status, data_venda, data_entrada, criado_por, criado_em, atualizado_em, observacoes) VALUES ('ff0a3edb-b8e0-4006-94e1-66a9c2c91302', 'Apple', 'IPHONE 15 PRO 128GB AZUL SEMINOVO', '35819754164460', 3400.0, 3200.0, 1, 'seminovo', 'bom', 'vendido', '2026-07-04T14:00:00+00', '2026-07-04T14:00:00+00', '85e3aa42-b9af-49b8-a72a-64e9c337aa53', '2026-07-04T14:00:00+00', '2026-07-04T14:00:00+00', NULL);
INSERT INTO vendas (id, numero_venda, cliente_id, loja_id, vendedor_id, status, tipo, valor_total, valor_pago, saldo_devedor, criado_em, finalizado_em, finalizado_por) VALUES ('5592cf99-3baf-4982-858b-cdd3834bf0dd', 12628, current_setting('importacao.cliente_id')::uuid, 1, '85e3aa42-b9af-49b8-a72a-64e9c337aa53', 'concluida', 'normal', 3400.0, 3400.0, 0, '2026-07-04T14:00:00+00', '2026-07-04T14:00:00+00', '85e3aa42-b9af-49b8-a72a-64e9c337aa53');
UPDATE aparelhos SET venda_id = '5592cf99-3baf-4982-858b-cdd3834bf0dd' WHERE id = 'ff0a3edb-b8e0-4006-94e1-66a9c2c91302';
INSERT INTO pagamentos_venda (id, venda_id, tipo_pagamento, valor, data_pagamento, criado_por, parcelas, criado_em) VALUES ('f48da185-6e75-45ed-a9bd-4d97f9d96a85', '5592cf99-3baf-4982-858b-cdd3834bf0dd', 'pix', 3400.0, '2026-07-04', '85e3aa42-b9af-49b8-a72a-64e9c337aa53', 1, '2026-07-04T14:00:00+00');
INSERT INTO brindes_aparelhos (id, loja_id, venda_id, descricao, valor_custo, data_ocorrencia, criado_por, criado_em) VALUES ('4a5ac5d3-f996-4813-9f48-b733c698e3e4', 1, '5592cf99-3baf-4982-858b-cdd3834bf0dd', 'Brinde', 15.0, '2026-07-04', '85e3aa42-b9af-49b8-a72a-64e9c337aa53', '2026-07-04T14:00:00+00');

-- Linha 56: IPHONE 15 128GB PRETO SEMINOVO (04/07/2026)
INSERT INTO aparelhos (id, marca, modelo, imei, valor_venda, valor_compra, loja_id, estado, condicao, status, data_venda, data_entrada, criado_por, criado_em, atualizado_em, observacoes) VALUES ('c39a8cbe-c72f-480a-b9d1-54866471349f', 'Apple', 'IPHONE 15 128GB PRETO SEMINOVO', '355377265300213', 2872.0, 2650.0, 1, 'seminovo', 'bom', 'vendido', '2026-07-04T14:00:00+00', '2026-07-04T14:00:00+00', '85e3aa42-b9af-49b8-a72a-64e9c337aa53', '2026-07-04T14:00:00+00', '2026-07-04T14:00:00+00', NULL);
INSERT INTO vendas (id, numero_venda, cliente_id, loja_id, vendedor_id, status, tipo, valor_total, valor_pago, saldo_devedor, criado_em, finalizado_em, finalizado_por) VALUES ('ed83f681-4b83-4632-9a61-9e2f2546a9a8', 12629, current_setting('importacao.cliente_id')::uuid, 1, '85e3aa42-b9af-49b8-a72a-64e9c337aa53', 'concluida', 'normal', 2872.0, 2872.0, 0, '2026-07-04T14:00:00+00', '2026-07-04T14:00:00+00', '85e3aa42-b9af-49b8-a72a-64e9c337aa53');
UPDATE aparelhos SET venda_id = 'ed83f681-4b83-4632-9a61-9e2f2546a9a8' WHERE id = 'c39a8cbe-c72f-480a-b9d1-54866471349f';
INSERT INTO pagamentos_venda (id, venda_id, tipo_pagamento, valor, data_pagamento, criado_por, parcelas, criado_em) VALUES ('d45ea67b-ca29-49bc-b19e-c78a0385651c', 'ed83f681-4b83-4632-9a61-9e2f2546a9a8', 'pix', 2872.0, '2026-07-04', '85e3aa42-b9af-49b8-a72a-64e9c337aa53', 1, '2026-07-04T14:00:00+00');
INSERT INTO brindes_aparelhos (id, loja_id, venda_id, descricao, valor_custo, data_ocorrencia, criado_por, criado_em) VALUES ('91d0fc35-eae8-4d55-aaa8-76dcff4ec2a2', 1, 'ed83f681-4b83-4632-9a61-9e2f2546a9a8', 'Brinde', 15.0, '2026-07-04', '85e3aa42-b9af-49b8-a72a-64e9c337aa53', '2026-07-04T14:00:00+00');

-- Linha 57: IPHONE 11 64GB BRANCO SEMINOVO (04/07/2026)
INSERT INTO aparelhos (id, marca, modelo, imei, valor_venda, valor_compra, loja_id, estado, condicao, status, data_venda, data_entrada, criado_por, criado_em, atualizado_em, observacoes) VALUES ('78b2bfbe-adbd-49cd-aaf8-3b631702a3b9', 'Apple', 'IPHONE 11 64GB BRANCO SEMINOVO', '35.898187.748477-3', 950.0, 600.0, 1, 'seminovo', 'bom', 'vendido', '2026-07-04T14:00:00+00', '2026-07-04T14:00:00+00', '9451cd9f-6770-4e32-aae8-c75fa675e818', '2026-07-04T14:00:00+00', '2026-07-04T14:00:00+00', 'pgto forcado pix');
INSERT INTO vendas (id, numero_venda, cliente_id, loja_id, vendedor_id, status, tipo, valor_total, valor_pago, saldo_devedor, criado_em, finalizado_em, finalizado_por) VALUES ('4ecb5a1a-324f-4784-a3d8-5fc6e728380d', 12630, current_setting('importacao.cliente_id')::uuid, 1, '9451cd9f-6770-4e32-aae8-c75fa675e818', 'concluida', 'normal', 950.0, 950.0, 0, '2026-07-04T14:00:00+00', '2026-07-04T14:00:00+00', '9451cd9f-6770-4e32-aae8-c75fa675e818');
UPDATE aparelhos SET venda_id = '4ecb5a1a-324f-4784-a3d8-5fc6e728380d' WHERE id = '78b2bfbe-adbd-49cd-aaf8-3b631702a3b9';
INSERT INTO pagamentos_venda (id, venda_id, tipo_pagamento, valor, data_pagamento, criado_por, parcelas, criado_em) VALUES ('1a5f28e4-c444-4d65-93bf-1a5a7881cb0d', '4ecb5a1a-324f-4784-a3d8-5fc6e728380d', 'pix', 950.0, '2026-07-04', '9451cd9f-6770-4e32-aae8-c75fa675e818', 1, '2026-07-04T14:00:00+00');

-- Linha 58: IPHONE 17 PRO MAX 256GB AZUL NOVO (05/07/2026)
INSERT INTO aparelhos (id, marca, modelo, imei, valor_venda, valor_compra, loja_id, estado, condicao, status, data_venda, data_entrada, criado_por, criado_em, atualizado_em, observacoes) VALUES ('a47d2632-4902-439e-bebf-8b8b7ea58e3c', 'Apple', 'IPHONE 17 PRO MAX 256GB AZUL NOVO', '351205748842390', 7150.0, 7000.0, 20, 'novo', 'perfeito', 'vendido', '2026-07-05T14:00:00+00', '2026-07-05T14:00:00+00', 'a50f1e24-aabb-41c1-b817-b4a4950bb1e4', '2026-07-05T14:00:00+00', '2026-07-05T14:00:00+00', NULL);
INSERT INTO vendas (id, numero_venda, cliente_id, loja_id, vendedor_id, status, tipo, valor_total, valor_pago, saldo_devedor, criado_em, finalizado_em, finalizado_por) VALUES ('4ca14722-cdfd-4ee1-8b7c-eeeee2c6d90c', 12631, current_setting('importacao.cliente_id')::uuid, 20, 'a50f1e24-aabb-41c1-b817-b4a4950bb1e4', 'concluida', 'normal', 7150.0, 7150.0, 0, '2026-07-05T14:00:00+00', '2026-07-05T14:00:00+00', 'a50f1e24-aabb-41c1-b817-b4a4950bb1e4');
UPDATE aparelhos SET venda_id = '4ca14722-cdfd-4ee1-8b7c-eeeee2c6d90c' WHERE id = 'a47d2632-4902-439e-bebf-8b8b7ea58e3c';
INSERT INTO pagamentos_venda (id, venda_id, tipo_pagamento, valor, data_pagamento, criado_por, parcelas, criado_em) VALUES ('c3541371-3566-437f-bbc0-fa8eff9e8bf1', '4ca14722-cdfd-4ee1-8b7c-eeeee2c6d90c', 'pix', 7150.0, '2026-07-05', 'a50f1e24-aabb-41c1-b817-b4a4950bb1e4', 1, '2026-07-05T14:00:00+00');

-- Linha 59: IPHONE 14 PRO 256GB ROXO NOVO (05/07/2026)
INSERT INTO aparelhos (id, marca, modelo, imei, valor_venda, valor_compra, loja_id, estado, condicao, status, data_venda, data_entrada, criado_por, criado_em, atualizado_em, observacoes) VALUES ('c89ede94-56f0-460a-ae14-d82575ba6de6', 'Apple', 'IPHONE 14 PRO 256GB ROXO NOVO', '355563340415599', 3250.0, 2900.0, 20, 'novo', 'perfeito', 'vendido', '2026-07-05T14:00:00+00', '2026-07-05T14:00:00+00', '25e2da5b-9e76-4388-9890-7e22efd6940d', '2026-07-05T14:00:00+00', '2026-07-05T14:00:00+00', NULL);
INSERT INTO vendas (id, numero_venda, cliente_id, loja_id, vendedor_id, status, tipo, valor_total, valor_pago, saldo_devedor, criado_em, finalizado_em, finalizado_por) VALUES ('fb3eb2fe-8c3b-4d67-b306-80de4df9e173', 12632, current_setting('importacao.cliente_id')::uuid, 20, '25e2da5b-9e76-4388-9890-7e22efd6940d', 'concluida', 'normal', 3250.0, 3250.0, 0, '2026-07-05T14:00:00+00', '2026-07-05T14:00:00+00', '25e2da5b-9e76-4388-9890-7e22efd6940d');
UPDATE aparelhos SET venda_id = 'fb3eb2fe-8c3b-4d67-b306-80de4df9e173' WHERE id = 'c89ede94-56f0-460a-ae14-d82575ba6de6';
INSERT INTO pagamentos_venda (id, venda_id, tipo_pagamento, valor, data_pagamento, criado_por, parcelas, criado_em) VALUES ('268a01f7-2db8-47bf-b2c9-351a3d7d7433', 'fb3eb2fe-8c3b-4d67-b306-80de4df9e173', 'cartao_credito', 3250.0, '2026-07-05', '25e2da5b-9e76-4388-9890-7e22efd6940d', 1, '2026-07-05T14:00:00+00');
INSERT INTO brindes_aparelhos (id, loja_id, venda_id, descricao, valor_custo, data_ocorrencia, criado_por, criado_em) VALUES ('821e98ae-00d6-4579-9957-08915681c80e', 20, 'fb3eb2fe-8c3b-4d67-b306-80de4df9e173', 'Brinde', 25.0, '2026-07-05', '25e2da5b-9e76-4388-9890-7e22efd6940d', '2026-07-05T14:00:00+00');

-- Linha 60: IPHONE 14 PLUS 128GB BRANCO NOVO (05/07/2026)
INSERT INTO aparelhos (id, marca, modelo, imei, valor_venda, valor_compra, loja_id, estado, condicao, status, data_venda, data_entrada, criado_por, criado_em, atualizado_em, observacoes) VALUES ('c61816db-ce40-4b24-a80f-d33afd760338', 'Apple', 'IPHONE 14 PLUS 128GB BRANCO NOVO', '352820548986269', 2600.0, 2150.0, 20, 'novo', 'perfeito', 'vendido', '2026-07-05T14:00:00+00', '2026-07-05T14:00:00+00', '25e2da5b-9e76-4388-9890-7e22efd6940d', '2026-07-05T14:00:00+00', '2026-07-05T14:00:00+00', NULL);
INSERT INTO vendas (id, numero_venda, cliente_id, loja_id, vendedor_id, status, tipo, valor_total, valor_pago, saldo_devedor, criado_em, finalizado_em, finalizado_por) VALUES ('9808a3bd-1e21-45de-af51-4deb12de208a', 12633, current_setting('importacao.cliente_id')::uuid, 20, '25e2da5b-9e76-4388-9890-7e22efd6940d', 'concluida', 'normal', 2600.0, 2600.0, 0, '2026-07-05T14:00:00+00', '2026-07-05T14:00:00+00', '25e2da5b-9e76-4388-9890-7e22efd6940d');
UPDATE aparelhos SET venda_id = '9808a3bd-1e21-45de-af51-4deb12de208a' WHERE id = 'c61816db-ce40-4b24-a80f-d33afd760338';
INSERT INTO pagamentos_venda (id, venda_id, tipo_pagamento, valor, data_pagamento, criado_por, parcelas, criado_em) VALUES ('076147a6-03e6-4273-a6ed-8e8e32546099', '9808a3bd-1e21-45de-af51-4deb12de208a', 'cartao_credito', 2600.0, '2026-07-05', '25e2da5b-9e76-4388-9890-7e22efd6940d', 1, '2026-07-05T14:00:00+00');
INSERT INTO brindes_aparelhos (id, loja_id, venda_id, descricao, valor_custo, data_ocorrencia, criado_por, criado_em) VALUES ('54554251-69a8-4e94-bb69-2b42f623c305', 20, '9808a3bd-1e21-45de-af51-4deb12de208a', 'Brinde', 25.0, '2026-07-05', '25e2da5b-9e76-4388-9890-7e22efd6940d', '2026-07-05T14:00:00+00');

-- Linha 61: IPHONE 17 PRO 256GB SILVER NOVO (05/07/2026)
INSERT INTO aparelhos (id, marca, modelo, imei, valor_venda, valor_compra, loja_id, estado, condicao, status, data_venda, data_entrada, criado_por, criado_em, atualizado_em, observacoes) VALUES ('a962c513-8ef8-49d9-827c-9776fbc9324d', 'Apple', 'IPHONE 17 PRO 256GB SILVER NOVO', '352574675504235', 7028.0, 6750.0, 19, 'novo', 'perfeito', 'vendido', '2026-07-05T14:00:00+00', '2026-07-05T14:00:00+00', '97f12885-87ad-426a-8bbb-656889d82e10', '2026-07-05T14:00:00+00', '2026-07-05T14:00:00+00', NULL);
INSERT INTO vendas (id, numero_venda, cliente_id, loja_id, vendedor_id, status, tipo, valor_total, valor_pago, saldo_devedor, criado_em, finalizado_em, finalizado_por) VALUES ('f3c2bb08-57ea-49b7-b65d-84cbb913519c', 12634, current_setting('importacao.cliente_id')::uuid, 19, '97f12885-87ad-426a-8bbb-656889d82e10', 'concluida', 'normal', 7028.0, 7028.0, 0, '2026-07-05T14:00:00+00', '2026-07-05T14:00:00+00', '97f12885-87ad-426a-8bbb-656889d82e10');
UPDATE aparelhos SET venda_id = 'f3c2bb08-57ea-49b7-b65d-84cbb913519c' WHERE id = 'a962c513-8ef8-49d9-827c-9776fbc9324d';
INSERT INTO pagamentos_venda (id, venda_id, tipo_pagamento, valor, data_pagamento, criado_por, parcelas, criado_em) VALUES ('f36a1e10-cecb-4289-a19e-a7daafe619f1', 'f3c2bb08-57ea-49b7-b65d-84cbb913519c', 'cartao_credito', 2628.0, '2026-07-05', '97f12885-87ad-426a-8bbb-656889d82e10', 1, '2026-07-05T14:00:00+00');
INSERT INTO pagamentos_venda (id, venda_id, tipo_pagamento, valor, data_pagamento, criado_por, observacao, parcelas, criado_em) VALUES ('27131b9a-16bf-42a0-8bd0-40321e548b8f', 'f3c2bb08-57ea-49b7-b65d-84cbb913519c', 'troca_aparelho', 4400.0, '2026-07-05', '97f12885-87ad-426a-8bbb-656889d82e10', 'Troca: IPH 16 PRO 256GB DESERT', 1, '2026-07-05T14:00:00+00');
INSERT INTO brindes_aparelhos (id, loja_id, venda_id, descricao, valor_custo, data_ocorrencia, criado_por, criado_em) VALUES ('093fcad6-1f2b-42b6-bba9-4ae85b2d3c5c', 19, 'f3c2bb08-57ea-49b7-b65d-84cbb913519c', 'Brinde', 20.0, '2026-07-05', '97f12885-87ad-426a-8bbb-656889d82e10', '2026-07-05T14:00:00+00');

-- Linha 62: IPHONE 17 PRO MAX 256GB SILVER NOVO (05/07/2026)
INSERT INTO aparelhos (id, marca, modelo, imei, valor_venda, valor_compra, loja_id, estado, condicao, status, data_venda, data_entrada, criado_por, criado_em, atualizado_em, observacoes) VALUES ('a14db9ee-be71-42b1-985f-f420960bea11', 'Apple', 'IPHONE 17 PRO MAX 256GB SILVER NOVO', '351668149691346', 7449.0, 7200.0, 19, 'novo', 'perfeito', 'vendido', '2026-07-05T14:00:00+00', '2026-07-05T14:00:00+00', '97f12885-87ad-426a-8bbb-656889d82e10', '2026-07-05T14:00:00+00', '2026-07-05T14:00:00+00', NULL);
INSERT INTO vendas (id, numero_venda, cliente_id, loja_id, vendedor_id, status, tipo, valor_total, valor_pago, saldo_devedor, criado_em, finalizado_em, finalizado_por) VALUES ('359147e4-75d0-4e63-8f9d-40cde7622ef6', 12635, current_setting('importacao.cliente_id')::uuid, 19, '97f12885-87ad-426a-8bbb-656889d82e10', 'concluida', 'normal', 7449.0, 7449.0, 0, '2026-07-05T14:00:00+00', '2026-07-05T14:00:00+00', '97f12885-87ad-426a-8bbb-656889d82e10');
UPDATE aparelhos SET venda_id = '359147e4-75d0-4e63-8f9d-40cde7622ef6' WHERE id = 'a14db9ee-be71-42b1-985f-f420960bea11';
INSERT INTO pagamentos_venda (id, venda_id, tipo_pagamento, valor, data_pagamento, criado_por, parcelas, criado_em) VALUES ('c3d221d2-9456-4ea3-ba08-cfa80035ac1a', '359147e4-75d0-4e63-8f9d-40cde7622ef6', 'pix', 5749.0, '2026-07-05', '97f12885-87ad-426a-8bbb-656889d82e10', 1, '2026-07-05T14:00:00+00');
INSERT INTO pagamentos_venda (id, venda_id, tipo_pagamento, valor, data_pagamento, criado_por, observacao, parcelas, criado_em) VALUES ('4f87362c-b5d5-4869-a283-1efd9ef4d77f', '359147e4-75d0-4e63-8f9d-40cde7622ef6', 'troca_aparelho', 1700.0, '2026-07-05', '97f12885-87ad-426a-8bbb-656889d82e10', 'Troca: IPH 14 128GB BRANCO', 1, '2026-07-05T14:00:00+00');
INSERT INTO brindes_aparelhos (id, loja_id, venda_id, descricao, valor_custo, data_ocorrencia, criado_por, criado_em) VALUES ('dd70bc4d-768b-43d0-b414-979c5fae8eef', 19, '359147e4-75d0-4e63-8f9d-40cde7622ef6', 'Brinde', 20.0, '2026-07-05', '97f12885-87ad-426a-8bbb-656889d82e10', '2026-07-05T14:00:00+00');

-- Linha 63: IPHONE 14 PRO 256GB PRETO SEMINOVO (05/07/2026)
INSERT INTO aparelhos (id, marca, modelo, imei, valor_venda, valor_compra, loja_id, estado, condicao, status, data_venda, data_entrada, criado_por, criado_em, atualizado_em, observacoes) VALUES ('ef597350-7bf3-47ba-a283-534fee18f404', 'Apple', 'IPHONE 14 PRO 256GB PRETO SEMINOVO', '353429715641746', 3100.0, 2900.0, 1, 'seminovo', 'bom', 'vendido', '2026-07-05T14:00:00+00', '2026-07-05T14:00:00+00', '97f12885-87ad-426a-8bbb-656889d82e10', '2026-07-05T14:00:00+00', '2026-07-05T14:00:00+00', NULL);
INSERT INTO vendas (id, numero_venda, cliente_id, loja_id, vendedor_id, status, tipo, valor_total, valor_pago, saldo_devedor, criado_em, finalizado_em, finalizado_por) VALUES ('da69e35b-b07c-4a0e-abf7-de060aec8362', 12636, current_setting('importacao.cliente_id')::uuid, 1, '97f12885-87ad-426a-8bbb-656889d82e10', 'concluida', 'normal', 3100.0, 3100.0, 0, '2026-07-05T14:00:00+00', '2026-07-05T14:00:00+00', '97f12885-87ad-426a-8bbb-656889d82e10');
UPDATE aparelhos SET venda_id = 'da69e35b-b07c-4a0e-abf7-de060aec8362' WHERE id = 'ef597350-7bf3-47ba-a283-534fee18f404';
INSERT INTO pagamentos_venda (id, venda_id, tipo_pagamento, valor, data_pagamento, criado_por, parcelas, criado_em) VALUES ('8203ba5e-00ba-483d-a1ce-073d2d956269', 'da69e35b-b07c-4a0e-abf7-de060aec8362', 'pix', 3100.0, '2026-07-05', '97f12885-87ad-426a-8bbb-656889d82e10', 1, '2026-07-05T14:00:00+00');
INSERT INTO brindes_aparelhos (id, loja_id, venda_id, descricao, valor_custo, data_ocorrencia, criado_por, criado_em) VALUES ('8b90a1ea-0c46-4e3d-bd47-00a774e1f172', 1, 'da69e35b-b07c-4a0e-abf7-de060aec8362', 'Brinde', 20.0, '2026-07-05', '97f12885-87ad-426a-8bbb-656889d82e10', '2026-07-05T14:00:00+00');

-- Linha 64: IPHONE 17 PRO MAX 256GB LARANJA LACRADO (05/07/2026)
INSERT INTO aparelhos (id, marca, modelo, imei, valor_venda, valor_compra, loja_id, estado, condicao, status, data_venda, data_entrada, criado_por, criado_em, atualizado_em, observacoes) VALUES ('95486361-6aa3-4d86-8824-dedfd3f67558', 'Apple', 'IPHONE 17 PRO MAX 256GB LARANJA LACRADO', '350230979597357', 7162.0, 7050.0, 1, 'novo', 'perfeito', 'vendido', '2026-07-05T14:00:00+00', '2026-07-05T14:00:00+00', '0dd2c938-c6dd-4f5d-aac5-ed045ee5d2fb', '2026-07-05T14:00:00+00', '2026-07-05T14:00:00+00', NULL);
INSERT INTO vendas (id, numero_venda, cliente_id, loja_id, vendedor_id, status, tipo, valor_total, valor_pago, saldo_devedor, criado_em, finalizado_em, finalizado_por) VALUES ('9d16b236-2b48-4635-af7e-e83a210dc86f', 12637, current_setting('importacao.cliente_id')::uuid, 1, '0dd2c938-c6dd-4f5d-aac5-ed045ee5d2fb', 'concluida', 'normal', 7162.0, 7162.0, 0, '2026-07-05T14:00:00+00', '2026-07-05T14:00:00+00', '0dd2c938-c6dd-4f5d-aac5-ed045ee5d2fb');
UPDATE aparelhos SET venda_id = '9d16b236-2b48-4635-af7e-e83a210dc86f' WHERE id = '95486361-6aa3-4d86-8824-dedfd3f67558';
INSERT INTO pagamentos_venda (id, venda_id, tipo_pagamento, valor, data_pagamento, criado_por, parcelas, criado_em) VALUES ('08437507-655e-44a5-9c27-fdf24eccc99c', '9d16b236-2b48-4635-af7e-e83a210dc86f', 'pix', 7162.0, '2026-07-05', '0dd2c938-c6dd-4f5d-aac5-ed045ee5d2fb', 1, '2026-07-05T14:00:00+00');
INSERT INTO brindes_aparelhos (id, loja_id, venda_id, descricao, valor_custo, data_ocorrencia, criado_por, criado_em) VALUES ('5a1375b3-072f-4e28-8eb8-94375ff2593d', 1, '9d16b236-2b48-4635-af7e-e83a210dc86f', 'Brinde', 10.0, '2026-07-05', '0dd2c938-c6dd-4f5d-aac5-ed045ee5d2fb', '2026-07-05T14:00:00+00');

-- Linha 65: IPHONE 13 PRO MAX 128GB DOURADO SEMINOVO (05/07/2026)
INSERT INTO aparelhos (id, marca, modelo, imei, valor_venda, valor_compra, loja_id, estado, condicao, status, data_venda, data_entrada, criado_por, criado_em, atualizado_em, observacoes) VALUES ('9f77703a-db88-4645-8073-9f28d4ef4126', 'Apple', 'IPHONE 13 PRO MAX 128GB DOURADO SEMINOVO', '35861241621265', 2650.0, 150.0, 1, 'seminovo', 'bom', 'vendido', '2026-07-05T14:00:00+00', '2026-07-05T14:00:00+00', '0dd2c938-c6dd-4f5d-aac5-ed045ee5d2fb', '2026-07-05T14:00:00+00', '2026-07-05T14:00:00+00', NULL);
INSERT INTO vendas (id, numero_venda, cliente_id, loja_id, vendedor_id, status, tipo, valor_total, valor_pago, saldo_devedor, criado_em, finalizado_em, finalizado_por) VALUES ('1a884143-4007-4519-9a82-d9345f77f49b', 12638, current_setting('importacao.cliente_id')::uuid, 1, '0dd2c938-c6dd-4f5d-aac5-ed045ee5d2fb', 'concluida', 'normal', 2650.0, 2650.0, 0, '2026-07-05T14:00:00+00', '2026-07-05T14:00:00+00', '0dd2c938-c6dd-4f5d-aac5-ed045ee5d2fb');
UPDATE aparelhos SET venda_id = '1a884143-4007-4519-9a82-d9345f77f49b' WHERE id = '9f77703a-db88-4645-8073-9f28d4ef4126';
INSERT INTO pagamentos_venda (id, venda_id, tipo_pagamento, valor, data_pagamento, criado_por, parcelas, criado_em) VALUES ('69333e16-a64b-4152-a3c5-9c63f5ede232', '1a884143-4007-4519-9a82-d9345f77f49b', 'pix', 2650.0, '2026-07-05', '0dd2c938-c6dd-4f5d-aac5-ed045ee5d2fb', 1, '2026-07-05T14:00:00+00');
INSERT INTO brindes_aparelhos (id, loja_id, venda_id, descricao, valor_custo, data_ocorrencia, criado_por, criado_em) VALUES ('61dce819-0066-44c1-b2de-e3cef74d6bd5', 1, '1a884143-4007-4519-9a82-d9345f77f49b', 'Brinde', 20.0, '2026-07-05', '0dd2c938-c6dd-4f5d-aac5-ed045ee5d2fb', '2026-07-05T14:00:00+00');

-- Linha 66: IPHONE 17 PRO MAX 256GB SILVER NOVO (07/07/2026)
INSERT INTO aparelhos (id, marca, modelo, imei, valor_venda, valor_compra, loja_id, estado, condicao, status, data_venda, data_entrada, criado_por, criado_em, atualizado_em, observacoes) VALUES ('8d23cd4f-62af-4701-9f11-d37e5975e9b7', 'Apple', 'IPHONE 17 PRO MAX 256GB SILVER NOVO', '359178375370369', 7300.0, 7200.0, 19, 'novo', 'perfeito', 'vendido', '2026-07-07T14:00:00+00', '2026-07-07T14:00:00+00', '97f12885-87ad-426a-8bbb-656889d82e10', '2026-07-07T14:00:00+00', '2026-07-07T14:00:00+00', NULL);
INSERT INTO vendas (id, numero_venda, cliente_id, loja_id, vendedor_id, status, tipo, valor_total, valor_pago, saldo_devedor, criado_em, finalizado_em, finalizado_por) VALUES ('b46c4351-51d4-43a9-94b6-6f71e9c4433b', 12639, current_setting('importacao.cliente_id')::uuid, 19, '97f12885-87ad-426a-8bbb-656889d82e10', 'concluida', 'normal', 7300.0, 7300.0, 0, '2026-07-07T14:00:00+00', '2026-07-07T14:00:00+00', '97f12885-87ad-426a-8bbb-656889d82e10');
UPDATE aparelhos SET venda_id = 'b46c4351-51d4-43a9-94b6-6f71e9c4433b' WHERE id = '8d23cd4f-62af-4701-9f11-d37e5975e9b7';
INSERT INTO pagamentos_venda (id, venda_id, tipo_pagamento, valor, data_pagamento, criado_por, parcelas, criado_em) VALUES ('1b2f7afc-6480-4c86-aca1-06a930f155fb', 'b46c4351-51d4-43a9-94b6-6f71e9c4433b', 'pix', 7300.0, '2026-07-07', '97f12885-87ad-426a-8bbb-656889d82e10', 1, '2026-07-07T14:00:00+00');

-- Linha 67: IPHONE 16 PRO MAX 256GB NATURAL SEMINOVO (07/07/2026)
INSERT INTO aparelhos (id, marca, modelo, imei, valor_venda, valor_compra, loja_id, estado, condicao, status, data_venda, data_entrada, criado_por, criado_em, atualizado_em, observacoes) VALUES ('972a3172-6bbd-4d0d-86b4-205b44feef47', 'Apple', 'IPHONE 16 PRO MAX 256GB NATURAL SEMINOVO', '354661670984062', 5000.0, 4800.0, 19, 'seminovo', 'bom', 'vendido', '2026-07-07T14:00:00+00', '2026-07-07T14:00:00+00', '97f12885-87ad-426a-8bbb-656889d82e10', '2026-07-07T14:00:00+00', '2026-07-07T14:00:00+00', NULL);
INSERT INTO vendas (id, numero_venda, cliente_id, loja_id, vendedor_id, status, tipo, valor_total, valor_pago, saldo_devedor, criado_em, finalizado_em, finalizado_por) VALUES ('4ea51165-536a-4d43-82bf-986236b0064d', 12640, current_setting('importacao.cliente_id')::uuid, 19, '97f12885-87ad-426a-8bbb-656889d82e10', 'concluida', 'normal', 5000.0, 5000.0, 0, '2026-07-07T14:00:00+00', '2026-07-07T14:00:00+00', '97f12885-87ad-426a-8bbb-656889d82e10');
UPDATE aparelhos SET venda_id = '4ea51165-536a-4d43-82bf-986236b0064d' WHERE id = '972a3172-6bbd-4d0d-86b4-205b44feef47';
INSERT INTO pagamentos_venda (id, venda_id, tipo_pagamento, valor, data_pagamento, criado_por, parcelas, criado_em) VALUES ('fb24ef9e-6344-44a5-aac6-8ade05457698', '4ea51165-536a-4d43-82bf-986236b0064d', 'pix', 5000.0, '2026-07-07', '97f12885-87ad-426a-8bbb-656889d82e10', 1, '2026-07-07T14:00:00+00');
INSERT INTO brindes_aparelhos (id, loja_id, venda_id, descricao, valor_custo, data_ocorrencia, criado_por, criado_em) VALUES ('965d8fcf-40d1-43b4-b4dd-58b0825bfad0', 19, '4ea51165-536a-4d43-82bf-986236b0064d', 'Brinde', 25.0, '2026-07-07', '97f12885-87ad-426a-8bbb-656889d82e10', '2026-07-07T14:00:00+00');

-- Linha 68: IPHONE 17 PRO MAX 512GB SILVER NOVO (07/07/2026)
INSERT INTO aparelhos (id, marca, modelo, imei, valor_venda, valor_compra, loja_id, estado, condicao, status, data_venda, data_entrada, criado_por, criado_em, atualizado_em, observacoes) VALUES ('381dd376-d6f9-4243-87e7-4d510585e60f', 'Apple', 'IPHONE 17 PRO MAX 512GB SILVER NOVO', '353427334423694', 9100.0, 9000.0, 20, 'novo', 'perfeito', 'vendido', '2026-07-07T14:00:00+00', '2026-07-07T14:00:00+00', 'a50f1e24-aabb-41c1-b817-b4a4950bb1e4', '2026-07-07T14:00:00+00', '2026-07-07T14:00:00+00', NULL);
INSERT INTO vendas (id, numero_venda, cliente_id, loja_id, vendedor_id, status, tipo, valor_total, valor_pago, saldo_devedor, criado_em, finalizado_em, finalizado_por) VALUES ('da9f46ac-29a4-4e24-b6b2-7eb5d8b96743', 12641, current_setting('importacao.cliente_id')::uuid, 20, 'a50f1e24-aabb-41c1-b817-b4a4950bb1e4', 'concluida', 'normal', 9100.0, 9100.0, 0, '2026-07-07T14:00:00+00', '2026-07-07T14:00:00+00', 'a50f1e24-aabb-41c1-b817-b4a4950bb1e4');
UPDATE aparelhos SET venda_id = 'da9f46ac-29a4-4e24-b6b2-7eb5d8b96743' WHERE id = '381dd376-d6f9-4243-87e7-4d510585e60f';
INSERT INTO pagamentos_venda (id, venda_id, tipo_pagamento, valor, data_pagamento, criado_por, parcelas, criado_em) VALUES ('78b40046-366d-44b5-9533-cf569d1d9585', 'da9f46ac-29a4-4e24-b6b2-7eb5d8b96743', 'pix', 7100.0, '2026-07-07', 'a50f1e24-aabb-41c1-b817-b4a4950bb1e4', 1, '2026-07-07T14:00:00+00');
INSERT INTO pagamentos_venda (id, venda_id, tipo_pagamento, valor, data_pagamento, criado_por, parcelas, criado_em) VALUES ('c7ab9ea8-68f0-4084-a63b-b221baa8cbba', 'da9f46ac-29a4-4e24-b6b2-7eb5d8b96743', 'dinheiro', 2000.0, '2026-07-07', 'a50f1e24-aabb-41c1-b817-b4a4950bb1e4', 1, '2026-07-07T14:00:00+00');

-- Linha 70: IPHONE 17 PRO MAX 256GB LARANJA NOVO (07/07/2026)
INSERT INTO aparelhos (id, marca, modelo, imei, valor_venda, valor_compra, loja_id, estado, condicao, status, data_venda, data_entrada, criado_por, criado_em, atualizado_em, observacoes) VALUES ('88ff3055-955b-4799-b2e6-89864affa923', 'Apple', 'IPHONE 17 PRO MAX 256GB LARANJA NOVO', '358159684462304', 7380.0, 7040.0, 4, 'novo', 'perfeito', 'vendido', '2026-07-07T14:00:00+00', '2026-07-07T14:00:00+00', 'a3626643-4749-4e56-83bc-b4a8ffd53659', '2026-07-07T14:00:00+00', '2026-07-07T14:00:00+00', 'pgto forcado pix');
INSERT INTO vendas (id, numero_venda, cliente_id, loja_id, vendedor_id, status, tipo, valor_total, valor_pago, saldo_devedor, criado_em, finalizado_em, finalizado_por) VALUES ('de01619b-1bc6-418d-b0c3-ab6d4cd7a689', 12642, current_setting('importacao.cliente_id')::uuid, 4, 'a3626643-4749-4e56-83bc-b4a8ffd53659', 'concluida', 'normal', 7380.0, 7380.0, 0, '2026-07-07T14:00:00+00', '2026-07-07T14:00:00+00', 'a3626643-4749-4e56-83bc-b4a8ffd53659');
UPDATE aparelhos SET venda_id = 'de01619b-1bc6-418d-b0c3-ab6d4cd7a689' WHERE id = '88ff3055-955b-4799-b2e6-89864affa923';
INSERT INTO pagamentos_venda (id, venda_id, tipo_pagamento, valor, data_pagamento, criado_por, parcelas, criado_em) VALUES ('4a586754-a0e0-498b-b116-e2a5470b17ae', 'de01619b-1bc6-418d-b0c3-ab6d4cd7a689', 'pix', 7380.0, '2026-07-07', 'a3626643-4749-4e56-83bc-b4a8ffd53659', 1, '2026-07-07T14:00:00+00');
INSERT INTO brindes_aparelhos (id, loja_id, venda_id, descricao, valor_custo, data_ocorrencia, criado_por, criado_em) VALUES ('410da502-206c-4353-bde2-b2fd1b53e1de', 4, 'de01619b-1bc6-418d-b0c3-ab6d4cd7a689', 'Brinde', 15.0, '2026-07-07', 'a3626643-4749-4e56-83bc-b4a8ffd53659', '2026-07-07T14:00:00+00');

COMMIT;