data,data_iso,modelo,imei,valor_venda,brinde,custo,lucro,pix,dinheiro,cartao_credito,cartao_debito,troca_aparelho,outros_pagamentos,soma_pagamentos,diferenca,tem_troca,modelo_troca,valor_troca,vendedor,loja,loja_id
30/06/2026,2026-06-30,REDMI PAD 2 128GB GRAFIT NOVO,65520/W5Z501219,1200.0,0.0,900.0,210.0,0,0,0,0,0,0,0,1200.0,NAO,,0,Higor Guedes,CELL,1
01/05/2026,2026-05-01,MI 15T PRO 512GB PRETO NOVO,860786082136022,5250.0,0.0,5000.0,250.0,800.0,0,0,0,0,0,800.0,4450.0,NAO,,0,Yasmin,ONLINE,4
01/05/2026,2026-05-01,IPHONE 17 PRO MAX 256GB LARANJA NOVO,352116262845892,8424.0,5.0,8200.0,219.0,0,0,7536.0,0,1800.0,0,9336.0,-912.0,SIM,14 128 LILAS SEMINOVO,1800.0,Marcela,ONLINE,4
01/05/2026,2026-05-01,IPHONE 16 PRO MAX 512GB BRANCO SEMINOVO,355300182456355,5700.0,115.0,5150.0,435.0,0,0,0,0,2000.0,0,2000.0,3700.0,SIM,NO VALOR DE,2000.0,Renata,CELL,1
01/05/2026,2026-05-01,IPHONE 16 PRO MAX  1TB PRETO SEMINOVO,355138329181332,5800.0,25.0,5350.0,425.0,0,0,0,0,0,0,0,5800.0,NAO,,0,Renata,CELL,1
01/05/2026,2026-05-01,IPHONE 15 PRO MAX 256GB PRETO SEMINOVO,356964467452295,4340.0,25.0,3950.0,365.0,0,0,0,0,0,0,0,4340.0,NAO,,0,Renata,CELL,1
01/05/2026,2026-05-01,IPHONE 16 PRO MAX 256GB PRETO SEMINOVO,356541623888990,5550.0,25.0,5000.0,525.0,0,0,0,0,3000.0,0,3000.0,2550.0,SIM,NO VALOR DE,3000.0,Renata,CELL,1
01/05/2026,2026-05-01,IPHONE 17 PRO SILVER 256GB NOVO,352001997459930,7900.0,0.0,7600.0,300.0,3500.0,0,0,0,4400.0,0,7900.0,0.0,SIM,IPHONE 16 PRO,4400.0,Ronald,CASES,19
01/05/2026,2026-05-01,IPHONE 14 PRO MAX 128GB ROXO SEMINOVO,357650618525795,3500.0,15.0,3250.0,235.0,0,0,0,0,0,0,0,3500.0,NAO,,0,Guilherme,BLOCO B,20
01/05/2026,2026-05-01,IPHONE 12 PRO MAX 256GB GOLD SEMINOVO,350408484865846,2600.0,25.0,2350.0,225.0,0,0,0,0,0,0,0,2600.0,NAO,,0,Higor Guedes,CELL,1
01/05/2026,2026-05-01,IPHONE 14 PRO MAX 256GB ROXO SEMINOVO,353665909220967,3460.0,25.0,3300.0,135.0,3460.0,0,0,0,0,0,3460.0,0.0,NAO,,0,Higor Guedes,CELL,1
01/05/2026,2026-05-01,IPHONE 16 PRO 256GB BRANCO SEMINOVO,355515605909702,5915.0,25.0,4500.0,500.0,2715.0,0,0,0,3200.0,0,5915.0,0.0,SIM,IPH 15 PRO MAX 256GB NATURAL,3200.0,Higor Guedes,CELL,1
01/05/2026,2026-05-01,IPHONE 16 PRO MAX 512GB NATURAL SEMINOVO,355138329035488,5525.0,25.0,5150.0,350.0,8300.0,0,0,0,0,0,8300.0,-2775.0,NAO,,0,Higor Guedes,CELL,1
01/05/2026,2026-05-01,IPHONE 16 PRO MAX 256GB NATURAL SEMINOVO,353484624594932,5525.0,25.0,5000.0,500.0,0,0,0,0,2750.0,0,2750.0,2775.0,SIM,IPH 15 128GB,2750.0,Higor Guedes,CELL,1
01/05/2026,2026-05-01,MACBOOK M1 SPACE 8/256 SEMINOVO,C02G79MTQ6L7,4100.0,0.0,3900.0,200.0,6410.0,0,0,0,0,0,6410.0,-2310.0,NAO,,0,Higor Guedes,CELL,1
01/05/2026,2026-05-01,IPHONE 16 PRO MAX BRANCO 1TB SEMINOVO,357177506679088,6260.0,25.0,5350.0,885.0,0,0,0,0,3950.0,0,3950.0,2310.0,SIM,IPH 15 PRO MAX 256GB AZUL,3950.0,Higor Guedes,CELL,1
02/05/2026,2026-05-02,APPLE WATCH SERIE 11 46MM SPACE GRAY NOVO,KXJL4WFK4P,2450.0,0.0,2350.0,100.0,0,0,0,0,0,0,0,2450.0,NAO,,0,Marcela,ONLINE,4
02/05/2026,2026-05-02,IPHONE 14 128GB BRANCO SEMINOVO,350671525377135,2199.0,35.0,2050.0,114.0,2150.0,0,0,50.0,0,0,2200.0,-1.0,NAO,,0,Ronald,CASES,19
02/05/2026,2026-05-02,IPHONE 17 256GB LAVANDA NOVO,359973613029086,5300.0,20.0,5050.0,230.0,0,0,5162.74,0,700.0,0,5862.74,-562.74,SIM,IPH 11 128GB BRANCO,700.0,Ronald,CASES,19
02/05/2026,2026-05-02,APPLE WATCH ULTRA 3 PRETO NOVO,368135794662306,4750.0,0.0,4400.0,350.0,0,0,0,0,0,0,0,4750.0,NAO,,0,Ronald,CASES,19
02/05/2026,2026-05-02,IPHONE 16 PRO MAX 512GB PRETO SEMINOVO,356744605708190,5600.0,25.0,5150.0,425.0,0,0,0,0,5150.0,0,5150.0,450.0,SIM,IPH 11 128GB PRETO / PIX,5150.0,Renan,BLOCO B,20
02/05/2026,2026-05-02,IPHONE 15 PRO MAX 256GB NATURAL SEMINOVO,351465642570501,4200.0,10.0,3950.0,240.0,10349.0,0,0,0,500.0,0,10849.0,-6649.0,SIM,IPH XR 64GB PRETO,500.0,Higor Guedes,CELL,1
02/05/2026,2026-05-02,IPHONE 17 PRO MAX 256GB BRANCO NOVO,350552896576341,8899.0,10.0,8300.0,589.0,0,0,0,0,2250.0,0,2250.0,6649.0,SIM,IPH 13 PRO MAX 128GB PRETO,2250.0,Higor Guedes,CELL,1
03/05/2026,2026-05-03,IPHONE 11 64GB PRETO SEMINOVO,352923110862460,800.0,0.0,650.0,150.0,0,0,0,0,0,0,0,800.0,NAO,,0,Ronald,CASES,19
03/05/2026,2026-05-03,IPHONE 16 PRO 256GB PRETO SEMINOVO,355515607895768,4700.0,0.0,4450.0,250.0,0,0,0,0,0,0,0,4700.0,NAO,,0,Yasmin,ONLINE,4
03/05/2026,2026-05-03,IPHONE 11 PRO 256GB BRANCO SEMINOVO,352834111876179,1200.0,25.0,700.0,475.0,950.0,0,0,0,250.0,0,1200.0,0.0,SIM,IPH XR 64GB,250.0,Marcela,ONLINE,4
03/05/2026,2026-05-03,BOMBOX 4 PRETA NOVO,TL1876-JP0086246,2350.0,0.0,2350.0,0.0,0,0,0,0,0,0,0,2350.0,NAO,,0,Marcela,ONLINE,4
03/05/2026,2026-05-03,IPHONE 14 PRO 256GB SEMINOVO,354542503453857,3200.0,25.0,2950.0,225.0,1000.0,0,2200.0,0,0,0,3200.0,0.0,NAO,,0,Marcela,ONLINE,4
03/05/2026,2026-05-03,IPHONE 15 PRO MAX 256Gb SEMINOVO,351306992348280,4300.0,25.0,3950.0,325.0,0,0,0,0,0,0,0,4300.0,NAO,,0,Marcela,ONLINE,4
03/05/2026,2026-05-03,IPAD 11 128GB AMARELO NOVO,D26WC4VMQP,2715.0,150.0,2140.0,425.0,1315.0,1400.0,0,0,0,0,2715.0,0.0,NAO,,0,Marcela,ONLINE,4
03/05/2026,2026-05-03,IPHONE 14 PRO 128GB ROXO SEMINOVO,357712761232320,3000.0,25.0,2700.0,275.0,0,0,3367.0,0,0,0,3367.0,-367.0,NAO,,0,Bianca,CASES,19
03/05/2026,2026-05-03,IPHONE 17 PRO MAX 512GB AZUL LACRADO,350552898007873,9280.0,30.0,9050.0,200.0,9280.0,0,0,0,0,0,9280.0,0.0,NAO,,0,Renata,CELL,1
03/05/2026,2026-05-03,IPHONE 14 PRO MAX 256GB ROXO SEMINOVO,356684163986301,3521.0,25.0,3200.0,296.0,1300.0,0,0,0,0,0,1300.0,2221.0,NAO,,0,Guilherme,BLOCO B,20
03/05/2026,2026-05-03,IPHONE 14 128GB AZUL SEMINOVO,358264144532215,2200.0,25.0,2050.0,125.0,0,0,0,0,0,0,0,2200.0,NAO,,0,Guilherme,BLOCO B,20
03/05/2026,2026-05-03,IPHONE 14 PRO MAX 256GB ROXO SEMINOVO,353742532615895,3550.0,25.0,3200.0,325.0,0,0,0,0,0,0,0,3550.0,NAO,,0,Ronald,CASES,19
03/05/2026,2026-05-03,SAMSUNG TAB S10 FE 128GB CINZA NOVO,R5GL343H0BP,2582.0,95.0,2350.0,137.0,2400.0,0,190.0,0,0,0,2590.0,-8.0,NAO,,0,Ronald,CASES,19
03/05/2026,2026-05-03,IPHONE 14 128GB LILAS SEMINOVO,354807376249710,2190.0,25.0,2050.0,115.0,0,0,0,0,0,0,0,2190.0,NAO,,0,Higor Guedes,CELL,1
03/05/2026,2026-05-03,IPHONE 13 PRO MAX 256G BRANCO SEMINOVO,351596247157557,3287.0,25.0,2950.0,312.0,2687.0,0,0,0,600.0,0,3287.0,0.0,SIM,IPHONE 11 64GB VERDE,600.0,Higor Guedes,CELL,1
05/05/2026,2026-05-05,IPHONE 17 256GB PRETO LACRADO,351807178569383,5530.0,25.0,4950.0,555.0,0,0,0,0,0,0,0,5530.0,NAO,,0,Renata,CELL,1
05/05/2026,2026-05-05,IPHONE 14 256GB PRETO SEMINOVO,353267568818502,2450.0,18.0,2150.0,282.0,0,0,0,0,0,0,0,2450.0,NAO,,0,Renata,CELL,1
05/05/2026,2026-05-05,IPHONE 17 PRO MAX 256GB SILVER NOVO,357247252989922,8500.0,0.0,8300.0,200.0,0,0,0,0,4000.0,0,4000.0,4500.0,SIM,IPHONE 15 PRO MAX 256GB PRETO,4000.0,Ronald,CASES,19
05/05/2026,2026-05-05,IPHONE 17 PRO MAX 256GB AZUL NOVO,357205981616604,8300.0,0.0,8100.0,200.0,0,0,0,0,0,0,0,8300.0,NAO,,0,Ronald,CASES,19
05/05/2026,2026-05-05,NOTE 15 PRO 5G 256GB AZUL NOVO,860548074484947,1950.0,0.0,1690.0,260.0,0,0,0,0,0,0,0,1950.0,NAO,,0,Ronald,CASES,19
05/05/2026,2026-05-05,REALME C75 5G PRETO 256GB NOVO,862813070179174,1340.0,0.0,1240.0,100.0,0,0,1436.07,0,0,0,1436.07,-96.07,NAO,,0,Ronald,CASES,19
05/05/2026,2026-05-05,IPHONE 13 128GB PRETO SEMINOVO,351264787086047,2025.0,25.0,1800.0,200.0,0,0,4607.51,0,0,0,4607.51,-2582.51,NAO,,0,Ronald,CASES,19
05/05/2026,2026-05-05,IPHONE 13 128GB BRANCO SEMINOVO,351520705483289,2025.0,25.0,1800.0,200.0,0,0,0,0,0,0,0,2025.0,NAO,,0,Ronald,CASES,19
05/05/2026,2026-05-05,IPHONE 14 PLUS 128GB PRETO SEMINOVO,359069332647611,2593.0,25.0,2300.0,268.0,0,0,0,0,0,0,0,2593.0,NAO,,0,Higor Guedes,CELL,1
05/05/2026,2026-05-05,IPHONE 13 PRO 256GB GRAFIT SEMINOVO,350367272380303,2750.0,25.0,2500.0,225.0,0,0,0,0,0,0,0,2750.0,NAO,,0,Higor Guedes,CELL,1
05/05/2026,2026-05-05,IPHONE 15 128GB ROSA SEMINOVO,357395865324357,2900.0,25.0,2750.0,125.0,0,0,0,1200.0,1700.0,0,2900.0,0.0,SIM,IPHONE 13 128GB ROSA,1700.0,Yasmin,ONLINE,4
05/05/2026,2026-05-05,REDMI NOTE 15 5G 256GB PRETO NOVO,865292088798209,1500.0,0.0,1370.0,130.0,0,400.0,1100.0,0,0,0,1500.0,0.0,NAO,,0,Yasmin,ONLINE,4
05/05/2026,2026-05-05,IPHONE 17 PRO 256GB BRANCO SEMINOVO,,6880.0,25.0,6350.0,300.0,4880.0,0,0,0,2000.0,0,6880.0,0.0,SIM,IPH 14 128GB PRETO,2000.0,Higor Guedes,CELL,1
06/05/2026,2026-05-06,IPAD 11 128GB 128GB SILVER NOVO,G79XRVF52R,2320.0,10.0,2180.0,130.0,0,0,0,0,0,0,0,2320.0,NAO,,0,Marcela,ONLINE,4
06/05/2026,2026-05-06,IPHONE 15 128GB ROSA SEMINOVO,356054491176662,2960.0,60.0,2750.0,125.0,0,0,0,0,0,0,0,2960.0,NAO,,0,Marcela,ONLINE,4
06/05/2026,2026-05-06,IPHONE 14 PRO MAX 256GB PRETO SEMINOVO,,3590.0,15.0,3200.0,375.0,842.35,0,0,0,400.0,0,1242.35,2347.65,SIM,13 PRO MAX 512GB,400.0,Bianca,CASES,19
06/05/2026,2026-05-06,IPHONE 15 PRO MAX 256GB PRETO SEMINOVO,355364280424731,4150.0,0.0,3950.0,200.0,0,0,0,0,0,0,0,4150.0,NAO,,0,Ronald,CASES,19
06/05/2026,2026-05-06,IPHONE 16 PRO MAX 256GB PRETO SEMINOVO,358637628310721,5600.0,25.0,5250.0,325.0,2600.0,0,0,0,3000.0,0,5600.0,0.0,SIM,IPH 15 PRO 128GB NATURAL,3000.0,Raissa,BLOCO B,20
06/05/2026,2026-05-06,IPHONE 16 PRO MAX 256GB PRETO SEMINOVO,354276355652528,5400.0,25.0,5000.0,375.0,0,0,0,0,0,0,0,5400.0,NAO,,0,Raissa,BLOCO B,20
06/05/2026,2026-05-06,IPHONR 17E 256GB PRETO NOVO,351961171443417,3800.0,0.0,3550.0,250.0,0,0,0,0,0,0,0,3800.0,NAO,,0,Guilherme,BLOCO B,20
06/05/2026,2026-05-06,IPHONE 17 PRO MAX 256GB AZUL NOVO,358434702268268,8400.0,0.0,8150.0,250.0,0,0,0,0,0,0,0,8400.0,NAO,,0,Guilherme,BLOCO B,20
06/05/2026,2026-05-06,IPHONE 17 PRO MAX 256GB AZUL NOVO,358434708144554,8400.0,15.0,8100.0,285.0,0,4450.0,0,0,3950.0,0,8400.0,0.0,SIM,IPH 15 PRO MAX 256GB AZUL,3950.0,Renan,BLOCO B,20
06/05/2026,2026-05-06,IPHONE 15 128GB PRETO SEMINOVO,359757420449029,3000.0,25.0,2750.0,225.0,2000.0,0,0,0,1000.0,0,3000.0,0.0,SIM,IPH 12 128GB PRETO,1000.0,Renan,BLOCO B,20
07/05/2026,2026-05-07,IPHONE 17 PRO MAX 256GB AZUL NOVO,351771405550451,8390.0,40.0,8150.0,200.0,8390.0,0,0,0,0,0,8390.0,0.0,NAO,,0,Ronald,CASES,19
07/05/2026,2026-05-07,IPHONE 13 PRO MAX 128GB DOURADO SEMINOVO,354347187764201,2890.0,65.0,2650.0,175.0,0,0,0,0,0,0,0,2890.0,NAO,,0,Marcela,ONLINE,4
07/05/2026,2026-05-07,REDMI NOTE 15 5G 256GB ROXO NOVO,86195070529825,1420.0,0.0,1360.0,60.0,0,0,0,0,0,0,0,1420.0,NAO,,0,Ronald,CASES,19
07/05/2026,2026-05-07,POCO F7 512GB PRATA NOVO,862136074435040,341.0,120.0,2800.0,511.0,1750.0,0,1681.0,0,0,0,3431.0,-3090.0,NAO,,0,Marcela,ONLINE,4
07/05/2026,2026-05-07,IPHONE 17 PRO MAX 256GB BRANCO NOVO,357247253990986,8780.0,10.0,8300.0,470.0,2600.0,0,0,0,6180.0,0,8780.0,0.0,SIM,IPH 14 PRO MAX ROXO 256GB; IPH 15 PRO 256GB NATURAL,6180.0,Higor Guedes,CELL,1
07/05/2026,2026-05-07,IPHONE 13 PRO MAX 128GB AZUL SEMINOVO,35717750667908,3230.0,205.0,2650.0,375.0,1330.0,0,0,0,1900.0,0,3230.0,0.0,SIM,IPH 12 PRO MAX AZUL,1900.0,Higor Guedes,CELL,1
07/05/2026,2026-05-07,IPHONE 17 PRO MAX 512GB AZUL NOVO,351668144729893,9950.0,0.0,8850.0,1100.0,5250.0,0,0,0,4700.0,0,9950.0,0.0,SIM,IPH 16 PRO MAX 256GB DESERT,4700.0,Higor Guedes,CELL,1
07/05/2026,2026-05-07,IPHONE 17 PRO 256GB SILVER NOVO,354289639953000,7850.0,0.0,7580.0,270.0,5250.0,0,0,0,2600.0,0,7850.0,0.0,SIM,IPH 15 PRO,2600.0,Higor Guedes,CELL,1
08/05/2026,2026-05-08,IPHONE 14 128GB LILAS SEMINOVO,350577192598574,2400.0,25.0,2050.0,325.0,1100.0,0,0,0,1300.0,0,2400.0,0.0,SIM,IPHONE 12 128GB AZUL,1300.0,Ronald,CASES,19
08/05/2026,2026-05-08,IPHONE 17 PRO MAX 256GB PRATA NOVO,351771409088771,8480.0,15.0,8300.0,165.0,2830.0,2500.0,0,0,128.0,0,5458.0,3022.0,SIM,14 PRO MAX,128.0,Marcela,ONLINE,4
08/05/2026,2026-05-08,IPHONE 13 128GB PRETO SEMINOVO,350038441784457,1924.0,15.0,1800.0,99.0,0,0,0,0,0,0,0,1924.0,NAO,,0,Marcela,ONLINE,4
08/05/2026,2026-05-08,IPHONE 13 PRO MAX 128GB PRETO SEMINOVO,352114954343441,2850.0,25.0,2650.0,175.0,2850.0,0,0,0,0,0,2850.0,0.0,NAO,,0,Marcela,ONLINE,4
08/05/2026,2026-05-08,AIRPODS PRO 3 NOVO,H2P49XQY13,1700.0,0.0,1500.0,200.0,0,0,1873.9,0,0,0,1873.9,-173.9,NAO,,0,Ronald,CASES,19
08/05/2026,2026-05-08,IPHONE 14 PRO MAX BRANCO SEMINOVO,350636590567381,3250.0,0.0,3150.0,100.0,3250.0,0,0,0,0,0,3250.0,0.0,NAO,,0,Ronald,CASES,19
08/05/2026,2026-05-08,POCO PAD M1 CINZA NOVO,7111Y5YJ02338,1750.0,0.0,1600.0,150.0,0,0,0,0,0,0,0,1750.0,NAO,,0,Guilherme,BLOCO B,20
08/05/2026,2026-05-08,IPHONE 14 PRO MAX ROXO SEMINOVO,357650612874918,3425.0,15.0,3150.0,260.0,0,0,0,0,0,0,0,3425.0,NAO,,0,Guilherme,BLOCO B,20
08/05/2026,2026-05-08,IPHONE 17 PRO MAX 512GB SILVER NOVO,357329447631468,9900.0,0.0,9500.0,400.0,5400.0,0,0,0,4500.0,0,9900.0,0.0,SIM,16 PRO DE 256 GB NA COR DESERT,4500.0,Raissa,BLOCO B,20
08/05/2026,2026-05-08,IPHONE XR 64GB PRETO SEMINOVO,35308210166173,750.0,25.0,500.0,225.0,0,0,0,0,0,0,0,750.0,NAO,,0,Raissa,BLOCO B,20
09/05/2026,2026-05-09,GALAXY TAB S10 FE NOVO,R5GL34HOBP,2680.0,70.0,2350.0,260.0,520.0,160.0,2000.0,0,0,0,2680.0,0.0,NAO,,0,Marcela,ONLINE,4
09/05/2026,2026-05-09,IPHONE 12 128GB AZUL SEMINOVO,353361731078373,1600.0,25.0,1300.0,275.0,375.0,0,1225.0,0,0,0,1600.0,0.0,NAO,,0,Marcela,ONLINE,4
09/05/2026,2026-05-09,IPHONE 13 PRO MAX 128GB DOURADO SEMINOVO,353869220959541,2940.0,25.0,2650.0,265.0,0,0,2940.0,0,0,0,2940.0,0.0,NAO,,0,Marcela,ONLINE,4
09/05/2026,2026-05-09,IPHONE 13 PRO MAX 128GB DOURADO SEMINOVO,353967811367765,2900.0,5.0,2650.0,245.0,1800.0,0,0,0,1100.0,0,2900.0,0.0,SIM,IPH 12 64GB,1100.0,Renan,BLOCO B,20
09/05/2026,2026-05-09,IPHONE 17 PRO BRANCO NOVO,354289633906715,7600.0,0.0,7500.0,100.0,11750.0,0,0,0,0,0,11750.0,-4150.0,NAO,,0,Ronald,CASES,19
09/05/2026,2026-05-09,IPHONE 17E PRETO NOVO,351101750253834,4150.0,0.0,3700.0,450.0,0,0,0,0,0,0,0,4150.0,NAO,,0,Ronald,CASES,19
09/05/2026,2026-05-09,IPHONE 16 PRO 256GB DOURADO SEMINOVO,358876629642191,5000.0,15.0,4500.0,485.0,0,0,0,0,0,0,0,5000.0,NAO,,0,Renata,CELL,1
09/05/2026,2026-05-09,IPHONE 14 PRO MAX 128GB PRETO SEMINOVO,356703857557028,3650.0,25.0,3150.0,475.0,0,0,0,0,0,0,0,3650.0,NAO,,0,Renata,CELL,1
09/05/2026,2026-05-09,IPHONE 14 PRO ROXO SEMINOVO,350923388804337,2953.0,25.0,2700.0,228.0,0,0,3161.5,0,0,0,3161.5,-208.5,NAO,,0,Ronald,CELL,1
09/05/2026,2026-05-09,IPHONE 14 LILAS 128GB  SEMINOVO,35142179914814,2350.0,15.0,2050.0,285.0,1850.0,0,0,0,500.0,0,2350.0,0.0,SIM,IPHONE 11 64G,500.0,Renan,BLOCO B,20
09/05/2026,2026-05-09,IPAD 11 (A16) 128GB BRANCO NOVO,MTGXKDV9QX,2650.0,75.0,2199.99,375.0,0,0,0,0,0,0,0,2650.0,NAO,,0,Renata,CELL,1
09/05/2026,2026-05-09,IPHONE 15 AZUL NOVO,355225774481521,4000.0,15.0,3600.0,385.0,2400.0,0,0,0,1600.0,0,4000.0,0.0,SIM,IPHONE 13,1600.0,Ruyter,CASES,19
09/05/2026,2026-05-09,IPHONE 17E ROSA 256GB NOVO,357457921078326,3950.0,15.0,3650.0,285.0,2300.0,0,0,0,1650.0,0,3950.0,0.0,SIM,"IPHONE 13 PRETO, 128G",1650.0,Renan,BLOCO B,20
09/05/2026,2026-05-09,X8 PRO 256GB PRETO NOVO,866132085655102,2100.0,0.0,1900.0,200.0,0,0,0,0,0,0,0,2100.0,NAO,,0,Raissa,BLOCO B,20
09/05/2026,2026-05-09,IPHONE 15 PRO MAX 256GB NATURAL SEMINOVO,356511211655440,4150.0,25.0,3950.0,175.0,0,0,0,0,0,0,0,4150.0,NAO,,0,Higor Guedes,CELL,1
09/05/2026,2026-05-09,IPHONE 17 PRO MAX 256GB SILVER NOVO,351668140692723,8618.0,10.0,8350.0,258.0,6618.0,0,0,0,2000.0,0,8618.0,0.0,SIM,IPH 13 PRO 256GB VERDE,2000.0,Higor Guedes,CELL,1
09/05/2026,2026-05-09,IPHONE 15 PRO MAX 256GB AZUL SEMINOVO,350278026556389,4300.0,25.0,3950.0,325.0,3350.0,0,0,0,950.0,0,4300.0,0.0,SIM,IPHONE 12 NA COR LILAS DE 64 GB,950.0,Raissa,BLOCO B,20
09/05/2026,2026-05-09,IPHONE 15 PRO MAX 512GB AZUL SEMINOVO,356371481303415,4550.0,0.0,4300.0,250.0,3050.0,0,0,0,1500.0,0,4550.0,0.0,SIM,IPH 13 128GB AZUL,1500.0,Guilherme,BLOCO B,20
09/05/2026,2026-05-09,IPHONE 17 PRO MAX 256GB AZUL NOVO,351205742681323,8650.0,0.0,8250.0,400.0,7300.0,0,0,0,5000.0,0,12300.0,-3650.0,SIM,IPH 16 PRO MAX 256GB DESERT,5000.0,Higor Guedes,CELL,1
09/05/2026,2026-05-09,IPHONE 17 PRO MAX 256GB BRANCO NOVO,351205740164702,8650.0,0.0,8350.0,300.0,0,0,0,0,5000.0,0,5000.0,3650.0,SIM,IPH 16 PRO MAX 256GB PRETO,5000.0,Higor Guedes,CELL,1
09/05/2026,2026-05-09,REDMI NOTE 15 256GB PRETO NOVO,862315087076260,1302.0,10.0,1070.0,222.0,0,0,0,0,0,0,0,1302.0,NAO,,0,Yasmin,ONLINE,4
09/05/2026,2026-05-09,IPHONE 16 PRO 256GB PRETO SEMINOVO,357234294533959,4990.0,35.0,4500.0,455.0,2500.0,0,3003.62,0,0,0,5503.62,-513.62,NAO,,0,Guilherme,BLOCO B,20
10/05/2026,2026-05-10,IPHONE 17 256GB AZUL LACRADO,356484794319885,4900.0,0.0,4800.0,100.0,0,0,0,0,0,0,0,4900.0,NAO,,0,Renata,CELL,1
10/05/2026,2026-05-10,IPHONE 16 PRO MAX DESERT 256GB SEMINOVO,358245525252036,5248.0,25.0,5000.0,223.0,2460.0,0,2788.0,0,0,0,5248.0,0.0,NAO,,0,Marcela,ONLINE,4
10/05/2026,2026-05-10,IPHONE 17 PRO MAX 256GB LARANJA LACRADO,353497859462096,8700.0,135.0,8250.0,315.0,0,0,0,0,0,0,0,8700.0,NAO,,0,Renata,CELL,1
10/05/2026,2026-05-10,IPHONE 15 256GB PRETO SEMINOVO - GARANTIA,358388750991421,3400.0,30.0,2900.0,470.0,200.0,0,0,0,200.0,0,400.0,3000.0,SIM,14 PRO (RETORNO),200.0,Marcela,ONLINE,4
10/05/2026,2026-05-10,IPHONE 16 PRO MAX 256GB PRETO SEMINOVO,358594363316795,5500.0,25.0,5000.0,475.0,3500.0,0,0,0,2000.0,0,5500.0,0.0,SIM,IPH 14 128GB AZUL,2000.0,Renan,BLOCO B,20
10/05/2026,2026-05-10,IPHONE 17 PRO MAX 256GB BRANCO NOVO,355988219563654,8600.0,15.0,8350.0,235.0,0,0,11500.0,0,3950.0,0,15450.0,-6850.0,SIM,IPH 15 PRO MAX 256GB BRANCO,3950.0,Renan,BLOCO B,20
10/05/2026,2026-05-10,IPHONE 17 PRO MAX 256GB AZUL NOVO,358434704613065,8500.0,15.0,8250.0,235.0,0,0,0,0,1650.0,0,1650.0,6850.0,SIM,IPH 13 PRO MAX 128GB,1650.0,Renan,BLOCO B,20
10/05/2026,2026-05-10,IPHONE 15 PRO MAX 256GB AZUL SEMINOVO,356371484863977,4150.0,0.0,4050.0,100.0,0,0,0,0,0,0,0,4150.0,NAO,,0,Renan,BLOCO B,20
10/05/2026,2026-05-10,IPHONE 16 PRO 256GB DESERT SEMINOVO,356295601102623,4750.0,0.0,4500.0,250.0,0,0,0,0,0,0,0,4750.0,NAO,,0,Higor Guedes,CELL,1
10/05/2026,2026-05-10,IPHONE 17 256GB PRETO NOVO,355559516499759,5000.0,25.0,4850.0,125.0,0,0,0,0,0,0,0,5000.0,NAO,,0,Higor Guedes,CELL,1
10/05/2026,2026-05-10,NOTE 15 PRO 5G 256GB PRETO NOVO,863573082363500,2077.0,5.0,1750.0,322.0,0,0,0,0,0,0,0,2077.0,NAO,,0,Higor Guedes,CELL,1
10/05/2026,2026-05-10,IPHONE 14 PRO MAX 128GB ROXO SEMINOVO,357773240801309,3350.0,5.0,3150.0,195.0,0,0,0,0,0,0,0,3350.0,NAO,,0,Higor Guedes,CELL,1
10/05/2026,2026-05-10,IPHONE 15 128GB AZUL NOVO,355225773551647,4612.0,10.0,3700.0,902.0,4612.0,0,0,0,0,0,4612.0,0.0,NAO,,0,Higor Guedes,CELL,1
10/05/2026,2026-05-10,IPHONE 17 PRO MAX 256GB AZUL NOVO,358434708446124,8550.0,10.0,8250.0,290.0,6700.0,0,0,0,1850.0,0,8550.0,0.0,SIM,IPH 12 PRO MAX 128GB AZUL,1850.0,Higor Guedes,CELL,1
10/05/2026,2026-05-10,IPHONE 15 PRO 256GB NATURAL SEMINOVO,354078643177411,3697.0,25.0,3180.0,492.0,0,0,4150.0,0,0,0,4150.0,-453.0,NAO,,0,Guilherme,BLOCO B,20
10/05/2026,2026-05-10,IPHONE 17 256GB BRANCO NOVO,350418055419998,5430.0,68.0,4900.0,400.0,0,0,0,0,0,0,0,5430.0,NAO,,0,Bianca,CASES,19
12/05/2026,2026-05-12,POCO C85 256GB LILAS NOVO,864280087011840,1200.0,0.0,850.0,350.0,0,0,0,0,0,0,0,1200.0,NAO,,0,Higor Guedes,CELL,1
12/05/2026,2026-05-12,REALME NOTE 60X 128GB PRETO NOVO,862505072816619,720.0,0.0,615.0,105.0,0,0,765.55,0,0,0,765.55,-45.55,NAO,,0,Ronald,CASES,19
13/05/2026,2026-05-13,IPHONE 17 PRO SILVER SEMINOVO,355500351194584,6900.0,50.0,6350.0,500.0,8850.0,0,0,0,0,0,8850.0,-1950.0,NAO,,0,Ronald,CASES,19
13/05/2026,2026-05-13,APPLE WATCH SE 3 STARLIGHT NOVO,D23PC63DYY,1950.0,0.0,1750.0,200.0,0,0,0,0,0,0,0,1950.0,NAO,,0,Ronald,CASES,19
13/05/2026,2026-05-13,POCO C85 256GB PRETO LACRADO,861260081088468,1000.0,0.0,870.0,130.0,0,0,0,0,0,0,0,1000.0,NAO,,0,Renata,CELL,1
13/05/2026,2026-05-13,IPHONE 16 PRO MAX 256GB PRETO SEMINOVO,357205984783526,5270.0,25.0,5000.0,245.0,0,0,0,0,0,0,0,5270.0,NAO,,0,Yasmin,ONLINE,4
13/05/2026,2026-05-13,IPHONE 15 PRO SEMINOVO NATURAL 128GB,355262962390305,3706.0,25.0,3100.0,551.0,0,0,3716.0,0,0,0,3716.0,-10.0,NAO,,0,Marcela,ONLINE,4
13/05/2026,2026-05-13,IPHONE 14 128GB BRANCO SEMINOVO,357950903092463,2250.0,5.0,2050.0,195.0,0,0,0,0,0,0,0,2250.0,NAO,,0,Renan,BLOCO B,20
13/05/2026,2026-05-13,IPHONE 14 128GB BRANCO SEMINOVO,354807372557538,2409.0,45.0,2050.0,314.0,0,0,0,0,0,0,0,2409.0,NAO,,0,Guilherme,BLOCO B,20
13/05/2026,2026-05-13,REDMI 15C 256GB PRETO  NOVO,867754088428267,1000.0,0.0,840.0,160.0,0,0,0,0,5900.0,0,5900.0,-4900.0,SIM,FELIPE VOLTOU,5900.0,Ronald,CASES,19
13/05/2026,2026-05-13,IPHONE 17 PRO MAX 512GB AZUL NOVO,357247250248784,10242.0,60.0,9050.0,1132.0,5242.0,0,0,0,5000.0,0,10242.0,0.0,SIM,IPH 16 PRO MAX 512GB PRETO,5000.0,Higor Guedes,CELL,1
14/05/2026,2026-05-14,BOOMBOX 4 LARANJA NOVO,TL1937-BQ0009616,2500.0,0.0,2390.0,110.0,0,0,0,0,0,0,0,2500.0,NAO,,0,Marcela,ONLINE,4
14/05/2026,2026-05-14,IPHONE 14 PRO MAX 256GB ROXO SEMINOVO,357173348275037,3600.0,25.0,3200.0,375.0,800.0,0,2800.0,0,0,0,3600.0,0.0,NAO,,0,Marcela,ONLINE,4
14/05/2026,2026-05-14,NOTE 13 5G 256GB PRETO NOVO,860698079480943,1050.0,0.0,950.0,100.0,0,0,0,0,0,0,0,1050.0,NAO,,0,Ronald,CASES,19
14/05/2026,2026-05-14,TAB S6 LITE 128GB SEMINOVO PRETO,355835400444618,1350.0,20.0,900.0,430.0,200.0,0,1290.0,0,0,0,1490.0,-140.0,NAO,,0,Ronald,CASES,19
14/05/2026,2026-05-14,IPHONE 16 PRO MAX 256GB PRETO SEMINOVO,355706423711715,5300.0,8.0,5000.0,292.0,3.8,0,0,0,1500.0,0,1503.8,3796.2,SIM,IPH 13 128GB BRANCO,1500.0,Renan,BLOCO B,20
14/05/2026,2026-05-14,IPHONE 14 PRO 128GB PRETO SEMINOVO,357442883839907,2910.0,15.0,2700.0,195.0,2710.0,200.0,0,0,0,0,2910.0,0.0,NAO,,0,Renan,BLOCO B,20
14/05/2026,2026-05-14,IPHONE 14 PRO MAX 128GB ROXO SEMINOVO,357397703170232,3250.0,0.0,3150.0,100.0,0,0,0,0,0,0,0,3250.0,NAO,,0,Higor Guedes,CELL,1
14/05/2026,2026-05-14,IPHONE 16 PLUS 128GB PRETO SEMINOVO,352726622496929,4225.0,25.0,3750.0,450.0,0,0,0,0,0,0,0,4225.0,NAO,,0,Higor Guedes,CELL,1
14/05/2026,2026-05-14,IPHONE 13 128GB ROSA SEMINOVO,,1911.0,25.0,1800.0,86.0,611.0,0,0,0,0,0,611.0,1300.0,NAO,,0,Higor Guedes,CELL,1
15/05/2026,2026-05-15,IPHONE 17 PRO MAX 256GB AZUL NOVO,351205741900807,8650.0,155.0,8050.0,445.0,8650.0,0,0,0,0,0,8650.0,0.0,NAO,,0,Yasmin,ONLINE,4
15/05/2026,2026-05-15,IPHONE 11 128GB PRETO SEMINOVO,356460904622673,899.99,0.0,800.0,99.99,0,0,0,0,0,0,0,899.99,NAO,,0,Yasmin,ONLINE,4
15/05/2026,2026-05-15,IPHONE 17 PRO LARANJA 256GB NOVO,354289632484698,8500.0,8.0,8250.0,242.0,30500.0,0,0,0,0,0,30500.0,-22000.0,NAO,,0,Renan,BLOCO B,20
15/05/2026,2026-05-15,IPHONE 17 PRO 256GB LARANJA NOVO,352001998377479,8500.0,8.0,8250.0,242.0,0,0,0,0,0,0,0,8500.0,NAO,,0,Renan,BLOCO B,20
15/05/2026,2026-05-15,MACBOOK AIR M4 256GB SILVER NOVO,L1FL9LNFH1,6750.0,0.0,6500.0,250.0,0,0,0,0,0,0,0,6750.0,NAO,,0,Renan,BLOCO B,20
15/05/2026,2026-05-15,MACBOOK AIR M4 SILVER 256GB NOVO,D9XGF2JP9X,6750.0,0.0,6500.0,250.0,0,0,0,0,0,0,0,6750.0,NAO,,0,Renan,BLOCO B,20
15/05/2026,2026-05-15,IPHONE 17 PRO MAX 256GB LARANJA SEMINOVO,359912580728338,7700.0,5.0,6900.0,795.0,1000.0,0,1700.0,0,5000.0,0,7700.0,0.0,SIM,16 PRO MAX SEMINOVO,5000.0,Marcela,ONLINE,4
15/05/2026,2026-05-15,IPAD 11° A16 128GB AZUL NOVO,H64RQG50Y0,2500.0,120.0,2090.0,200.0,4700.0,0,0,0,0,0,4700.0,-2200.0,NAO,,0,Marcela,ONLINE,4
15/05/2026,2026-05-15,IPAD 11° A16 128GB AZUL NOVO,G23024PVDT,2200.0,10.0,2090.0,100.0,0,0,0,0,0,0,0,2200.0,NAO,,0,Marcela,ONLINE,4
15/05/2026,2026-05-15,IPHONE 15 128GB PRETO SEMINOVO,356054492870941,2930.0,5.0,2750.0,175.0,2930.0,0,0,0,0,0,2930.0,0.0,NAO,,0,Marcela,ONLINE,4
15/05/2026,2026-05-15,IPHONE 13 PRO 128GB GRAFITE SEMINOVO,,2500.0,15.0,2350.0,135.0,0,0,0,0,950.0,0,950.0,1550.0,SIM,(FILIPE PAGOU,950.0,Marcela,ONLINE,4
15/05/2026,2026-05-15,IPHONE 17 256GB VERDE NOVO,355989441325235,5085.0,25.0,4850.0,210.0,130.0,0,5000.0,0,0,0,5130.0,-45.0,NAO,,0,Ronald,CASES,19
15/05/2026,2026-05-15,IPHONE 15 PRO MAX 256GB NATURAL SEMINOVO,350278024027409,4100.0,0.0,4000.0,100.0,0,0,0,0,0,0,0,4100.0,NAO,,0,Ronald,CASES,19
15/05/2026,2026-05-15,POCO X7 PRO 256GB PRETO NOVO,869471081130380,2075.0,0.0,1750.0,325.0,4150.0,0,0,0,0,0,4150.0,-2075.0,NAO,,0,Higor Guedes,CELL,1
15/05/2026,2026-05-15,POCO X7 PRO 256GB PRETO NOVO,869471081096821,2075.0,0.0,1750.0,325.0,0,0,0,0,0,0,0,2075.0,NAO,,0,Higor Guedes,CELL,1
15/05/2026,2026-05-15,IPHONE 13 PRO MAX 128GB AZUL SEMINOVO,359481988717053,3070.0,115.0,2600.0,355.0,790.0,0,0,0,0,0,790.0,2280.0,NAO,,0,Marcela,ONLINE,4
16/05/2026,2026-05-16,IPHONE 13 128GB PRETO SEMINOVO,352094671123856,2000.0,25.0,1800.0,175.0,800.0,0,1200.0,0,0,0,2000.0,0.0,NAO,,0,Yasmin,ONLINE,4
16/05/2026,2026-05-16,IPHONE 17 PRO MAX 256GB LARANJA NOVO,355224258492153,8300.0,15.0,8170.0,0.0,50.0,0,8250.0,0,0,0,8300.0,0.0,NAO,,0,Yasmin,ONLINE,4
16/05/2026,2026-05-16,IPHONE 16 PRO MAX 256GB  PRETO SEMINOVO,357590872352405,5300.0,15.0,5000.0,285.0,950.0,0,0,0,128.0,0,1078.0,4222.0,SIM,IPHONE 16,128.0,Bianca,CASES,19
16/05/2026,2026-05-16,IPHONE 17 PRO 256GB SILVER NOVO,352001996607349,7650.0,0.0,7450.0,200.0,0,0,0,0,0,0,0,7650.0,NAO,,0,Ronald,CASES,19
16/05/2026,2026-05-16,IPHONE 15 PRO 256GB PRETO SEMINOVO,359370793687157,3721.0,20.0,3400.0,301.0,0,0,0,0,0,0,0,3721.0,NAO,,0,Ronald,CASES,19
16/05/2026,2026-05-16,IPHONE 14 PRO MAX 128GB GOLD SEMINOVO,360236730466835,3350.0,0.0,3150.0,200.0,1250.0,0,0,0,2100.0,0,3350.0,0.0,SIM,IPH 13 PRO,2100.0,Ronald,CASES,19
16/05/2026,2026-05-16,IPHONE 16 PRO MAX 512GB DESERT SEMINOVO,357626319666955,5700.0,0.0,5700.0,0.0,7900.0,0,0,0,0,0,7900.0,-2200.0,NAO,,0,Renan,BLOCO B,20
16/05/2026,2026-05-16,IPHONE 12 PRO 256GB PRETO SEMINOVO,356682116877353,1900.0,0.0,1900.0,0.0,0,0,0,0,0,0,0,1900.0,NAO,,0,Renan,BLOCO B,20
16/05/2026,2026-05-16,APPLE WATCH SE GEN 2 44MM MIDNIGHT NOVO,J4JVW5XVJV,2050.0,0.0,1800.0,250.0,0,0,0,0,0,0,0,2050.0,NAO,,0,Renan,BLOCO B,20
16/05/2026,2026-05-16,IPHONE 11 PRO MAX 256GB VERDE SEMINOVO,353906102560167,1250.0,25.0,900.0,325.0,0,0,0,0,0,0,0,1250.0,NAO,,0,Guilherme,BLOCO B,20
16/05/2026,2026-05-16,IPHONE 16 128GB VERDE SEMINOVO,357884596142865,3750.0,25.0,3450.0,275.0,2000.0,0,1842.11,0,0,0,3842.1099999999997,-92.11,NAO,,0,Guilherme,BLOCO B,20
16/05/2026,2026-05-16,IPHONE 15 128GB AZUL SEMINOVO,350169642018823,3000.0,25.0,2750.0,225.0,3000.0,0,0,0,0,0,3000.0,0.0,NAO,,0,Higor Guedes,CELL,1
16/05/2026,2026-05-16,IPHONE 17 256GB PRETO LACRADO,358748638760753,5180.0,30.0,4800.0,350.0,0,0,0,0,1600.0,0,1600.0,3580.0,SIM,NO VALOR DE,1600.0,Renata,CELL,1
17/05/2026,2026-05-17,IPHONE 17 256GB VERDE NOVO,358619228350786,4950.0,30.0,4800.0,120.0,0,0,0,0,0,0,0,4950.0,NAO,,0,Bianca,CASES,19
17/05/2026,2026-05-17,IPAD 11° A16 128GB SILVER NOVO,LC7KGJGWKT,2300.0,5.0,2160.0,135.0,0,0,0,0,0,0,0,2300.0,NAO,,0,Marcela,ONLINE,4
17/05/2026,2026-05-17,IPHONE 17 256GB BRANCO NOVO,358736463822764,5240.0,188.0,302.0,302.0,5240.0,0,0,0,0,0,5240.0,0.0,NAO,,0,Marcela,ONLINE,4
17/05/2026,2026-05-17,IPHONE 13 PRO MAX VERDE 256GB SEMINOVO,350249441757480,3250.0,50.0,2900.0,300.0,3250.0,0,0,0,0,0,3250.0,0.0,NAO,,0,Ronald,CASES,19
17/05/2026,2026-05-17,IPHONE 17 256GB BRANCO NOVO,352824562111135,4950.0,0.0,4750.0,200.0,0,0,4433.22,0,0,0,4433.22,516.78,NAO,,0,Ronald,CASES,19
17/05/2026,2026-05-17,IPHONE 15 PRO MAX 256GB AZUL SEMINOVO,355319547611678,4200.0,20.0,4000.0,180.0,1400.0,50.0,0,0,0,0,1450.0,2750.0,NAO,,0,Ronald,CASES,19
17/05/2026,2026-05-17,IPHONE 17 PRO 256GB SILVER NOVO,354289638327115,8000.0,0.0,7450.0,550.0,0,0,8000.0,0,0,0,8000.0,0.0,NAO,,0,Renan,BLOCO B,20
17/05/2026,2026-05-17,POCO X7 PRO 512GB VERDE NOVO,868311089900940,2150.0,0.0,1990.0,160.0,500.0,0,1877.13,0,0,0,2377.13,-227.13,NAO,,0,Ronald,CASES,19
17/05/2026,2026-05-17,IPHONE 17 PRO 256GB BRANCO NOVO,353739723292955,7600.0,0.0,7450.0,150.0,0,0,0,0,0,0,0,7600.0,NAO,,0,Ronald,CASES,19
17/05/2026,2026-05-17,IPHONE 17 256GB NOVO BRANCO,352824563558946,5130.0,140.0,4750.0,240.0,180.0,0,5631.4,0,0,0,5811.4,-681.4,NAO,,0,Ronald,CASES,19
17/05/2026,2026-05-17,IPHONE 17 PRO 256GB AZUL SEMINOVO,356839674078168,6800.0,20.0,6400.0,380.0,3680.0,220.0,0,0,2900.0,0,6800.0,0.0,SIM,IPH 15,2900.0,Ronald,CASES,19
17/05/2026,2026-05-17,IPHONE 13 PRO 256GB VERDE SEMINOVO,356649150793663,2800.0,50.0,2450.0,300.0,0,0,0,0,0,0,0,2800.0,NAO,,0,Guilherme,BLOCO B,20
17/05/2026,2026-05-17,APPLE WATCH SERIE 11 ROSE GOLD NOVO,KF97P7XLWD,2500.0,0.0,2250.0,250.0,0,0,0,0,0,0,0,2500.0,NAO,,0,Higor Guedes,CELL,1
17/05/2026,2026-05-17,IPAD 11 128GB AZUL NOVO,H7DR2GQ4ND,2210.0,0.0,2090.0,120.0,0,0,0,0,0,0,0,2210.0,NAO,,0,Higor Guedes,CELL,1
17/05/2026,2026-05-17,IPAD 11 128GB AMARELO NOVO,H9K6QY9X17,2650.0,100.0,2090.0,460.0,0,0,0,0,0,0,0,2650.0,NAO,,0,Higor Guedes,CELL,1
17/05/2026,2026-05-17,IPHONE 12 128GB PRETO SEMINOVO,356427673422437,1702.0,25.0,1250.0,427.0,1702.0,0,0,0,0,0,1702.0,0.0,NAO,,0,Higor Guedes,CELL,1
17/05/2026,2026-05-17,IPHONE 15 128GB ROSA SEMINOVO,356054491176662,2896.0,25.0,2750.0,121.0,2896.0,0,0,0,0,0,2896.0,0.0,NAO,,0,Higor Guedes,CELL,1
17/05/2026,2026-05-17,IPHONE 12 128GB AZUL SEMINOVO,357158819908414,1450.0,25.0,1250.0,175.0,1450.0,0,0,0,0,0,1450.0,0.0,NAO,,0,Angel,CASES,19
17/05/2026,2026-05-17,IPHONE 16 PRO 256GB NATURAL SEMINOVO,358282722955921,4800.0,10.0,4500.0,290.0,0,0,0,0,0,0,0,4800.0,NAO,,0,Higor Guedes,CELL,1
19/05/2026,2026-05-19,REDMI NOTE 15 5G 256GB PRETO NOVO,865292085370085,1565.0,10.0,1320.0,235.0,0,0,0,0,0,0,0,1565.0,NAO,,0,Higor Guedes,CELL,1
19/05/2026,2026-05-19,NOTE 14 256GB PRETO LACRADO,864093078872249,1200.0,0.0,1050.0,150.0,0,0,0,0,0,0,0,1200.0,NAO,,0,Renata,CELL,1
19/05/2026,2026-05-19,IPHONE 13 PRO MAX 128GB VERDE SEMINOVO,350019049630201,2939.0,65.0,2600.0,274.0,0,0,0,0,0,0,0,2939.0,NAO,,0,Marcela,ONLINE,4
19/05/2026,2026-05-19,BOOMBOX 4 LARANJA NOVO,TL1973-BQ0009594,2500.0,0.0,2390.0,110.0,0,0,0,0,0,0,0,2500.0,NAO,,0,Marcela,ONLINE,4
19/05/2026,2026-05-19,IPAD AIR M3 11 256GB AZUL NOVO,M4C404M6R6,5200.0,0.0,5050.0,150.0,0,0,1.0,0,0,0,1.0,5199.0,NAO,,0,Marcela,ONLINE,4
19/05/2026,2026-05-19,IPHONE 17 PRO MAX AZUL NOVO,CQHPQG449Y,8300.0,15.0,8140.0,145.0,0,0,1.0,0,0,0,1.0,8299.0,NAO,,0,Marcela,ONLINE,4
19/05/2026,2026-05-19,IPAD 11° (A16) 128GB AMARELO NOVO,,2297.0,30.0,2090.0,177.0,0,0,5.0,0,0,0,5.0,2292.0,NAO,,0,Marcela,ONLINE,4
19/05/2026,2026-05-19,IPHONE 17 PRO MAX 512GB AZUL NOVO,357329447819436,9801.0,0.0,9050.0,751.0,0,0,0,0,0,0,0,9801.0,NAO,,0,Luiz Henrique,CELL,1
19/05/2026,2026-05-19,IPHONE 16 PRO MAX 256GB PRETO SEMINOVO,355138326274957,5400.0,15.0,5150.0,235.0,5000.0,400.0,0,0,0,0,5400.0,0.0,NAO,,0,Luiz Henrique,CELL,1
19/05/2026,2026-05-19,IPHONE 16 128GB PRETO NOVO,3594,4395.0,115.0,4050.0,230.0,645.0,0,2150.0,0,1600.0,0,4395.0,0.0,SIM,13 SEMINOVO,1600.0,Marcela,ONLINE,4
19/05/2026,2026-05-19,IPAD 11 (A16) 128GB ROSA NOVO,JOK9N9RQM5,2375.0,60.0,2090.0,225.0,75.0,0,2300.0,0,0,0,2375.0,0.0,NAO,,0,Marcela,ONLINE,4
19/05/2026,2026-05-19,IPHONE 13 128GB PRETO NOVO,353306207461637,2850.0,20.0,2700.0,130.0,0,0,0,0,0,0,0,2850.0,NAO,,0,Ronald,CASES,19
19/05/2026,2026-05-19,IPHONE 15 256GB PRETO SEMINOVO,356942572731144,3200.0,25.0,2900.0,275.0,1500.0,0,0,0,1700.0,0,3200.0,0.0,SIM,IPH 13 128GB PRETO,1700.0,Ronald,CASES,19
19/05/2026,2026-05-19,IPHONE 17 PRO SILVER 256GB SEMINOVO,356697786132668,6800.0,25.0,6100.0,675.0,0,3400.0,0,0,3400.0,0,6800.0,0.0,SIM,IPH 15 PRO 256GB,3400.0,Ronald,CASES,19
19/05/2026,2026-05-19,IPHONE 13 PRO MAX 256GB DOURADO SEMINOVO,351596240328544,3250.0,50.0,2900.0,300.0,0,0,0,0,0,0,0,3250.0,NAO,,0,Guilherme,BLOCO B,20
19/05/2026,2026-05-19,IPAD 11 128GB SILVER SEMINOVO,DY02NX9J6V,2490.0,75.0,2160.0,255.0,0,0,0,0,0,0,0,2490.0,NAO,,0,Guilherme,BLOCO B,20
19/05/2026,2026-05-19,APPLE PENCIL USB-C BRANCO SEMINOVO,DV2GQYL2VR,780.0,0.0,630.0,150.0,0,0,0,0,0,0,0,780.0,NAO,,0,Guilherme,BLOCO B,20
19/05/2026,2026-05-19,IPHONE XS 256GB PRETO SEMINOVO,353048093488114,775.0,40.0,350.0,385.0,0,0,0,0,0,0,0,775.0,NAO,,0,Guilherme,BLOCO B,20
19/05/2026,2026-05-19,IPHONE 12 PRO 256GB BRANCO SEMINOVO,353074114042706,2200.0,8.0,1900.0,292.0,0,0,0,0,0,0,0,2200.0,NAO,,0,Angel,CASES,19
19/05/2026,2026-05-19,IPHONE 17 PRO MAX LARANJA 2 TB NOVO,350025974181243,12719.0,25.0,11800.0,894.0,0,0,0,0,0,0,0,12719.0,NAO,,0,Higor Guedes,CELL,1
20/05/2026,2026-05-20,BOOMBOX 4 PRETA SEMINOVO,TL1876-JP0086240,2350.0,0.0,2350.0,0.0,0,0,0,0,0,0,0,2350.0,NAO,,0,Marcela,ONLINE,4
20/05/2026,2026-05-20,IPHONE 14 128GB PRETA SEMINOVO,359014536509969,2350.0,25.0,2000.0,325.0,0,0,0,0,0,0,0,2350.0,NAO,,0,Renata,CELL,1
20/05/2026,2026-05-20,BOOMBOX 4 LARANJA NOVO,TL1973-BQ0009916,2450.0,0.0,2390.0,60.0,0,0,0,0,0,0,0,2450.0,NAO,,0,Marcela,CASES,19
20/05/2026,2026-05-20,REDMI PAD 2 256GB PRETO NOVO,65577/W6N400397,1500.0,0.0,1200.0,300.0,0,0,1500.0,0,0,0,1500.0,0.0,NAO,,0,Renan,BLOCO B,20
20/05/2026,2026-05-20,IPHONE 17 PRO MAX 256GB AZUL NOVO,357247257122859,8400.0,25.0,8000.0,375.0,7900.0,0,0,0,500.0,0,8400.0,0.0,SIM,IPH 11 PRO MAX 512GB,500.0,Higor Guedes,CELL,1
20/05/2026,2026-05-20,IPAD 11 128GB SILVER NOVO,MPNH609W5X,2850.0,150.0,2160.0,540.0,0,0,0,0,0,0,0,2850.0,NAO,,0,Camila,CELL,1
20/05/2026,2026-05-20,IPHONE 11 128GB VERMELHO SEMINOVO,352991115545133,1050.0,25.0,800.0,225.0,0,0,0,0,0,0,0,1050.0,NAO,,0,Guilherme,BLOCO B,20
20/05/2026,2026-05-20,POCO X8 PRO MAX 512GB PRETO SEMINOVO,860534087542582,3300.0,0.0,3200.0,100.0,0,0,0,0,0,0,0,3300.0,NAO,,0,Ronald,CASES,19
20/05/2026,2026-05-20,MAC AIR M5 16 512GB SILVER NOVO,JYW40659KX,7550.0,50.0,6800.0,750.0,0,0,0,0,0,0,0,7550.0,NAO,,0,Ruyter,CASES,19
21/05/2026,2026-05-21,REDMI PAD 2 256GB SPACE GRAY NOVO,65577/W6PT05147,1655.0,90.0,1200.0,365.0,0,0,0,0,0,0,0,1655.0,NAO,,0,Marcela,CASES,19
21/05/2026,2026-05-21,IPHONE 17 PRO 256GB AZUL NOVO,359477633542185,7940.0,10.0,7300.0,746.0,10000.0,0,3980.0,0,1900.0,0,15880.0,-7940.0,SIM,IPH 12 PRO MAX 128GB,1900.0,Luiz Henrique,CELL,1
21/05/2026,2026-05-21,IPHONE 17 PRO 256GB SILVER NOVO,352574671892816,7940.0,10.0,7400.0,0.0,0,0,0,0,0,0,0,7940.0,NAO,,0,Luiz Henrique,CELL,1
21/05/2026,2026-05-21,IPHONE 17 PRO 256GB SILVER SEMINOVO,356661406078476,6690.0,0.0,6100.0,590.0,0,0,7508.42,0,0,0,7508.42,-818.42,NAO,,0,Ronald,CASES,19
21/05/2026,2026-05-21,POCO X8 PRO 512GB PRETO NOVO,866132083268783,2476.0,0.0,2300.0,176.0,1225.0,0,0,0,0,0,1225.0,1251.0,NAO,,0,Marcela,ONLINE,4
21/05/2026,2026-05-21,IPHONE 15 PRO MAX 256GB PRETO SEMINOVO,357275796919659,4250.0,25.0,4000.0,225.0,0,0,0,0,0,0,0,4250.0,NAO,,0,Bianca,CASES,19
21/05/2026,2026-05-21,NOTE 15 5G 256GB PRETO NOVO,867520084645802,1420.0,0.0,1360.0,60.0,0,0,0,0,0,0,0,1420.0,NAO,,0,Ronald,CASES,19
21/05/2026,2026-05-21,NOTE 15 4F 256GB PRETO NOVO,869009086978906,1300.0,0.0,1130.0,170.0,0,0,0,0,17.0,0,17.0,1283.0,SIM,IPH,17.0,Ronald,CASES,19
21/05/2026,2026-05-21,GALAXY S26 ULTRA 512GB BRANCO LACRADO,355381840336221,7285.0,5.0,6899.0,381.0,0,0,0,0,0,0,0,7285.0,NAO,,0,Renata,CELL,1
21/05/2026,2026-05-21,IPHONE 15 128GB AZUL NOVO,354196713272654,3850.0,10.0,3700.0,140.0,0,0,3850.0,0,0,0,3850.0,0.0,NAO,,0,Renan,BLOCO B,20
21/05/2026,2026-05-21,IPHONE 17 PRO MAX 256GB LARANJA LACRADO,350230973236911,8200.0,15.0,8000.0,185.0,5000.0,0,0,0,2700.0,0,7700.0,500.0,SIM,15 PRO MAX,2700.0,Yasmin,CELL,1
21/05/2026,2026-05-21,IPHONE 11 64GB VERDE SEMINOVO,354005106730246,850.0,10.0,650.0,190.0,0,0,0,0,0,0,0,850.0,NAO,,0,Higor Guedes,CELL,1
21/05/2026,2026-05-21,IPHONE 16 PRO MAX 256GB NATURAL SEMINOVO,355300185671927,5250.0,25.0,4850.0,375.0,0,0,0,0,0,0,0,5250.0,NAO,,0,Higor Guedes,CELL,1
21/05/2026,2026-05-21,IPHONE 13 256GB SEMINOVO AZUL,356177152787459,2300.0,0.0,2000.0,300.0,0,0,0,0,0,0,0,2300.0,NAO,,0,Camila,CELL,1
21/05/2026,2026-05-21,IPHONE 17 256GB BRANCO NOVO,352824562544798,4900.0,0.0,4600.0,300.0,0,0,0,0,0,0,0,4900.0,NAO,,0,Guilherme,BLOCO B,20
22/05/2026,2026-05-22,IPHONE 13 128GB AZUL SEMINOVO,355939491184461,1980.0,25.0,1800.0,155.0,0,0,1980.0,0,0,0,1980.0,0.0,NAO,,0,Marcela,ONLINE,4
22/05/2026,2026-05-22,IPHONE 11 BRANCO 128GB SEMINOVO,,1030.0,25.0,800.0,205.0,0,0,0,0,0,0,0,1030.0,NAO,,0,Marcela,CELL,1
22/05/2026,2026-05-22,IPHONE 12 PRO MAX 128GB GRAFITE SEMINOVO,354440895786747,2210.0,25.0,2000.0,185.0,0,0,0,0,0,0,0,2210.0,NAO,,0,Marcela,ONLINE,4
22/05/2026,2026-05-22,IPHONE 17 PRO MAX 256GB BRANCO NOVO,355101476809873,8886.0,255.0,7950.0,681.0,5936.0,0,0,0,2950.0,0,8886.0,0.0,SIM,IPH 16 128GB PRETO,2950.0,Higor Guedes,CELL,1
22/05/2026,2026-05-22,IPHONE 16 PRO DESERT 128GB NOVO,351895497858892,6000.0,5.0,5400.0,595.0,0,0,4500.0,0,0,0,4500.0,1500.0,NAO,,0,Renan,BLOCO B,20
22/05/2026,2026-05-22,REDMI NOTE 15 5G 256GB PRETO NOVO,861950072519774,1600.0,50.0,1380.0,170.0,0,0,6.0,0,0,0,6.0,1594.0,NAO,,0,Marcela,ONLINE,4
22/05/2026,2026-05-22,REDMI NOTE 15 5G 256GB PRETO NOVO,861950072535226,1500.0,0.0,1380.0,120.0,0,0,0,0,0,0,0,1500.0,NAO,,0,Marcela,ONLINE,4
22/05/2026,2026-05-22,REDMI NOTE 15 5G 256GB PRETO NOVO,865292085328620,1600.0,70.0,1380.0,150.0,0,0,1600.0,0,0,0,1600.0,0.0,NAO,,0,Marcela,ONLINE,4
22/05/2026,2026-05-22,IPHONE 17 PRO 256GB BRANCO SEMINOVO,355500351356910,6900.0,50.0,6100.0,750.0,4250.0,0,0,0,2650.0,0,6900.0,0.0,SIM,: IPHONE 15 128 GB PRETO =,2650.0,Guilherme,BLOCO B,20
22/05/2026,2026-05-22,IPHONE 16 PRO 256GB PRETO SEMINOVO,355983889574156,4800.0,25.0,4500.0,275.0,0,0,1988.18,0,0,0,1988.18,2811.82,NAO,,0,Guilherme,BLOCO B,20
22/05/2026,2026-05-22,IPHONE 16 128GB BRANCO NOVO,356004167522577,4360.0,75.0,4050.0,235.0,0,0,0,0,0,0,0,4360.0,NAO,,0,Marcela,ONLINE,4
23/05/2026,2026-05-23,IPHONE 11 PRO MAX 512GB BRANCO SEMINOVO,353915106419593,550.0,0.0,500.0,50.0,0,0,0,0,0,0,0,550.0,NAO,,0,Marcela,ONLINE,4
23/05/2026,2026-05-23,IPHONE 16 PRO MAX 512GB DESERT SEMINOVO,356760684778276,5561.0,25.0,5150.0,386.0,0,0,0,0,0,0,0,5561.0,NAO,,0,Marcela,ONLINE,4
23/05/2026,2026-05-23,IPHONE 17 PRO MAX 256GB SILVER NOVO,358206135981398,8400.0,20.0,7900.0,860.0,7300.0,0,0,0,4800.0,0,12100.0,-3700.0,SIM,IPH 16 PRO MAX,4800.0,Luiz Henrique,CELL,1
23/05/2026,2026-05-23,IPHONE 17 PRO 256GB SILVER NOVO,352574671693388,7700.0,20.0,7300.0,0.0,0,0,0,0,4000.0,0,4000.0,3700.0,SIM,IPH 16 PRO 128GB DESERT,4000.0,Luiz Henrique,CELL,1
23/05/2026,2026-05-23,IPHONE 17 PRO MAX 256GB SILVER NOVO,351205740141759,8200.0,15.0,7850.0,335.0,8200.0,0,0,0,0,0,8200.0,0.0,NAO,,0,Luiz Henrique,CELL,1
23/05/2026,2026-05-23,IPHONE 15 PRO 256GB BRANCO SEMINOVO,350839531594007,3600.0,0.0,3400.0,200.0,0,0,0,0,0,0,0,3600.0,NAO,,0,Renan,BLOCO B,20
23/05/2026,2026-05-23,IPAD 11 128GB AZUL LACRADO,MD7P7G9W9D,2950.0,0.0,2090.0,710.0,0,0,0,0,0,0,0,2950.0,NAO,,0,Camila,CELL,1
23/05/2026,2026-05-23,GALAXY A56 5G 256GB PRETO LACRADO,351814335898119,2100.0,15.0,1900.0,185.0,0,0,0,0,0,0,0,2100.0,NAO,,0,Renata,CELL,1
23/05/2026,2026-05-23,IPHONE 15 PRO MAX 256GB PRETO SEMINOVO,354570357307499,3950.0,25.0,3700.0,225.0,0,0,125000.0,0,13.0,0,125013.0,-121063.0,SIM,IPHONE,13.0,Yasmin,CELL,1
23/05/2026,2026-05-23,IPHONE 13 128GB BRANCO SEMINOVO,359551273163864,1900.0,25.0,1780.0,95.0,0,0,0,0,0,0,0,1900.0,NAO,,0,Ronald,CASES,19
23/05/2026,2026-05-23,IPHONE 17 PRO 256GB AZUL NOVO,352574671224184,7530.0,20.0,7300.0,210.0,0,0,0,0,0,0,0,7530.0,NAO,,0,Ronald,CASES,19
23/05/2026,2026-05-23,IPHONE 17 PRO MAX 256GB SILVER NOVO,351668145588454,8150.0,20.0,8000.0,130.0,4600.0,0,3887.85,0,0,0,8487.85,-337.85,NAO,,0,Ronald,CASES,19
23/05/2026,2026-05-23,IPHONE 14 PRO MAX 512GB SEMINOVO,357938436579106,3730.0,25.0,2500.0,205.0,2000.0,0,1800.0,0,0,0,3800.0,-70.0,NAO,,0,Ronald,CASES,19
23/05/2026,2026-05-23,IPHONE XR 64GB PRETO SEMINOVO,356827112692377,600.0,0.0,500.0,100.0,0,0,0,0,0,0,0,600.0,NAO,,0,Ronald,CASES,19
23/05/2026,2026-05-23,IPHONE 16 PRO MAX 1T DESERT SEMINOVO,355067542298807,5850.0,40.0,5300.0,510.0,0,0,0,0,0,0,0,5850.0,NAO,,0,Ruyter,CASES,19
23/05/2026,2026-05-23,IPHONE 15 128GB PRETO SEMINOVO,351750724879288,3076.0,25.0,2730.0,321.0,0,736.0,2000.0,0,0,0,2736.0,340.0,NAO,,0,Ronald,CASES,19
23/05/2026,2026-05-23,IPHONE 16 PRO MAX 512GB PRETO SEMINOVO,354276357875838,5389.0,25.0,5150.0,214.0,0,0,0,0,0,0,0,5389.0,NAO,,0,Yasmin,CELL,1
23/05/2026,2026-05-23,IPHONE 16 PRO MAX 1TB DESERT SEMINOVO,355067542462973,5500.0,25.0,5300.0,175.0,0,0,0,0,0,0,0,5500.0,NAO,,0,Yasmin,CELL,1
23/05/2026,2026-05-23,IPHONE 17 PRO 256GB BRANCO SEMINOVO,356839676778476,6700.0,50.0,6100.0,550.0,4050.0,0,0,0,0,0,4050.0,2650.0,NAO,,0,Guilherme,BLOCO B,20
23/05/2026,2026-05-23,IPHONE 16 PRO 128GB DESERT SEMINOVO,350059638923591,4450.0,20.0,4200.0,230.0,0,0,0,0,0,0,0,4450.0,NAO,,0,Guilherme,BLOCO B,20
23/05/2026,2026-05-23,IPHONE 12 64GB LILAS SEMINOVO,353342880337604,1350.0,25.0,1150.0,175.0,0,0,0,0,0,0,0,1350.0,NAO,,0,Guilherme,BLOCO B,20
23/05/2026,2026-05-23,POCO C85 PRETO 256GB NOVO,864280086544668,997.0,0.0,880.0,117.0,0,0,0,0,0,0,0,997.0,NAO,,0,Higor Guedes,CELL,1
23/05/2026,2026-05-23,IPHONE 17 PRO MAX 1TB BRANCO NOVO,350230970121553,10678.0,10.0,10300.0,368.0,5828.0,0,0,0,4850.0,0,10678.0,0.0,SIM,IPH 16 PRO MAX BRANCO 256GB,4850.0,Higor Guedes,CELL,1
23/05/2026,2026-05-23,IPHONE 16 PRO MAX 256GB NATURAL SEMINOVO,358245524573077,5200.0,25.0,4850.0,325.0,2.1,0,0,0,3100.0,0,3102.1,2097.9,SIM,IPH 14 PRO MAX,3100.0,Higor Guedes,CELL,1
23/05/2026,2026-05-23,IPHONE 17 PRO LARANJA 256GB NOVO,352001995775691,7450.0,10.0,7300.0,140.0,950.0,2000.0,0,0,4500.0,0,7450.0,0.0,SIM,IPH 16 PRO,4500.0,Higor Guedes,CELL,1
23/05/2026,2026-05-23,ULTRA 3 NOVO PRETO,HV4QK4YL20,4650.0,0.0,4580.0,70.0,3650.0,0,0,0,1000.0,0,4650.0,0.0,SIM,APPLE WATCH S8,1000.0,Higor Guedes,CELL,1
23/05/2026,2026-05-23,TV Q LED TCL P7K,TVQLEDP7KTCL,4600.0,0.0,3850.0,750.0,2800.0,0,0,0,1800.0,0,4600.0,0.0,SIM,IPH 13 128GB ROSA,1800.0,Higor Guedes,CELL,1
23/05/2026,2026-05-23,IPHONE 15 PRO MAX 256GB PRETO SEMINOVO,352310725732009,4000.0,28.0,3700.0,272.0,0,0,0,0,0,0,0,4000.0,NAO,,0,Angel,BLOCO B,20
24/05/2026,2026-05-24,IPHONE 17 PRO MAX 256GB  BRANCO NOVO,350230976530443,8296.0,25.0,7850.0,421.0,100.95,0,0,0,3250.0,0,3350.95,4945.05,SIM,IPHONE 17 PRO MAX 256GB AZUL,3250.0,Higor Guedes,CELL,1
24/05/2026,2026-05-24,IPHONE 14 PLUS 128GB LILAS SEMINOVO,358257930308303,2400.0,25.0,2150.0,225.0,0,0,0,0,0,0,0,2400.0,NAO,,0,Higor Guedes,CELL,1
24/05/2026,2026-05-24,IPHONE 17 PRO MAX 256GB SILVER NOVO,351771409636900,8250.0,0.0,7900.0,350.0,6150.0,0,0,0,0,0,6150.0,2100.0,NAO,,0,Angel,BLOCO B,20
24/05/2026,2026-05-24,REDMI NOTE 15 PRO 5G 256GB PRETO NOVO,863573084082744,1850.0,0.0,1660.0,190.0,0,0,0,0,0,0,0,1850.0,NAO,,0,Marcela,ONLINE,4
24/05/2026,2026-05-24,IPHONE 15 PRO MAX 256GB AZUL SEMINOVO,354773167256449,4093.0,50.0,3700.0,343.0,2500.0,0,0,0,0,0,2500.0,1593.0,NAO,,0,Marcela,ONLINE,4
24/05/2026,2026-05-24,IPHONE 17 PRO MAX 256GB AZUL LACRADO,359652122041986,7800.0,5.0,7650.0,145.0,0,0,0,0,0,0,0,7800.0,NAO,,0,Renata,CELL,1
24/05/2026,2026-05-24,IPHONE 16 PRO MAX 512GB PRETO SEMINOVO,352641353019966,5500.0,25.0,5150.0,325.0,0,0,0,0,3100.0,0,3100.0,2400.0,SIM,UM 16 128 SEMINOVO,3100.0,Marcela,ONLINE,4
24/05/2026,2026-05-24,IPHONE 17 PRO MAX 256GB AZUL NOVO,353314497716249,7860.0,45.0,7650.0,165.0,0,0,0,0,0,0,0,7860.0,NAO,,0,Marcela,ONLINE,4
24/05/2026,2026-05-24,IPAD AIR M4 11° SPACE GRAY NOVO,DGM6TN696L,3900.0,30.0,3650.0,220.0,5420.0,0,0,0,0,0,5420.0,-1520.0,NAO,,0,Marcela,ONLINE,4
24/05/2026,2026-05-24,AIPORDS PRO 3 BRANCO NOVO,DKQV09VNQJ,1520.0,0.0,1435.0,85.0,0,0,0,0,0,0,0,1520.0,NAO,,0,Marcela,ONLINE,4
24/05/2026,2026-05-24,REDMI NOTE 15 PRO 4G 512GB TITANIO NOVO,863911087323881,1900.0,5.0,1800.0,95.0,900.0,1000.0,0,0,0,0,1900.0,0.0,NAO,,0,Marcela,ONLINE,4
24/05/2026,2026-05-24,IPHONE 17 PRO 256GB SILVER SEMINOVO,350455778567174,6750.0,10.0,6100.0,640.0,0,0,3650.0,0,3100.0,0,6750.0,0.0,SIM,15 PRO 256 AZUL,3100.0,Renan,BLOCO B,20
24/05/2026,2026-05-24,IPHONE 13 PRO 128GB SEMINOVO,354903621734992,2400.0,0.0,2300.0,100.0,0,0,0,0,0,0,0,2400.0,NAO,,0,Ronald,CASES,19
24/05/2026,2026-05-24,IPHONE 16 PRO MAX 1TB BRANCO SEMINOVO,356864569095853,5800.0,25.0,5300.0,475.0,0,1300.0,2865.96,0,0,0,4165.96,1634.04,NAO,,0,Ronald,CASES,19
24/05/2026,2026-05-24,IPHONE 13 128GB AZUL SEMINOVO,350196694023757,2075.0,25.0,1780.0,270.0,0,0,2328.84,0,0,0,2328.84,-253.84,NAO,,0,Ronald,CASES,19
24/05/2026,2026-05-24,IPHONE 17 PRO MAX 256GB NOVO,353763614060768,7875.0,25.0,7650.0,200.0,0,0,8838.38,0,0,0,8838.38,-963.38,NAO,,0,Ronald,CASES,19
24/05/2026,2026-05-24,IPHONE 17 PRO MAX 256GB SILVER NOVO,357247256152923,7950.0,0.0,7850.0,100.0,12500.0,0,0,0,0,0,12500.0,-4550.0,NAO,,0,Ronald,CASES,19
24/05/2026,2026-05-24,APPLE PENCIL USB C NOVO,H4719R9MG2,770.0,0.0,630.0,140.0,0,0,0,0,0,0,0,770.0,NAO,,0,Ronald,CASES,19
24/05/2026,2026-05-24,IPAD 11 128GB ROSA NOVO,FCYK60J9ML,2190.0,0.0,2090.0,100.0,0,0,0,0,0,0,0,2190.0,NAO,,0,Ronald,CASES,19
24/05/2026,2026-05-24,AIRPORDS PRO 3 NOVO,LLG9MVVVJ9,1590.0,0.0,1490.0,100.0,0,0,0,0,0,0,0,1590.0,NAO,,0,Ronald,CASES,19
26/05/2026,2026-05-26,IPHONE 14 128GB BRANCO SEMINOVO,355794428661143,2150.0,25.0,1900.0,225.0,0,0,2150.0,0,0,0,2150.0,0.0,NAO,,0,Renan,BLOCO B,20
26/05/2026,2026-05-26,IPHONE 15 PRO MAX 256GB PRETO SEMINOVO,359897655192066,4150.0,25.0,3700.0,425.0,0,1100.0,3050.0,0,0,0,4150.0,0.0,NAO,,0,Marcela,ONLINE,4
26/05/2026,2026-05-26,IPAD 11° (A16) 128GB SILVER,CKGH9XQDXG,2500.0,170.0,2180.0,150.0,0,0,0,0,0,0,0,2500.0,NAO,,0,Marcela,ONLINE,4
26/05/2026,2026-05-26,BOOMBOX 4 LARANJA NOVO,TL1973-BQ0009136,2640.0,85.0,2390.0,165.0,2640.0,0,0,0,0,0,2640.0,0.0,NAO,,0,Marcela,ONLINE,4
26/05/2026,2026-05-26,IPHONE 16 PRO MAX 256GB PRETO SEMINOVO,357003196809944,5100.0,25.0,4850.0,225.0,4100.0,0,0,0,0,0,4100.0,1000.0,NAO,,0,Marcela,ONLINE,4
26/05/2026,2026-05-26,IPHONE 17 256GB  BRANCO NOVO,352824562423886,4850.0,15.0,4600.0,235.0,0,0,0,0,1600.0,0,1600.0,3250.0,SIM,DE 13 128 GB BRANCO - :,1600.0,Guilherme,BLOCO B,20
26/05/2026,2026-05-26,IPHONE 16 PRO MAX 1TB PRETO NOVO,359222380985702,5800.0,15.0,5300.0,485.0,2000.0,0,0,0,0,0,2000.0,3800.0,NAO,,0,Guilherme,BLOCO B,20
26/05/2026,2026-05-26,IPHONE 16 PRO MAX 256GB PRETO SEMINOVO,359222385905622,5150.0,25.0,4850.0,275.0,2000.0,2000.0,0,1173.47,0,0,5173.47,-23.47,NAO,,0,Ronald,CASES,19
27/05/2026,2026-05-27,IPHONE 17 PRO MAX SILVER 256GB NOVO,CYFWFHQWXC,7999.99,15.0,1800.0,185.0,0,0,0,0,0,0,0,7999.99,NAO,,0,Marcela,ONLINE,4
27/05/2026,2026-05-27,REDMI NOTE 15 PRO PLUS 5G PRETO NOVO,8638440867199603,1990.0,0.0,1880.0,110.0,0,0,0,0,0,0,0,1990.0,NAO,,0,Marcela,ONLINE,4
27/05/2026,2026-05-27,IPHONE 13 128GB AZUL SEMINOVO,352586507807406,2093.0,25.0,1780.0,258.0,0,0,0,0,0,0,0,2093.0,NAO,,0,Marcela,ONLINE,4
27/05/2026,2026-05-27,IPHONE 15 PRO MAX 256GB AZUL SEMINOVO,354679846995259,3950.0,25.0,3700.0,225.0,0,0,0,0,0,0,0,3950.0,NAO,,0,Guilherme,BLOCO B,20
27/05/2026,2026-05-27,IPHONE 12 64GB BRANCO SEMINOVO,359827481625484,1395.0,25.0,1150.0,220.0,0,0,0,0,0,0,0,1395.0,NAO,,0,Higor Guedes,CELL,1
27/05/2026,2026-05-27,POCO C85 PRETO 256GB NOVO,864280089992609,1445.0,0.0,860.0,585.0,1445.0,0,0,0,0,0,1445.0,0.0,NAO,,0,Higor Guedes,CELL,1
27/05/2026,2026-05-27,IPHONE 17 PRO 256GB AZUL SEMINOVO,354956977489959,6500.0,0.0,6230.0,270.0,4500.0,0,0,0,2000.0,0,6500.0,0.0,SIM,IPH 14 256GB,2000.0,Marcela,CASES,19
27/05/2026,2026-05-27,IPHONE 16 PRO MAX 256GB DOURADO SEMINOVO,357205989970540,5250.0,25.0,4850.0,375.0,0,0,0,0,0,0,0,5250.0,NAO,,0,Renata,CELL,1
27/05/2026,2026-05-27,IPHONE 16 PRETO 128GB SEMINOVO,358964582664046,3400.0,0.0,3050.0,350.0,0,0,0,0,0,0,0,3400.0,NAO,,0,Ronald,CASES,19
27/05/2026,2026-05-27,IPHONE 17 PRO 256GB BRANCO SEMINOVO,350455774133336,6300.0,10.0,6100.0,190.0,0,0,0,0,0,0,0,6300.0,NAO,,0,Higor Guedes,CELL,1
28/05/2026,2026-05-28,IPHONE 14 128GB PRETO SEMINOVO,352051682197220,2200.0,0.0,1900.0,0.0,0,0,0,0,0.0,0,0.0,2200.0,NAO,,0,Marcela,ONLINE,4
28/05/2026,2026-05-28,IPHONE 17 PRO 256GB BRANCO SEMINOVO,354996269680378,6600.0,95.0,6100.0,405.0,0,0,0,0,0,0,0,6600.0,NAO,,0,Marcela,ONLINE,4
28/05/2026,2026-05-28,IPHONE 17 PRO 256GB BRANCO SEMINOVO,352294449113888,6650.0,40.0,6100.0,510.0,2000.0,0,4650.0,0,0,0,6650.0,0.0,NAO,,0,Marcela,ONLINE,4
28/05/2026,2026-05-28,IPHONE 12 PRO MAX 256GB GRAFITE SEMINOVO,353167663221083,2576.0,25.0,2300.0,251.0,0,0,0,0,0,0,0,2576.0,NAO,,0,Marcela,ONLINE,4
28/05/2026,2026-05-28,IPHONE 12 PRO MAX 256GB GRAFITE SEMINOVO,357061220988803,2576.0,65.0,2300.0,211.0,0,0,0,0,0,0,0,2576.0,NAO,,0,Marcela,ONLINE,4
28/05/2026,2026-05-28,IPHONE 16 PRO MAX 256GB DESERT SEMINOVO,353484626443138,5446.0,25.0,5000.0,421.0,0,0,0,0,0,0,0,5446.0,NAO,,0,Camila,CELL,1
28/05/2026,2026-05-28,IPHONE 11 128GB BRANCO SEMINOVO,356581108114007,1161.0,115.0,700.0,346.0,0,0,0,0,0,0,0,1161.0,NAO,,0,Marcela,ONLINE,4
28/05/2026,2026-05-28,IPHONE 16 PRO MAX 1TB PRETO SEMINOVO,355067542337324,5930.0,25.0,5300.0,605.0,200.0,0,5571.28,0,0,0,5771.28,158.72,NAO,,0,Ronald,CASES,19
28/05/2026,2026-05-28,IPHONE 16 PRO MAX 256GB PRETO SEMINOVO,354276355714955,5300.0,10.0,4850.0,440.0,0,0,5300.0,0,0,0,5300.0,0.0,NAO,,0,Renan,BLOCO B,20
28/05/2026,2026-05-28,IPHONE 17 PRO 256GB BRANCO SEMINOVO,355500350320222,6821.0,5.0,6100.0,716.0,0,0,6820.0,0,0,0,6820.0,1.0,NAO,,0,Renan,BLOCO B,20
28/05/2026,2026-05-28,IPHONE 17 PRO MAX BRANCO NOVO 256GB,359652121886894,8300.0,10.0,7750.0,540.0,3450.0,0,0,0,4850.0,0,8300.0,0.0,SIM,IPH 16 PRO MAX,4850.0,Higor Guedes,CELL,1
28/05/2026,2026-05-28,IPHONE 16 PRO MAX 512GB PRETO SEMINOVO,354331121466651,5650.0,50.0,5150.0,450.0,0,0,0,0,2100.0,0,2100.0,3550.0,SIM,IPHONE 16E 128 GB BRANCO A,2100.0,Guilherme,BLOCO B,20
29/05/2026,2026-05-29,IPHONE 14 128GB AZUL SEMINOVO,359388532621543,2150.0,25.0,1900.0,225.0,0,0,0,0,0,0,0,2150.0,NAO,,0,Marcela,ONLINE,4
29/05/2026,2026-05-29,REDMI NOTE 15 PRO 4G 256GB PRETO NOVO,863911086287848,1627.0,50.0,1430.0,147.0,530.0,0,0,0,0,0,530.0,1097.0,NAO,,0,Marcela,ONLINE,4
29/05/2026,2026-05-29,REDMI NOTE 15 PRO 5G 256GB PRETO NOVO,865293081783289,1852.0,50.0,1680.0,122.0,900.0,0,0,0,0,0,900.0,952.0,NAO,,0,Marcela,ONLINE,4
29/05/2026,2026-05-29,IPHONE 13 128GB BRANCO SEMINOVO,350689751889144,1850.0,0.0,1750.0,100.0,0,0,0,0,0,0,0,1850.0,NAO,,0,Ronald,CASES,19
29/05/2026,2026-05-29,IPHONE 14 PRO MAX 512GB ROXO SEMINOVO,353360948256186,3800.0,25.0,2500.0,275.0,1700.0,0,0,0,2100.0,0,3800.0,0.0,SIM,IPH 12 PRO 256GB BRANCO,2100.0,Ronald,CASES,19
29/05/2026,2026-05-29,IPHONE 17 PRO 512GB SILVER NOVO,352001999333984,8974.0,90.0,8400.0,484.0,8524.0,0,0,0,2800.0,0,11324.0,-2350.0,SIM,IPH 15 PRO 256GB,2800.0,Ronald,CASES,19
29/05/2026,2026-05-29,IPAD 11 128GB SILVER NOVO,J97T5Q77HRQ,2350.0,10.0,2150.0,190.0,0,0,0,0,0,0,0,2350.0,NAO,,0,Ronald,CASES,19
29/05/2026,2026-05-29,IPHONE 17 PRO 512GB SILVER NOVO,354289632214376,8900.0,25.0,8400.0,475.0,0,0,0,0,2800.0,0,2800.0,6100.0,SIM,14 PRO 512GB PRETO,2800.0,Bianca,CASES,19
29/05/2026,2026-05-29,IPHONE 16 128GB AZUL SEMINOVO,351006199740582,3830.0,10.0,3100.0,720.0,1430.0,0,0,0,1850.0,0,3280.0,550.0,SIM,IPH 14 LILAS,1850.0,Higor Guedes,CELL,1
30/05/2026,2026-05-30,IPHONE 17 PRO 256GB BRANCO SEMINOVO,7679993104397,6637.0,210.0,6100.0,327.0,1500.0,0,2237.0,0,2900.0,0,6637.0,0.0,SIM,15 PRO,2900.0,Yasmin,CELL,1
30/05/2026,2026-05-30,IPHONE 15 PRO MAX 256GB SEMINOVO,356964465740436,4000.0,25.0,3700.0,275.0,1300.0,0,0,0,0,0,1300.0,2700.0,NAO,,0,Marcela,ONLINE,4
30/05/2026,2026-05-30,IPHONE 16 PRO MAX 256GB DESERT SEMINOVO,354661674485405,5200.0,0.0,4850.0,350.0,3200.0,0.0,0,0,0,0,3200.0,2000.0,NAO,,0,Renan,BLOCO B,20
30/05/2026,2026-05-30,REDMI PAD 2 256GB PRETO NOVO,65577/W6PU00619,1350.0,0.0,1250.0,100.0,0,0,0,0,0,0,0,1350.0,NAO,,0,Renan,BLOCO B,20
30/05/2026,2026-05-30,IPHONE 15 128GB AZUL NOVO,355225779897630,3900.0,10.0,3750.0,140.0,1000.0,0,2900.0,0,0,0,3900.0,0.0,NAO,,0,Renan,BLOCO B,20
30/05/2026,2026-05-30,IPHONE 16 PRO 256GB PRETO SEMINOVO,357463442372645,4700.0,25.0,4500.0,175.0,4400.0,0,0,0,300.0,0,4700.0,0.0,SIM,XS MAX SEMINOVO,300.0,Marcela,ONLINE,4
30/05/2026,2026-05-30,IPHONE 17 PRO 256GB PRETO NOVO,355820203650330,7300.0,0.0,6900.0,400.0,0,0,4100.0,0,256.0,0,4356.0,2944.0,SIM,16 PRO,256.0,Marcela,ONLINE,4
30/05/2026,2026-05-30,IPHONE 17 PRO 512GB AZUL NOVO,354289633583902,8250.0,15.0,8000.0,235.0,6550.0,0,0,0,0,0,6550.0,1700.0,NAO,,0,Marcela,ONLINE,4
30/05/2026,2026-05-30,IPHONE 13 256GB ROSA SEMINOVO,352824489625845,2300.0,25.0,1900.0,375.0,0,0,2300.0,0,0,0,2300.0,0.0,NAO,,0,Marcela,ONLINE,4
30/05/2026,2026-05-30,IPHONE XS MAX 256GB DOURADO SEMINOVO,35112102108566,350.0,0.0,300.0,50.0,0,0,0,0,0,0,0,350.0,NAO,,0,Marcela,ONLINE,4
30/05/2026,2026-05-30,IPHONE 15 PRO  256GB AZUL SEMINOVO,353864164761936,3600.0,25.0,3200.0,375.0,2300.0,0,0,0,1300.0,0,3600.0,0.0,SIM,IPH 12 PRO,1300.0,Ronald,CASES,19
30/05/2026,2026-05-30,PARTY BOX 120 PRETA,58035038,1800.0,0.0,1700.0,100.0,0,0,0,0,0,0,0,1800.0,NAO,,0,Ronald,CASES,19
30/05/2026,2026-05-30,IPHONE 16 PRO 256GB  PRETO SEMINOVO,359896928035433,4830.0,25.0,4500.0,305.0,0,0,0,0,1200.0,0,1200.0,3630.0,SIM,IPH 12,1200.0,Camila,CELL,1
30/05/2026,2026-05-30,MACBOOK AIR M5 13  512GB NOVO,K42L7RHF4J,7350.0,50.0,6750.0,550.0,1300.0,0,1619.0,0,0,0,2919.0,4431.0,NAO,,0,Ronald,CASES,19
30/05/2026,2026-05-30,IPHONE 17 PRO MAX 256GB AZUL NOVO,350552893601530,7950.0,25.0,7550.0,375.0,0,3.1,0,0,4850.0,0,4853.1,3096.9,SIM,IPH 16 PRO 256GB,4850.0,Higor Guedes,CELL,1
30/05/2026,2026-05-30,MACBOOK NEO SILVER 256GB NOVO,CR2N7W25Q1,4422.0,0.0,4300.0,122.0,0,0,0,0,0,0,0,4422.0,NAO,,0,Higor Guedes,CELL,1
30/05/2026,2026-05-30,REDMI NOTE 15 256GB VERDE NOVO,862795081570725,1242.0,0.0,1130.0,112.0,0,0,0,0,0,0,0,1242.0,NAO,,0,Higor Guedes,CELL,1
30/05/2026,2026-05-30,IPHONE 14 PRO SEMINOVO 512GB PRETO,354256834755639,3350.0,10.0,2800.0,540.0,1800.0,0,0,0,1550.0,0,3350.0,0.0,SIM,IPH 13,1550.0,Higor Guedes,CELL,1
30/05/2026,2026-05-30,IPHONE 16 PRO MAX 512GB PRETO SEMINOVO,357205981829942,5714.0,25.0,5150.0,539.0,4164.0,0,0,0,1550.0,0,5714.0,0.0,SIM,IPH 13,1550.0,Higor Guedes,CELL,1
30/05/2026,2026-05-30,IPHONE 13 PRO MAX 256GB AZUL SEMINOVO,351786564816337,2900.0,0.0,2800.0,100.0,0,0,0,0,0,0,0,2900.0,NAO,,0,Higor Guedes,CELL,1
30/05/2026,2026-05-30,IPHONE 11 128GB PRETO USADO,,1062.0,25.0,700.0,337.0,0,0,0,0,0,0,0,1062.0,NAO,,0,Ruyter,CASES,19
30/05/2026,2026-05-30,POCO X7 PRO 512GB PRETO NOVO,869471083013626,2140.0,0.0,1990.0,150.0,0,0,0,0,0,0,0,2140.0,NAO,,0,Guilherme,BLOCO B,20
31/05/2026,2026-05-31,IPHONE 16 PRO 256GB DESERT SEMINOVO,357592315867213,4700.0,25.0,4500.0,175.0,0,0,0,0,0,0,0,4700.0,NAO,,0,Marcela,ONLINE,4
31/05/2026,2026-05-31,IPHONE 16 PRO MAX 256GB DESERT SEMINOVO,54210973599126,5300.0,15.0,5000.0,285.0,500.0,0,0,0,0,0,500.0,4800.0,NAO,,0,Marcela,ONLINE,4
31/05/2026,2026-05-31,IPAD 11° A16 128GB SILVER NOVO,HGY4F5FC96,2500.0,150.0,2150.0,200.0,700.0,0,0,0,0,0,700.0,1800.0,NAO,,0,Marcela,ONLINE,4
31/05/2026,2026-05-31,POCO C85 PRETO 256GB NOVO,69385/65ZH01514,1000.0,0.0,890.0,110.0,0,0,1000.0,0,0,0,1000.0,0.0,NAO,,0,Renan,BLOCO B,20
31/05/2026,2026-05-31,IPHONE 16 128GB AZUL NOVO,353317874110720,4050.0,0.0,3950.0,100.0,0,0,0,0,0,0,0,4050.0,NAO,,0,Renan,BLOCO B,20
31/05/2026,2026-05-31,IPHONE 13 128GB AZUL SEMINOVO,352873836693105,1900.0,0.0,1780.0,120.0,0,0,0,0,0,0,0,1900.0,NAO,,0,Renan,BLOCO B,20
31/05/2026,2026-05-31,POCO C85 PRETO 256GB NOVO,69374/65YT14295,990.0,0.0,890.0,100.0,500.0,0,490.0,0,0,0,990.0,0.0,NAO,,0,Renan,BLOCO B,20
31/05/2026,2026-05-31,IPHONE 15 128GB PRETO SEMINOVO,356942573789859,2813.0,25.0,2660.0,128.0,0,0,0,2900.0,0,0,2900.0,-87.0,NAO,,0,Ronald,CASES,19
31/05/2026,2026-05-31,IPHONE 17 PRO 256GB AZUL NOVO,359477633520876,7300.0,0.0,7000.0,300.0,0,0,0,0,0,0,0,7300.0,NAO,,0,Ronald,CASES,19
31/05/2026,2026-05-31,JBL BOOMBOX 4 PRETO NOVO,TL1876-CQ0217088,2434.0,95.0,2190.0,149.0,2290.0,0,150.0,0,0,0,2440.0,-6.0,NAO,,0,Ronald,CASES,19
31/05/2026,2026-05-31,JBL BOOMBOX 4 BRANCA NOVO,TL1878-LP0013380,2276.0,0.0,2190.0,86.0,0,0,2440.0,0,0,0,2440.0,-164.0,NAO,,0,Ronald,CASES,19
31/05/2026,2026-05-31,PENCIL PRO NOVO,CTV20GVQFL,870.0,0.0,710.0,160.0,0,0,0,0,0,0,0,870.0,NAO,,0,Higor Guedes,CELL,1
31/05/2026,2026-05-31,IPHONE 13 128GB ROSA SEMINOVO,355958936427210,2147.0,25.0,1750.0,372.0,0,0,0,0,0,0,0,2147.0,NAO,,0,Higor Guedes,CELL,1
31/05/2026,2026-05-31,IPHONE 17 PRO MAX 256GB AZUL NOVO,355988219255368,7618.0,0.0,7230.0,388.0,5168.0,0,0,0,2450.0,0,7618.0,0.0,SIM,IPH 13 PRO,2450.0,Higor Guedes,CELL,1
31/05/2026,2026-05-31,IPHONE 14 PRO 128GB BRANCO SEMINOVO,352130217510063,2900.0,5.0,2700.0,195.0,0,0,1900.0,0,1000.0,0,2900.0,0.0,SIM,"IPHONE 12 AZUL, 128G",1000.0,Renan,BLOCO B,20
31/05/2026,2026-05-31,IPHONE 11 64GB PRETO SEMINOVO,357879829564513,850.0,25.0,600.0,225.0,0,0,0,0,0,0,0,850.0,NAO,,0,Yasmin,CELL,1
31/05/2026,2026-05-31,IPHONE 14 PRO 128GB BRANCO SEMINOVO,351284081590783,2950.0,25.0,2700.0,225.0,0,0,0,0,0,0,0,2950.0,NAO,,0,Guilherme,BLOCO B,20
31/05/2026,2026-05-31,POCO X7 PRO 512GB PRETO NOVO,869471083132525,2190.0,0.0,1990.0,200.0,0,0,0,0,0,0,0,2190.0,NAO,,0,Guilherme,BLOCO B,20
02/06/2026,2026-06-02,GALAXY A11+ 5G SPACE GRAY 128GB NOVO,356911420294546,2180.0,170.0,1700.0,310.0,0,0,0,0,0,0,0,2180.0,NAO,,0,Marcela,BALCAO,1
02/06/2026,2026-06-02,IPHONE 17 PRO MAX 256GB AZUL NOVO,355101476201071,7464.0,30.0,7250.0,184.0,120.0,0,0,0,2700.0,0,2820.0,4644.0,SIM,IPH 14 PRO MAX ROXO,2700.0,Marcela,ONLINE,4
02/06/2026,2026-06-02,IPHONE 14 PRO 256GB PRETO SEMINOVO,354542503453857,3050.0,10.0,2900.0,140.0,1734.0,0,1316.0,0,0,0,3050.0,0.0,NAO,,0,Renann,BLOCO B,20
02/06/2026,2026-06-02,IPHONE 13 PRO 256GB DOURADO SEMIINOVO,352725357604046,2700.0,25.0,2400.0,275.0,0,0,2095.46,0,11.0,0,2106.46,593.54,SIM,IPH,11.0,Ronald,CASES,19
02/06/2026,2026-06-02,MAGIC MOUSE 3 BRANCO NOVO,J84HN004QLB0000539,760.0,0.0,660.0,100.0,0,0,0,0,0,0,0,760.0,NAO,,0,Ronald,CASES,19
02/06/2026,2026-06-02,IPHONE 17 PRO MAX 256GB SILVER NOVO,357247257394938,7750.0,0.0,7500.0,250.0,400.0,2500.0,0,0,0,0,2900.0,4850.0,NAO,,0,Ronald,CASES,19
02/06/2026,2026-06-02,IPHONE 17 PRO MAX 256GB SILVER NOVO,357247256875010,7750.0,0.0,7500.0,250.0,0,0,0,0,6300.0,0,6300.0,1450.0,SIM,IPH 17 PRO SILVER,6300.0,Ronald,CASES,19
03/06/2026,2026-06-03,BOOMBOX 4 BRANCA NOVA,TL1878-AQ0021235,2405.0,20.0,2250.0,135.0,0,0,0,0,0,0,0,2405.0,NAO,,0,Marcela,ONLINE,4
03/06/2026,2026-06-03,IPHONE 12 PRO MAX 128GB GRAFITE SEMINOVO,351330881416677,2250.0,25.0,2000.0,275.0,2250.0,0,0,0,0,0,2250.0,0.0,NAO,,0,Marcela,BALCAO,1
03/06/2026,2026-06-03,IPHONE 16 PRO MAX 512GB PRETO SEMINOVO,355300181430419,6049.0,90.0,5150.0,809.0,0,0,0,0,0,0,0,6049.0,NAO,,0,Marcela,ONLINE,4
03/06/2026,2026-06-03,IPHONE 15 PRO MAX 256GB SEMINOVO,356371488105219,4010.0,33.0,3700.0,277.0,2220.0,0,0,0,0,0,2220.0,1790.0,NAO,,0,Marcela,ONLINE,4
03/06/2026,2026-06-03,NOTE 15 PRO 5G 256GB PRETO NOVO,863573083678542,1857.0,0.0,1680.0,177.0,0,0,0,0,0,0,0,1857.0,NAO,,0,Marcela,ONLINE,4
03/06/2026,2026-06-03,IPHONE 15 PRO MAX 256GB PRETO SEMINOVO,357275797266613,4140.0,40.0,3700.0,400.0,0,0,4700.0,0,0,0,4700.0,-560.0,NAO,,0,Ronald,CASES,19
03/06/2026,2026-06-03,IPHONE 17 PRO MAX 256GB SILVER NOVO,351668140730168,7750.0,0.0,7550.0,200.0,0,0,5331.09,0,0,0,5331.09,2418.91,NAO,,0,Ronald,CASES,19
03/06/2026,2026-06-03,POCO PAD M1 256GB PRETO NOVO,71114/Y5XS01610,1560.0,0.0,1510.0,50.0,0,0,0,0,0,0,0,1560.0,NAO,,0,Bianca,CASES,19
03/06/2026,2026-06-03,GALAXY A36 256GB PRETO NOVO,352230462132793,1514.0,0.0,1420.0,94.0,0,0,1514.0,0,0,0,1514.0,0.0,NAO,,0,Rennan,BLOCO B,20
03/06/2026,2026-06-03,T-REX 3 PRO PRETO NOVO,24449537045774,1899.0,0.0,1800.0,99.0,1899.0,0,0,0,0,0,1899.0,0.0,NAO,,0,Rennan,BLOCO B,20
03/06/2026,2026-06-03,IPHONE 14 128GB AZUL SEMINOVO,355536442174276,2240.0,25.0,1900.0,315.0,0,0,0,0,0,0,0,2240.0,NAO,,0,Guilherme,BLOCO B,20
04/06/2026,2026-06-04,IPHONE 17 PRO 256GB SILVER NOVO,357679992297861,7370.0,30.0,6950.0,390.0,4370.0,0,0,0,0,0,4370.0,3000.0,NAO,,0,Marcela,ONLINE,4
04/06/2026,2026-06-04,IPHONE 15 128GB AZUL SEMINOVO,351698471567244,2900.0,25.0,2660.0,215.0,1450.0,0,0,0,0,0,1450.0,1450.0,NAO,,0,Marcela,ONLINE,4
04/06/2026,2026-06-04,IPHONE 15 PRO MAX 256GB PRETO SEMINOVO,351465644827966,4400.0,23.0,4100.0,277.0,2500.0,0,0,0,0,0,2500.0,1900.0,NAO,,0,Marcela,ONLINE,4
04/06/2026,2026-06-04,IPHONE 16 PRO MAX 256GB DESERT NOVO,357590879692399,5970.0,0.0,5850.0,120.0,1990.0,0,3980.0,0,0,0,5970.0,0.0,NAO,,0,Rennan,BLOCO B,20
04/06/2026,2026-06-04,IPHONE 14 128GB BRANCO SEMINOVO,353687476380990,2100.0,0.0,1900.0,200.0,0,0,450.0,0,1650.0,0,2100.0,0.0,SIM,IPHONE 13 AZUL 128G,1650.0,Rennan,BLOCO B,20
04/06/2026,2026-06-04,IPHONE 15 128GB ROSA SEMINOVO,353850628182660,2950.0,35.0,2660.0,255.0,1000.0,0,0,0,0,0,1000.0,1950.0,NAO,,0,Marcela,ONLINE,4
04/06/2026,2026-06-04,IPHONE 17 256GB BRANCO NOVO,359973613643894,4700.0,25.0,4600.0,75.0,0,0,0,0,0,0,0,4700.0,NAO,,0,Marcela,ONLINE,4
04/06/2026,2026-06-04,IPHONE 17 256GB PRETO NOVO,351205581240124,4624.0,30.0,4500.0,94.0,0,0,0,0,0,0,0,4624.0,NAO,,0,Marcela,ONLINE,4
04/06/2026,2026-06-04,POCO X8 PRO MAX 512GB BRANCO NOVO,860534086640486,3050.0,0.0,2950.0,100.0,3050.0,0,0,0,0,0,3050.0,0.0,NAO,,0,Ronald,CASES,19
04/06/2026,2026-06-04,IPHONE 17 PRO MAX 256GB SILVER NOVO,351205745375915,7750.0,0.0,7500.0,250.0,0,4050.0,0,0,3700.0,0,7750.0,0.0,SIM,IPH 15 PRO MAX 256GB,3700.0,Ronald,CASES,19
04/06/2026,2026-06-04,POCO X8 PRO 512GB PRETO NOVO,V865532083172607,2500.0,0.0,2300.0,200.0,1000.0,0,1630.43,0,0,0,2630.4300000000003,-130.43,NAO,,0,Ronald,CASES,19
04/06/2026,2026-06-04,IPHONE 17 PRO MAX 256GB AZUL NOVO,359652120809905,7467.0,30.0,7230.0,207.0,0,0,5768.21,0,2100.0,0,7868.21,-401.21,SIM,IPH 13 PRO MAX,2100.0,Ronald,CASES,19
